"","pdb_aa","pdb_pos","pdb_aa_ev_rate","pdb_pos_ev_rate","ev_rate","pdb_aa_rsa","pdb_pos_rsa","rsa"
"1","E",1,"E",1,0.618670477675285,"E","E",0.0175299623929302
"2","D",2,"D",2,1.02381641750398,"D","D",0.236853871890831
"3","T",3,"T",3,0.98350872893153,"T","T",0.661412840890354
"4","I",4,"I",4,0.941036200895339,"I","I",0.366385445108879
"5","C",5,"C",5,0.712888738073376,"C","C",0.547891417693658
"6","I",6,"I",6,0.8181231960416,"I","I",0.317275120098271
"7","G",7,"G",7,0.51180183859619,"G","G",0.381241339843075
"8","Y",8,"Y",8,0.533555432720319,"Y","Y",0.0147890632127069
"9","H",9,"H",9,0.765647141549418,"H","H",0.30774967243299
"10","A",10,"A",10,0.965612896684579,"A","A",0.0326795959422093
"11","N",11,"N",11,4.55856260977776e-07,"N","N",0.651267586183707
"12","S",12,"S",12,0.568265682656827,"S","S",0.401448178943173
"13","T",13,"T",13,0.5363071193669,"T","T",0.614922763765095
"14","D",14,"D",14,0.842939666617495,"D","D",0.48991832073253
"15","T",15,"T",15,0.985152850473412,"T","T",0.0511730954278695
"16","V",16,"V",16,0.998357711418448,"V","V",0.26833243996397
"17","D",17,"D",17,0.544159861043393,"D","D",0
"18","T",18,"T",18,0.989780690146368,"T","T",0.0539794844326628
"19","V",19,"V",19,0.979659068933689,"V","V",0.306034519268145
"20","L",20,"L",20,0.981886388879725,"L","L",0.159956778422691
"21","E",21,"E",21,0.376027235081479,"E","E",0.316498897273972
"22","K",22,"K",22,0.526857062776135,"K","K",0.249670781810857
"23","N",23,"N",23,0.735633344009821,"N","N",0.0163632942991592
"24","V",24,"V",24,0.843269260276042,"V","V",0.00506309616667267
"25","V",25,"V",25,0.852639255932984,"V","V",0.421277086954847
"26","T",26,"T",26,0.907658707824127,"T","T",0.540822956270962
"27","H",27,"H",27,0.230287243302492,"H","H",0.314969018098925
"28","S",28,"S",28,0.983740990550578,"S","S",0.480559406482249
"29","V",29,"V",29,0.664415511950153,"V","V",0.324469770360856
"30","N",30,"N",30,0.850934029999035,"N","N",0.236442423421064
"31","L",31,"L",31,0.996327713476536,"L","L",0.0111872418226203
"32","L",32,"L",32,3.39916964938614e-06,"L","L",0.0204150104580949
"33","E",33,"E",33,0.588278768126677,"E","E",0.230400911731808
"34","D",34,"D",34,0.75383117718654,"D","D",0.0531752485706468
"35","S",35,"S",35,0.107408153630101,"S","S",0.376937864690595
"36","H",36,"H",36,0.386459917004366,"H","H",0.302281165182375
"37","N",37,"N",37,0.142403502441222,"N","N",0.282327675266475
"38","G",38,"G",38,0.207702332817638,"G","G",0.382922274085697
"39","K",39,"K",39,0.378114323189372,"K","K",0.0221319455570063
"40","L",40,"L",40,0.593770657896922,"L","L",0.072519354517861
"41","C",41,"C",41,0.241898166178438,"C","C",0
"42","K",42,"K",42,0.622560564270283,"K","K",0.03867936278163
"43","L",43,"L",43,0.727016606750996,"L","L",0.0114574802648526
"44","G",44,"G",44,0.987864859670155,"G","G",0.348983747639697
"45","I",45,"I",45,0.980242043144926,"I","I",0.0377843043359684
"46","A",46,"A",46,0.882677256810156,"A","A",0.419955395523328
"47","P",47,"P",47,0.918729010525124,"P","P",0.506892592195622
"48","L",48,"L",48,0.351760357141099,"L","L",0.0773144940397874
"49","Q",49,"Q",49,0.944780391285486,"Q","Q",0.44794657074077
"50","L",50,"L",50,0.44501747543782,"L","L",0.491163592105206
"51","G",51,"G",51,0.974961013020219,"G","G",0.249622919401487
"52","K",52,"K",52,0.00142976,"K","K",0.43590896525644
"53","C",53,"C",53,0.525949651358854,"C","C",0.00594959318498936
"54","N",54,"N",54,0.321499912230559,"N","N",0.132928774132396
"55","I",55,"I",55,0.94192259412851,"I","I",0.00183436820997015
"56","A",56,"A",56,0.666718626032576,"A","A",0
"57","G",57,"G",57,0.472884957861356,"G","G",0.0127776212005444
"58","W",58,"W",58,0.407502068060587,"W","W",0.0577874930360404
"59","L",59,"L",59,1.14291108944476,"L","L",0.182936179183457
"60","L",60,"L",60,0.210933593853764,"L","L",0.529344120303631
"61","G",61,"G",61,0.862314322479809,"G","G",0.619864391151652
"62","N",62,"N",62,0.149535774744556,"N","N",0.132370638811099
"63","P",63,"P",63,0.961580469691453,"P","P",0.50635319740704
"64","E",64,"E",64,0.880147213537149,"E","E",0.227709636543415
"65","C",65,"C",65,0.405848208961158,"C","C",0.313491851927417
"66","D",66,"D",66,0.447360091200708,"D","D",0.0779821857297785
"67","L",67,"L",67,0.121437546104801,"L","L",0.029757085669659
"68","L",68,"L",68,9.00786204554022e-05,"L","L",0.0508411094267359
"69","L",69,"L",69,0.644951494753514,"L","L",0.202411019335169
"70","T",70,"T",70,0.79860749232818,"T","T",0.377244937033647
"71","A",71,"A",71,0.353772501634074,"A","A",0.32984774121178
"72","S",72,"S",72,0.986175867002441,"S","S",0.482942348726255
"73","W",73,"W",73,0.00276181988307711,"W","W",0.212954544604032
"74","S",74,"S",74,0.223574922772129,"S","S",0.235577380100001
"75","Y",75,"Y",75,0.918030932790454,"Y","Y",0.418948147048295
"76","I",76,"I",76,0.705140325254599,"I","I",0
"77","V",77,"V",77,0.500943210984726,"V","V",0.0619992972158542
"78","E",78,"E",78,0.254305795279394,"E","E",0.343871077900993
"79","T",79,"T",79,0.842614211535964,"T","T",0.157241384642313
"80","S",80,"S",80,0.989006823351023,"S","S",0.00603570576734122
"81","N",81,"N",81,0.246480840344318,"N","N",0.00952752563654905
"82","S",82,"S",82,0.61111281801811,"S","S",0.127681041557603
"83","E",83,"E",83,0.314786544483824,"E","E",0.0274218119825186
"84","N",84,"N",84,0.905958243968763,"N","N",0.223106818580373
"85","G",85,"G",85,0.535865220298685,"G","G",0.168394702123365
"86","C",86,"C",86,0.529663216277138,"C","C",0.263314646886044
"87","Y",87,"Y",87,0.254326323959809,"Y","Y",0.183322483550927
"88","P",88,"P",88,0.913798525321116,"P","P",0.242373388192741
"89","G",89,"G",89,0.350771730699369,"G","G",0.489005219904756
"90","D",90,"D",90,1.08065162237949,"D","D",0.233897513856037
"91","F",91,"F",91,0.205456449079853,"F","F",0.40291922565259
"92","I",92,"I",92,0.509595272466688,"I","I",0.451309541885923
"93","D",93,"D",93,0.117856789292361,"D","D",0.513174679350549
"94","Y",94,"Y",94,0.372717548409315,"Y","Y",0.0368807341346312
"95","E",95,"E",95,0.616538722738487,"E","E",0.409757466607389
"96","E",96,"E",96,1.34264585220083e-07,"E","E",0.228044188769196
"97","L",97,"L",97,1.05361944324692,"L","L",0.246552310294022
"98","R",98,"R",98,0.218259964088971,"R","R",0.337223555733787
"99","E",99,"E",99,1.0096363813542,"E","E",0.552225099207037
"100","Q",100,"Q",100,0.229827898667147,"Q","Q",0.216526978190952
"101","L",101,"L",101,0.284358046297033,"L","L",0.431096563493956
"102","S",102,"S",102,0.710573332013772,"S","S",0.0841494734799485
"103","S",103,"S",103,1.13952233739468,"S","S",0.527888445880673
"104","V",104,"V",104,2.3217682458814,"V","V",0.149664871484304
"105","S",105,"S",105,0.802413891685622,"S","S",0.00638978547491772
"106","S",106,"S",106,0.105200340503745,"S","S",0.352176151432596
"107","F",107,"F",107,0.170567784853499,"F","F",0.222669985983582
"108","E",108,"E",108,1.01626282844992,"E","E",0.766723873640051
"109","K",109,"K",109,0.507260130967068,"K","K",0.595436720264639
"110","F",110,"F",110,0.438179272464524,"F","F",0.461726156999734
"111","E",111,"E",111,1.59131097924263,"E","E",0.401996436018423
"112","I",112,"I",112,1.71884332900098,"I","I",0.168467147940379
"113","F",113,"F",113,0.20207423580786,"F","F",0.0654146917335272
"114","P",114,"P",114,1.67221302466645,"P","P",0.0119617104831302
"115","S",115,"S",115,1.12676304736268,"S","S",0.0207786553799194
"116","W",116,"W",116,0.00181270119469441,"W","W",0.0317834025124491
"117","P",117,"P",117,1.48335520322281,"P","P",0
"118","N",118,"N",118,0.492192248105588,"N","N",0.119280716769719
"119","H",119,"H",119,0.810050226761745,"H","H",0.164851978734953
"120","E",120,"E",120,4.10713354425979,"E","E",0.308521502747473
"121","T",121,"T",121,0.61897936605556,"T","T",0.834880940169529
"122","T",122,"T",122,0.792247919725893,"T","T",0.538432012672249
"123","G",123,"G",123,1.0831476819986,"G","G",0.537448355225692
"124","V",124,"V",124,0.456183762217763,"V","V",0.126824356737749
"125","T",125,"T",125,1.28460005753801,"T","T",0.260357593823541
"126","A",126,"A",126,2.52616730184351,"A","A",0.397066796021359
"127","A",127,"A",127,3.32063810239706,"A","A",0.162030309744289
"128","C",128,"C",128,0.146944875707122,"C","C",0.366873656404727
"129","S",129,"S",129,2.27195821253546,"S","S",0.322935106316907
"130","Y",130,"Y",130,0.0144254205195762,"Y","Y",0.350241458383193
"131","A",131,"A",131,0.0222507421736847,"A","A",0.148529447744909
"132","G",132,"G",132,1.92545686357841,"G","G",0.288138434055872
"133","A",133,"A",133,0.42488657844018,"A","A",0.113657000245123
"134","S",134,"S",134,0.0391082590453719,"S","S",0.506141901296479
"135","S",135,"S",135,0.0388205242476779,"S","S",0.364019280544039
"136","F",136,"F",136,1.22680284198324,"F","F",0.572260019733208
"137","Y",137,"Y",137,0.191822291219579,"Y","Y",0.236245655735191
"138","R",138,"R",138,1.92444321373472,"R","R",0.19280939437142
"139","N",139,"N",139,2.18616063236164,"N","N",0.0918061071212698
"140","L",140,"L",140,3.21565744659565,"L","L",0.00829256537404975
"141","L",141,"L",141,0.077040838333168,"L","L",0.00198741235204023
"142","W",142,"W",142,0.00434939448036806,"W","W",0.0113883437799501
"143","L",143,"L",143,6.4801624123708,"L","L",0.0125005955999433
"144","T",144,"T",144,6.63262192827756,"T","T",0.0109800861746538
"145","K",145,"K",145,3.63141004862237,"K","K",0.00253273671405584
"146","K",146,"K",146,1.79079208663356,"K","K",0.008335605522311
"147","G",147,"G",147,3.04556210622588,"G","G",0.0300298339598105
"148","S",148,"S",148,2.8015906517039,"S","S",0.0282878149081132
"149","S",149,"S",149,2.82050701882593,"S","S",0.0848934253755889
"150","Y",150,"Y",150,0.324280761510857,"Y","Y",0.273766197763351
"151","P",151,"P",151,0.773900547371594,"P","P",0.510313077819286
"152","K",152,"K",152,0.500223869042887,"K","K",0.584450554414641
"153","L",153,"L",153,3.23042383727695,"L","L",0.322963558758223
"154","S",154,"S",154,0.360424879095276,"S","S",0.0859721795736205
"155","K",155,"K",155,2.58199612033824,"K","K",0.293873094808954
"156","S",156,"S",156,1.58425366032542,"S","S",0.55772204136498
"157","Y",157,"Y",157,0.259716356404789,"Y","Y",0.249043202707995
"158","V",158,"V",158,0.434433152018322,"V","V",0.0544323387057947
"159","N",159,"N",159,0.451782229577847,"N","N",0.193863060058983
"160","N",160,"N",160,0.295253917280556,"N","N",0.291849954417414
"161","K",161,"K",161,0.27265672472235,"K","K",0.557365681624739
"162","G",162,"G",162,0.109515844252393,"G","G",0.471197123850065
"163","K",163,"K",163,0.459823463972425,"K","K",0.201224071400713
"164","E",164,"E",164,4.31729221134104,"E","E",0.233079826221436
"165","V",165,"V",165,0.713272323419884,"V","V",0.0579139281467356
"166","L",166,"L",166,0.587247549674543,"L","L",0.147507125976573
"167","V",167,"V",167,0.0845555351867089,"V","V",0.0370913109175
"168","L",168,"L",168,1.49119849802317,"L","L",0.119349111793336
"169","W",169,"W",169,0.0105147056923343,"W","W",0.0984186483841454
"170","G",170,"G",170,0.658666666666667,"G","G",0.537296244108625
"171","V",171,"V",171,6.12766509949705,"V","V",0.562471045357832
"172","H",172,"H",172,4.97294715994984,"H","H",0.318449971226669
"173","H",173,"H",173,0.0258988678280689,"H","H",0.444588045288167
"174","P",174,"P",174,0.21432288236069,"P","P",0.430793624059738
"175","P",175,"P",175,0.0255437822085561,"P","P",0.392922645157175
"176","T",176,"T",176,0.458536165241226,"T","T",0.356093072545693
"177","G",177,"G",177,0.262110803101523,"G","G",0.387692281718379
"178","T",178,"T",178,1.0152575946449,"T","T",0.22057529199663
"179","D",179,"D",179,1.06904354078115,"D","D",0.351895431753219
"180","Q",180,"Q",180,0.574163692131083,"Q","Q",0.396925727107228
"181","Q",181,"Q",181,0.429637537958999,"Q","Q",0.286580634110175
"182","S",182,"S",182,1.00031987603027,"S","S",0.491101098792379
"183","L",183,"L",183,16.9000700967721,"L","L",0.290395453548748
"184","Y",184,"Y",184,0.298319114053718,"Y","Y",0.605180423700155
"185","Q",185,"Q",185,0.893675571784436,"Q","Q",0.435332978291233
"186","N",186,"N",186,1.16653819375373,"N","N",0.489387319596988
"187","A",187,"A",187,11.4982098337301,"A","A",0.699569323262272
"188","D",188,"D",188,0.464705113317389,"D","D",0.200015691774845
"189","A",189,"A",189,8.1341748294444,"A","A",0.360616401285653
"190","Y",190,"Y",190,258.76877288894,"Y","Y",0.0246801881571796
"191","V",191,"V",191,0.0790930841973339,"V","V",0.111020936231139
"192","S",192,"S",192,2.47506499072139,"S","S",0.0610277839653211
"193","V",193,"V",193,0.435004263180333,"V","V",0.0930268675164912
"194","G",194,"G",194,0.070037114114633,"G","G",0.0513147033655121
"195","S",195,"S",195,0.492930820536684,"S","S",0.111408340162023
"196","S",196,"S",196,0.0747157886486467,"S","S",0.112347826594755
"197","K",197,"K",197,0.251469964640714,"K","K",0.154792986947662
"198","Y",198,"Y",198,0.734617498125494,"Y","Y",0.13712839141574
"199","N",199,"N",199,0.430475849505618,"N","N",0.0565019902625821
"200","R",200,"R",200,0.452045064022834,"R","R",0.306705809929803
"201","R",201,"R",201,4.02091019027355,"R","R",0.412023528176583
"202","F",202,"F",202,3.49502592577877,"F","F",0.481261358566762
"203","T",203,"T",203,11.4755754248464,"T","T",0.315393841214703
"204","P",204,"P",204,0.290767662126347,"P","P",0.265030400751201
"205","E",205,"E",205,38.6871326020537,"E","E",0.0630273039004684
"206","I",206,"I",206,16.9623203955446,"I","I",0.204809228620676
"207","A",207,"A",207,0.437657207008768,"A","A",0.107690534343513
"208","A",208,"A",208,0.843413277719847,"A","A",0.203759765570024
"209","R",209,"R",209,3.3017698552322,"R","R",0.131733065095371
"210","P",210,"P",210,1.37894391314572,"P","P",0.107048220434783
"211","K",211,"K",211,0.37975591560342,"K","K",0.0658805170479231
"212","V",212,"V",212,1.17174364416555,"V","V",0
"213","R",213,"R",213,3.20208291922542,"R","R",0
"214","D",214,"D",214,1.01022858188787,"D","D",0
"215","Q",215,"Q",215,0.886108910600593,"Q","Q",0.0165171979915814
"216","A",216,"A",216,1.90619453443442,"A","A",0.00231891830316981
"217","G",217,"G",217,3.45079326255979,"G","G",0.173325052801385
"218","R",218,"R",218,3.02400776008407,"R","R",0.138051324968394
"219","M",219,"M",219,0.408257256533463,"M","M",0.0148363192485057
"220","N",220,"N",220,0.104913719059889,"N","N",0.0421934791752426
"221","Y",221,"Y",221,1.7207067454774,"Y","Y",0.122444821791978
"222","Y",222,"Y",222,0.760104631400042,"Y","Y",0.236184698248421
"223","W",223,"W",223,0.110796527332352,"W","W",0.408017003573492
"224","T",224,"T",224,2.35993292810732,"T","T",0.450900856312162
"225","L",225,"L",225,2.12851439028448,"L","L",0.509444304141087
"226","L",226,"L",226,0.206999475855344,"L","L",0.357561772397171
"227","E",227,"E",227,0.993694994475177,"E","E",0.131200679264507
"228","P",228,"P",228,1.0000994837504,"P","P",0.0612691288687647
"229","G",229,"G",229,1.00021320370548,"G","G",0.0583113990023706
"230","D",230,"D",230,0.316903138649345,"D","D",0.0300659026269357
"231","T",231,"T",231,0.394876939915247,"T","T",0.350491990836325
"232","I",232,"I",232,20.5043205503963,"I","I",0.166840592330758
"233","T",233,"T",233,0.866781846646966,"T","T",0.416172868235073
"234","F",234,"F",234,0.090092233868906,"F","F",0.347175480871184
"235","E",235,"E",235,10.0256088786944,"E","E",0.536041275151486
"236","A",236,"A",236,0.333278906084223,"A","A",0.36538137752141
"237","T",237,"T",237,1.03992032932516,"T","T",0.253168950188955
"238","G",238,"G",238,0.803573516309409,"G","G",0.747641303662909
"239","N",239,"N",239,0.435755896561523,"N","N",0.411914587177722
"240","L",240,"L",240,2.98506307233036,"L","L",0.403317268812072
"241","I",241,"I",241,44.3152007236864,"I","I",0.203767556612913
"242","A",242,"A",242,0.175693464077225,"A","A",0.214153215002672
"243","P",243,"P",243,0.763351113114467,"P","P",0.162508824469994
"244","W",244,"W",244,1.62056261783859,"W","W",0.00509789715251786
"245","Y",245,"Y",245,0.968360178616889,"Y","Y",0
"246","A",246,"A",246,4.64971866930201,"A","A",0.114469851680418
"247","F",247,"F",247,0.435466689392164,"F","F",0.317887803501555
"248","A",248,"A",248,0.435795135607552,"A","A",0.208967059675125
"249","L",249,"L",249,1.1242205717074,"L","L",0.00386476735444371
"250","N",250,"N",250,1.9664114458168,"N","N",0.00610995654348731
"251","R",251,"R",251,0.295232616176741,"R","R",0.386594956758806
"252","G",252,"G",252,0.255044923103158,"G","G",0.463850675338707
"253","S",253,"S",253,0.508474877344313,"S","S",0.325884044195552
"254","S",254,"S",254,30.2309846085441,"S","S",0.128941725918593
"255","G",255,"G",255,34.3203837180054,"G","G",0.0343786450900837
"256","I",256,"I",256,1.07708691766503,"I","I",0.0124713434006273
"257","I",257,"I",257,0.627455860009431,"I","I",0.161099946781031
"258","T",258,"T",258,2.63932920565736,"T","T",0.1585542111979
"259","S",259,"S",259,1.00044072121895,"S","S",0.126237027956737
"260","D",260,"D",260,0.747919257629389,"D","D",0.278521952258367
"261","A",261,"A",261,0.418873426029829,"A","A",0.161565688916394
"262","P",262,"P",262,14.8408526048038,"P","P",0.180481366893736
"263","V",263,"V",263,0.271881898875694,"V","V",0.0252262117574829
"264","H",264,"H",264,1.01786353560593,"H","H",0.0934149744723654
"265","D",265,"D",265,0.413355914820113,"D","D",0.194671668666397
"266","C",266,"C",266,1.07621163228165,"C","C",0.191335835217816
"267","N",267,"N",267,13.4138891671189,"N","N",0.0541952254647862
"268","T",268,"T",268,0.434836981429703,"T","T",0.124143964730593
"269","K",269,"K",269,2.77296470168095,"K","K",0.201544498115856
"270","C",270,"C",270,0.38906803966965,"C","C",0.113730025298172
"271","Q",271,"Q",271,0.864279068910566,"Q","Q",0.29177571007154
"272","T",272,"T",272,29.6854500892206,"T","T",0.376169100456995
"273","P",273,"P",273,0.274397206205747,"P","P",0.363660248118247
"274","H",274,"H",274,0.331788755804589,"H","H",0.394892921507829
"275","G",275,"G",275,1.01986239080576,"G","G",0.194542342917721
"276","A",276,"A",276,0.434370087980711,"A","A",0.206070314673271
"277","I",277,"I",277,0.457244060045023,"I","I",0.0257110867694279
"278","N",278,"N",278,0.416043968322695,"N","N",0.00489373635500775
"279","S",279,"S",279,0.688169934557838,"S","S",0.0414131772770872
"280","S",280,"S",280,0.00450734194083703,"S","S",0.0616630014329712
"281","L",281,"L",281,2.7987142312878,"L","L",0.00676528459089908
"282","P",282,"P",282,5.24866163194314,"P","P",0.114231068617989
"283","F",283,"F",283,0.325911459026252,"F","F",0.103799225609877
"284","Q",284,"Q",284,0.994132214179481,"Q","Q",0.155002932413557
"285","N",285,"N",285,0.0873496291445411,"N","N",0.496476757506126
"286","I",286,"I",286,1.01967027831814,"I","I",0.304898479942349
"287","H",287,"H",287,0.398134709150697,"H","H",0.357672641209437
"288","P",288,"P",288,0.328166936767884,"P","P",0.14645576060562
"289","V",289,"V",289,1.00980455465151,"V","V",0.239233592124567
"290","T",290,"T",290,0.447073368290915,"T","T",0.298203343589142
"291","I",291,"I",291,2.59452711906323,"I","I",0.154188501441426
"292","G",292,"G",292,2.56498977641928,"G","G",0.492023346077058
"293","E",293,"E",293,0.315526400886959,"E","E",0.489428828646162
"294","C",294,"C",294,0.956057145201882,"C","C",0.522073453909135
"295","P",295,"P",295,1.00004263346941,"P","P",0.0886717992653014
"296","K",296,"K",296,0.999130360705082,"K","K",0.14111932686278
"297","Y",297,"Y",297,2.16056831003753,"Y","Y",0.614814102361962
"298","V",298,"V",298,0.995294418697222,"V","V",0.273026178009218
"299","R",299,"R",299,0.700449805001433,"R","R",0.18665574720666
"300","S",300,"S",300,0.578110080461921,"S","S",0.342795757862697
"301","T",301,"T",301,1.04213624583488,"T","T",0.584086230908538
"302","K",302,"K",302,51.9100667222333,"K","K",0.174397130849777
"303","L",303,"L",303,8.72149443521801,"L","L",0.0512719586967605
"304","R",304,"R",304,0.719122719761267,"R","R",0.0751154146734808
"305","M",305,"M",305,1.71151675631898,"M","M",0.00353747133220502
"306","A",306,"A",306,0.318572161674304,"A","A",0.135065633062181
"307","T",307,"T",307,0.437968288705649,"T","T",0.0894947686174019
"308","G",308,"G",308,6.21062163863458,"G","G",0.269880220204838
"309","L",309,"L",309,11.4464582714885,"L","L",0.148305492642251
"310","R",310,"R",310,0.426014826995165,"R","R",0.470529749476397
"311","N",311,"N",311,0.432504944595848,"N","N",0.389981795574057
"312","I",312,"I",312,3.86719389711751,"I","I",0.73255991305926
"313","P",313,"P",313,1.00013501845844,"P","P",0.520908285991994
"314","S",314,"S",314,0.300189306673239,"S","S",0.392435504334375
"315","I",315,"I",315,0.958940124419559,"I","I",0.2550271629778
"316","Q",316,"Q",316,0.974134380785936,"Q","Q",0.25917889917793
"317","S",317,"S",317,1.00035539002278,"S","S",0.390017810830008
"318","R",318,"R",318,1.00401991767551,"R","R",0.128548205382383
"319","G",319,"G",319,0.591089562495228,"G","G",0.417685343087859
"320","W",320,"W",320,0.123527953839128,"W","W",0.393537138840819
"321","Y",321,"Y",321,4.77747937101043,"Y","Y",0.398257218920358
