"","pdb_aa","pdb_pos","pdb_aa_seq_ent","pdb_pos_seq_ent","seq_ent","pdb_aa_rmsf","pdb_pos_rmsf","rmsf"
"1","S",1,"S",1,0.0587582934139733,"S","S",0.348286550387244
"2","M",2,"M",2,0.405438751304252,"M","M",0.359449731570308
"3","S",3,"S",3,0.0293898140944704,"S","S",0.26164174287081
"4","Y",4,"Y",4,0,"Y","Y",0.244595551010406
"5","S",5,"S",5,0.228196045304035,"S","S",0.28943509265666
"6","W",6,"W",6,NA,"W","W",0.311328881362248
"7","T",7,"T",7,NA,"T","T",0.420286960700785
"8","G",8,"G",8,NA,"G","G",0.422784738736963
"9","A",9,"A",9,NA,"A","A",0.403290281774643
"10","L",10,"L",10,0.436051426590332,"L","L",0.418495529013199
"11","I",11,"I",11,0.510455592934108,"I","I",0.272986048676074
"12","T",12,"T",12,0.0293898140944704,"T","T",0.270667697817863
"13","P",13,"P",13,0.174900785878353,"P","P",0.326487814647493
"14","C",14,"C",14,0.274967402193651,"C","C",0.338527897050194
"15","S",15,"S",15,1.10696075768175,"S","S",0.580523517603948
"16","P",16,"P",16,0.712114124419459,"P","P",0.290579708411971
"17","E",17,"E",17,0.0293898140944704,"E","E",0.274474362966014
"18","E",18,"E",18,0.0881053387262835,"E","E",0.603040507223966
"19","E",19,"E",19,0.669332828638237,"E","E",0.607604254089528
"20","K",20,"K",20,0.140346272473241,"K","K",0.420373098161103
"21","L",21,"L",21,0.0587582934139733,"L","L",0.497160640062591
"22","P",22,"P",22,0.0587582934139733,"P","P",0.682059326089414
"23","I",23,"I",23,0.179723349415354,"I","I",0.924997989610836
"24","N",24,"N",24,0.696646616387757,"N","N",0.884478583932387
"25","P",25,"P",25,0.179723349415354,"P","P",0.678277570874733
"26","L",26,"L",26,0.0881053387262835,"L","L",0.502422314572651
"27","S",27,"S",27,NA,"S","S",0.537718224342184
"28","N",28,"N",28,NA,"N","N",0.56765825172881
"29","S",29,"S",29,NA,"S","S",0.457973889885718
"30","L",30,"L",30,0.0587582934139733,"L","L",0.365498067020664
"31","L",31,"L",31,1.11774145556677,"L","L",0.543913666566357
"32","R",32,"R",32,0,"R","R",0.558569883935756
"33","Y",33,"Y",33,0.994037165551321,"Y","Y",0.455151366734685
"34","H",34,"H",34,0.0587582934139733,"H","H",0.456162843189392
"35","N",35,"N",35,0,"N","N",0.498465934760696
"36","K",36,"K",36,1.0402707433559,"K","K",0.467183799754661
"37","V",37,"V",37,0.0293898140944704,"V","V",0.399544073819179
"38","Y",38,"Y",38,0,"Y","Y",0.408194864571391
"39","C",39,"C",39,0.758880871452643,"C","C",0.309492128993112
"40","T",40,"T",40,0,"T","T",0.201538295803428
"41","T",41,"T",41,0.215987944781961,"T","T",0.202769231130179
"42","S",42,"S",42,0.336463626903311,"S","S",0.195217490494966
"43","K",43,"K",43,0.441803348010016,"K","K",0.254066394168707
"44","S",44,"S",44,0.12118091264209,"S","S",0.203437146295685
"45","A",45,"A",45,0.0293898140944704,"A","A",0.173133495533166
"46","S",46,"S",46,1.16250608169059,"S","S",0.288386664395863
"47","Q",47,"Q",47,1.11656237372829,"Q","Q",0.250466215848091
"48","R",48,"R",48,0,"R","R",0.179874094683934
"49","A",49,"A",49,0.719342768015891,"A","A",0.209102972191948
"50","K",50,"K",50,0.0918770367635605,"K","K",0.296361197786241
"51","K",51,"K",51,0.0293898140944704,"K","K",0.272897336127504
"52","V",52,"V",52,0,"V","V",0.203802969910108
"53","T",53,"T",53,0,"T","T",0.281904899772857
"54","F",54,"F",54,0,"F","F",0.368526022344192
"55","D",55,"D",55,0.111042396594711,"D","D",0.410543723221296
"56","R",56,"R",56,0,"R","R",0.365924188193412
"57","T",57,"T",57,1.15652115045009,"T","T",0.543917381169723
"58","Q",58,"Q",58,0,"Q","Q",0.291969691987486
"59","V",59,"V",59,0.605087271111881,"V","V",0.290005719903584
"60","L",60,"L",60,0.747528783336786,"L","L",0.30173226247229
"61","D",61,"D",61,0,"D","D",0.363177546545413
"62","A",62,"A",62,1.60018147850599,"A","A",0.433674696606574
"63","H",63,"H",63,0.496074453498895,"H","H",0.466640924823451
"64","Y",64,"Y",64,0.0523698401369231,"Y","Y",0.355631902647576
"65","D",65,"D",65,1.60892808518108,"D","D",0.44719445697715
"66","S",66,"S",66,1.3245896852753,"S","S",0.424166638311101
"67","V",67,"V",67,0.58277121274752,"V","V",0.367030600262168
"68","L",68,"L",68,0.307570521614219,"L","L",0.305501150824161
"69","K",69,"K",69,0.765205547198803,"K","K",0.441778122218978
"70","D",70,"D",70,0.693136562331278,"D","D",0.421335203189272
"71","I",71,"I",71,0.846131182185099,"I","I",0.415500756362362
"72","K",72,"K",72,0,"K","K",0.378589144223182
"73","L",73,"L",73,1.53134094003926,"L","L",0.399196813897542
"74","A",74,"A",74,0.974627643895727,"A","A",0.453911577746416
"75","A",75,"A",75,0,"A","A",0.392632839827818
"76","S",76,"S",76,0.12118091264209,"S","S",0.409922101302252
"77","K",77,"K",77,1.4905925101695,"K","K",0.430046247830716
"78","V",78,"V",78,0,"V","V",0.34343009700286
"79","S",79,"S",79,1.30198930534643,"S","S",0.413888206862359
"80","A",80,"A",80,0.0293898140944704,"A","A",0.450136010454503
"81","R",81,"R",81,0.80511633657114,"R","R",0.52745837150157
"82","L",82,"L",82,0.278159157585905,"L","L",0.344508332460626
"83","L",83,"L",83,0,"L","L",0.49853630910329
"84","T",84,"T",84,0.647611251641993,"T","T",0.568240828257654
"85","L",85,"L",85,1.26290475792271,"L","L",0.515959416441311
"86","E",86,"E",86,0,"E","E",0.538752337601203
"87","E",87,"E",87,0.226713849433454,"E","E",0.521917283131471
"88","A",88,"A",88,0,"A","A",0.430482912203364
"89","C",89,"C",89,0.0293898140944704,"C","C",0.452675850221306
"90","Q",90,"Q",90,1.29528626961416,"Q","Q",0.450377887221879
"91","L",91,"L",91,0,"L","L",0.398085264394231
"92","T",92,"T",92,0.0293898140944704,"T","T",0.39823432527314
"93","P",93,"P",93,0.0293898140944704,"P","P",0.46597854152539
"94","P",94,"P",94,0.46514949474764,"P","P",0.619685647815557
"95","H",95,"H",95,0.12118091264209,"H","H",0.528902019665774
"96","S",96,"S",96,0,"S","S",0.406662056225349
"97","A",97,"A",97,0.0293898140944704,"A","A",0.395989159313101
"98","R",98,"R",98,0.675190257518626,"R","R",0.500221285462691
"99","S",99,"S",99,0,"S","S",0.399049923890655
"100","K",100,"K",100,0.717265419337591,"K","K",0.496279051144263
"101","Y",101,"Y",101,0.702176093375514,"Y","Y",0.536666124451384
"102","G",102,"G",102,0.0293898140944704,"G","G",0.512033168508095
"103","F",103,"F",103,0.719300098008659,"F","F",0.606771414456981
"104","G",104,"G",104,0.0817168854492333,"G","G",0.625628718955412
"105","A",105,"A",105,0.0293898140944704,"A","A",0.493379578850182
"106","K",106,"K",106,0.367192988324925,"K","K",0.556856479241592
"107","E",107,"E",107,0.671488520281692,"E","E",0.578711486029216
"108","V",108,"V",108,0,"V","V",0.484321681153402
"109","R",109,"R",109,0,"R","R",0.571832652693377
"110","S",110,"S",110,0.443820435818008,"S","S",0.6267387107187
"111","L",111,"L",111,0.760968276824858,"L","L",0.587864776873703
"112","S",112,"S",112,0.909866415831979,"S","S",0.730415890662024
"113","G",113,"G",113,1.00687865622953,"G","G",0.711761135292413
"114","R",114,"R",114,0.745506303693272,"R","R",0.646075071789892
"115","A",115,"A",115,0,"A","A",0.547156099220238
"116","V",116,"V",116,0.865554726625619,"V","V",0.561461893679041
"117","N",117,"N",117,0.524397830131485,"N","N",0.634977135319478
"118","H",118,"H",118,0.0293898140944704,"H","H",0.497062066710816
"119","I",119,"I",119,0.0293898140944704,"I","I",0.392915194175768
"120","K",120,"K",120,1.26297163466818,"K","K",0.50032999477117
"121","S",121,"S",121,0.0817168854492333,"S","S",0.463753217046679
"122","V",122,"V",122,0,"V","V",0.301545697284425
"123","W",123,"W",123,0,"W","W",0.296808444815314
"124","K",124,"K",124,0.604765401307798,"K","K",0.410036148584729
"125","D",125,"D",125,0.0293898140944704,"D","D",0.336179724846317
"126","L",126,"L",126,0,"L","L",0.266907180687103
"127","L",127,"L",127,0.200960525792712,"L","L",0.359954856915156
"128","E",128,"E",128,0.168193339656409,"E","E",0.415452049128386
"129","D",129,"D",129,0.0293898140944704,"D","D",0.248780590274587
"130","P",130,"P",130,1.58600312625436,"P","P",0.286677002549095
"131","Q",131,"Q",131,1.88162641731518,"Q","Q",0.233970853536752
"132","T",132,"T",132,0.142505867392738,"T","T",0.228190844012827
"133","P",133,"P",133,0.111042396594711,"P","P",0.219940243194894
"134","I",134,"I",134,0.0523698401369231,"I","I",0.192992254057953
"135","P",135,"P",135,1.02216403249588,"P","P",0.181929276116802
"136","T",136,"T",136,0.0293898140944704,"T","T",0.203225245323173
"137","T",137,"T",137,0.15685150447682,"T","T",0.200287770211953
"138","I",138,"I",138,0.280427125262085,"I","I",0.19020193855653
"139","M",139,"M",139,0.0293898140944704,"M","M",0.179978036567651
"140","A",140,"A",140,0.0918770367635605,"A","A",0.169990190224999
"141","K",141,"K",141,0,"K","K",0.163210542701613
"142","N",142,"N",142,0.14407459792272,"N","N",0.190628431967856
"143","E",143,"E",143,0.0293898140944704,"E","E",0.168661719129759
"144","V",144,"V",144,0,"V","V",0.24227105356002
"145","F",145,"F",145,0,"F","F",0.299593211282819
"146","C",146,"C",146,0.566954819498208,"C","C",0.357098977840811
"147","V",147,"V",147,0.610235065862552,"V","V",0.396703666001926
"148","D",148,"D",148,0.779280597580718,"D","D",0.656040492947193
"149","P",149,"P",149,0.625069038656222,"P","P",NA
"150","A",150,"A",150,1.72105660863122,"A","A",NA
"151","K",151,"K",151,0.142505867392738,"K","K",NA
"152","G",152,"G",152,0,"G","G",NA
"153","G",153,"G",153,0,"G","G",NA
"154","K",154,"K",154,0.693051613795806,"K","K",0.490355581665919
"155","K",155,"K",155,0,"K","K",0.327434405804066
"156","P",156,"P",156,0.600087698586986,"P","P",0.215321406079424
"157","A",157,"A",157,0.0587582934139733,"A","A",0.157973662437818
"158","R",158,"R",158,0.0523698401369231,"R","R",0.163263438896261
"159","L",159,"L",159,0,"L","L",0.164771371979683
"160","I",160,"I",160,0.109650902883146,"I","I",0.173888664968615
"161","V",161,"V",161,0,"V","V",0.201818792241186
"162","Y",162,"Y",162,0.239217093816513,"Y","Y",0.195477215753746
"163","P",163,"P",163,0,"P","P",0.187686994244259
"164","D",164,"D",164,0.0293898140944704,"D","D",0.224140243488446
"165","L",165,"L",165,0,"L","L",0.266899031049402
"166","G",166,"G",166,0.343870504676337,"G","G",0.2375639216441
"167","V",167,"V",167,0.0587582934139733,"V","V",0.17348739358045
"168","R",168,"R",168,0.0293898140944704,"R","R",0.230825856750542
"169","V",169,"V",169,0.0587582934139733,"V","V",0.295551194380362
"170","C",170,"C",170,0.0293898140944704,"C","C",0.255411241723515
"171","E",171,"E",171,0.0293898140944704,"E","E",0.224863049925504
"172","K",172,"K",172,0.0293898140944704,"K","K",0.306348569981394
"173","M",173,"M",173,0.930018548893039,"M","M",0.320205131475104
"174","A",174,"A",174,0.0587582934139733,"A","A",0.265715155396223
"175","L",175,"L",175,0.0293898140944704,"L","L",0.278113077963693
"176","Y",176,"Y",176,0.571805555611179,"Y","Y",0.36359392910199
"177","D",177,"D",177,0.179723349415354,"D","D",0.377812602445427
"178","I",178,"I",178,0.946701956125172,"I","I",0.435887811358228
"179","T",179,"T",179,1.25637940901758,"T","T",0.678141825547385
"180","Q",180,"Q",180,0.950876747111287,"Q","Q",0.855984266859756
"181","K",181,"K",181,0.343839353565923,"K","K",0.659419161564404
"182","L",182,"L",182,0.0293898140944704,"L","L",0.329095818342384
"183","P",183,"P",183,NA,"P","P",0.323154952210328
"184","Q",184,"Q",184,NA,"Q","Q",0.488242084711983
"185","A",185,"A",185,NA,"A","A",0.565014976368661
"186","V",186,"V",186,NA,"V","V",0.454625926715213
"187","M",187,"M",187,NA,"M","M",0.352092017656569
"188","G",188,"G",188,NA,"G","G",0.210416023545148
"189","A",189,"A",189,NA,"A","A",0.252583751643285
"190","S",190,"S",190,NA,"S","S",0.230374034312818
"191","Y",191,"Y",191,NA,"Y","Y",0.235042123086105
"192","G",192,"G",192,NA,"G","G",0.279800626070846
"193","F",193,"F",193,NA,"F","F",0.375091608307456
"194","Q",194,"Q",194,NA,"Q","Q",0.431840142913791
"195","Y",195,"Y",195,NA,"Y","Y",0.38450676298089
"196","S",196,"S",196,NA,"S","S",0.370469074949733
"197","P",197,"P",197,NA,"P","P",0.364312536746855
"198","A",198,"A",198,NA,"A","A",0.366983978157879
"199","Q",199,"Q",199,NA,"Q","Q",0.34387886848491
"200","R",200,"R",200,NA,"R","R",0.302942464519305
"201","V",201,"V",201,NA,"V","V",0.217403583071418
"202","E",202,"E",202,NA,"E","E",0.280994838918514
"203","Y",203,"Y",203,NA,"Y","Y",0.277468499270931
"204","L",204,"L",204,NA,"L","L",0.235263200151157
"205","L",205,"L",205,NA,"L","L",0.312984882921692
"206","K",206,"K",206,NA,"K","K",0.485950076687596
"207","A",207,"A",207,NA,"A","A",0.459637617840425
"208","W",208,"W",208,NA,"W","W",0.311658850170705
"209","A",209,"A",209,NA,"A","A",0.417473263529597
"210","E",210,"E",210,NA,"E","E",0.492680940742026
"211","K",211,"K",211,NA,"K","K",0.461761792294934
"212","K",212,"K",212,NA,"K","K",0.512903715739463
"213","D",213,"D",213,NA,"D","D",0.450105037280213
"214","P",214,"P",214,NA,"P","P",0.368930114700881
"215","M",215,"M",215,NA,"M","M",0.304995189876581
"216","G",216,"G",216,NA,"G","G",0.246354112438712
"217","F",217,"F",217,NA,"F","F",0.26057622259312
"218","S",218,"S",218,NA,"S","S",0.277921226478001
"219","Y",219,"Y",219,NA,"Y","Y",0.233382315628765
"220","D",220,"D",220,NA,"D","D",0.200573264877752
"221","T",221,"T",221,NA,"T","T",0.219651756920767
"222","R",222,"R",222,NA,"R","R",0.227841197198351
"223","C",223,"C",223,NA,"C","C",0.19063359782703
"224","F",224,"F",224,NA,"F","F",0.175202012110732
"225","D",225,"D",225,NA,"D","D",0.176177777460417
"226","S",226,"S",226,NA,"S","S",0.173220486022365
"227","T",227,"T",227,NA,"T","T",0.228355854811128
"228","V",228,"V",228,NA,"V","V",0.208600791731631
"229","T",229,"T",229,NA,"T","T",0.228977355982505
"230","E",230,"E",230,NA,"E","E",0.255784718028958
"231","R",231,"R",231,NA,"R","R",0.328573947022816
"232","D",232,"D",232,NA,"D","D",0.244021742556616
"233","I",233,"I",233,NA,"I","I",0.19206186594993
"234","R",234,"R",234,NA,"R","R",0.286604184111334
"235","T",235,"T",235,NA,"T","T",0.340155602276252
"236","E",236,"E",236,NA,"E","E",0.302889507711014
"237","E",237,"E",237,NA,"E","E",0.305782360253285
"238","S",238,"S",238,NA,"S","S",0.311947480935123
"239","I",239,"I",239,NA,"I","I",0.286771983405154
"240","Y",240,"Y",240,NA,"Y","Y",0.254834561726733
"241","Q",241,"Q",241,NA,"Q","Q",0.302313371954213
"242","A",242,"A",242,NA,"A","A",0.434897025625304
"243","C",243,"C",243,NA,"C","C",0.468363572123447
"244","S",244,"S",244,NA,"S","S",0.499173380141238
"245","L",245,"L",245,NA,"L","L",0.444623168852763
"246","P",246,"P",246,NA,"P","P",0.657606789268132
"247","E",247,"E",247,NA,"E","E",0.583710964704841
"248","E",248,"E",248,NA,"E","E",0.495718653842129
"249","A",249,"A",249,NA,"A","A",0.35761511580064
"250","R",250,"R",250,NA,"R","R",0.348652677955458
"251","T",251,"T",251,NA,"T","T",0.303390639515131
"252","A",252,"A",252,NA,"A","A",0.289237003570605
"253","I",253,"I",253,NA,"I","I",0.245569077405573
"254","H",254,"H",254,NA,"H","H",0.207738843003041
"255","S",255,"S",255,NA,"S","S",0.157659126328662
"256","L",256,"L",256,NA,"L","L",0.15956878588164
"257","T",257,"T",257,NA,"T","T",0.165073893533188
"258","E",258,"E",258,NA,"E","E",0.179960959210773
"259","R",259,"R",259,NA,"R","R",0.156564190691392
"260","L",260,"L",260,NA,"L","L",0.151720023124314
"261","Y",261,"Y",261,NA,"Y","Y",0.136766560107121
"262","V",262,"V",262,NA,"V","V",0.160704887856757
"263","G",263,"G",263,NA,"G","G",0.190343508567351
"264","G",264,"G",264,NA,"G","G",0.23367049181666
"265","P",265,"P",265,0,"P","P",0.255087989594664
"266","M",266,"M",266,0.0523698401369231,"M","M",0.298433567131546
"267","F",267,"F",267,1.76874673218813,"F","F",0.258970614341108
"268","N",268,"N",268,0,"N","N",0.262940135198523
"269","S",269,"S",269,0.0587582934139733,"S","S",0.319505960691891
"270","K",270,"K",270,0.54293997309144,"K","K",0.337743478589753
"271","G",271,"G",271,0.0729171504036829,"G","G",0.363400424190543
"272","Q",272,"Q",272,0.469179338698565,"Q","Q",0.330278202361622
"273","T",273,"T",273,1.29567042289364,"T","T",0.343074266239122
"274","C",274,"C",274,0.0587582934139733,"C","C",0.36272257200713
"275","G",275,"G",275,0,"G","G",0.378071704110048
"276","Y",276,"Y",276,0.657236550033769,"Y","Y",0.257456841371853
"277","R",277,"R",277,0.0293898140944704,"R","R",0.252629346900282
"278","R",278,"R",278,0.0293898140944704,"R","R",0.233659031036147
"279","C",279,"C",279,0.0293898140944704,"C","C",0.199478755405483
"280","R",280,"R",280,0.0293898140944704,"R","R",0.179435065399355
"281","A",281,"A",281,0.0293898140944704,"A","A",0.187379001005452
"282","S",282,"S",282,0.0587582934139733,"S","S",0.237514935856778
"283","G",283,"G",283,0,"G","G",0.205742445959983
"284","V",284,"V",284,0.0293898140944704,"V","V",0.22397819249792
"285","L",285,"L",285,0.921553688083019,"L","L",0.266691574865905
"286","T",286,"T",286,0.528420250565445,"T","T",0.196149004215589
"287","T",287,"T",287,0.0293898140944704,"T","T",0.215006959400304
"288","S",288,"S",288,0.0587582934139733,"S","S",0.225599482940559
"289","M",289,"M",289,0.98857416150588,"M","M",0.187707608698439
"290","G",290,"G",290,0,"G","G",0.14596361953311
"291","N",291,"N",291,0,"N","N",0.174158251202039
"292","T",292,"T",292,0,"T","T",0.159578281442334
"293","I",293,"I",293,1.17379662671172,"I","I",0.125580953996691
"294","T",294,"T",294,0,"T","T",0.167196196097021
"295","C",295,"C",295,0,"C","C",0.224116096984791
"296","Y",296,"Y",296,0.268298839763238,"Y","Y",0.259713273420568
"297","V",297,"V",297,1.0526934371692,"V","V",0.290003717849275
"298","K",298,"K",298,0,"K","K",0.245687632798048
"299","A",299,"A",299,0.0523698401369231,"A","A",0.250184607824446
"300","L",300,"L",300,1.54375724763365,"L","L",0.296630387065347
"301","A",301,"A",301,0,"A","A",0.302058330789526
"302","A",302,"A",302,0.0729171504036829,"A","A",0.302479996737898
"303","C",303,"C",303,0.628557818997302,"C","C",0.336065606130759
"304","K",304,"K",304,0.753259674720383,"K","K",0.34375254522306
"305","A",305,"A",305,0.0817168854492333,"A","A",0.377200431611355
"306","A",306,"A",306,0.0293898140944704,"A","A",0.454346588753506
"307","G",307,"G",307,0.684546167519226,"G","G",0.420159727515546
"308","I",308,"I",308,0.832036304976532,"I","I",0.452360988454423
"309","V",309,"V",309,1.72147192229626,"V","V",0.446904311448397
"310","A",310,"A",310,1.09308107871407,"A","A",0.492551840774588
"311","P",311,"P",311,1.3961138108687,"P","P",0.453553427909924
"312","T",312,"T",312,1.37212659219938,"T","T",0.329300456359285
"313","M",313,"M",313,0.104653943317661,"M","M",0.240459169242727
"314","L",314,"L",314,0,"L","L",0.248687061584755
"315","V",315,"V",315,0,"V","V",0.194763931840484
"316","C",316,"C",316,0.0918770367635605,"C","C",0.187985844261377
"317","G",317,"G",317,0,"G","G",0.170745167623111
"318","D",318,"D",318,0,"D","D",0.19286145241043
"319","D",319,"D",319,0.0293898140944704,"D","D",0.249381938735442
"320","L",320,"L",320,0,"L","L",0.268553025949203
"321","V",321,"V",321,0.0293898140944704,"V","V",0.247031363016719
"322","V",322,"V",322,0.253729790035761,"V","V",0.308812139590746
"323","I",323,"I",323,0.200545561967023,"I","I",0.295711612581959
"324","S",324,"S",324,1.08453228531588,"S","S",0.312575961579384
"325","E",325,"E",325,0.0523698401369231,"E","E",0.389982902022174
"326","S",326,"S",326,0,"S","S",0.408451187367075
"327","Q",327,"Q",327,1.48479984837704,"Q","Q",0.442814221769357
"328","G",328,"G",328,0.0293898140944704,"G","G",0.41163479702679
"329","T",329,"T",329,1.08577396001969,"T","T",0.463677852149992
"330","E",330,"E",330,1.30557702810053,"E","E",0.484119387910245
"331","E",331,"E",331,0.0587582934139733,"E","E",0.420191400204854
"332","D",332,"D",332,0.0293898140944704,"D","D",0.379575502302504
"333","E",333,"E",333,1.71412815359442,"E","E",0.371236688036213
"334","R",334,"R",334,1.09891371093844,"R","R",0.292956008722149
"335","N",335,"N",335,1.16929661106563,"N","N",0.285753505795859
"336","L",336,"L",336,0.0587582934139733,"L","L",0.260404239250771
"337","R",337,"R",337,0.281538108805967,"R","R",0.282257604417765
"338","A",338,"A",338,0.258822115084228,"A","A",0.279750687184176
"339","F",339,"F",339,0,"F","F",0.26157098403018
"340","T",340,"T",340,0.0729171504036829,"T","T",0.250944349244395
"341","E",341,"E",341,0.433175305641163,"E","E",0.284853430176671
"342","A",342,"A",342,0,"A","A",0.324394109373763
"343","M",343,"M",343,0,"M","M",0.256552550404471
"344","T",344,"T",344,0.0293898140944704,"T","T",0.275792302458974
"345","R",345,"R",345,0,"R","R",0.306662745144987
"346","Y",346,"Y",346,0.0293898140944704,"Y","Y",0.267862660549244
"347","S",347,"S",347,0.0293898140944704,"S","S",0.221709439172807
"348","A",348,"A",348,0,"A","A",0.242589918549006
"349","P",349,"P",349,0.157854077070025,"P","P",0.345983107679704
"350","P",350,"P",350,0.0523698401369231,"P","P",0.256725947770586
"351","G",351,"G",351,0,"G","G",0.207804809963316
"352","D",352,"D",352,0,"D","D",0.310877585822255
"353","P",353,"P",353,1.61337173244258,"P","P",0.288335498755982
"354","P",354,"P",354,0,"P","P",0.187611318841454
"355","R",355,"R",355,1.26564474416641,"R","R",0.263534864129655
"356","P",356,"P",356,0.0817168854492333,"P","P",0.206384949646566
"357","E",357,"E",357,0.951892507519099,"E","E",0.319198205072947
"358","Y",358,"Y",358,0,"Y","Y",0.371778944743148
"359","D",359,"D",359,0,"D","D",0.34074298990169
"360","L",360,"L",360,0,"L","L",0.324881145356378
"361","E",361,"E",361,0.0523698401369231,"E","E",0.451042572755481
"362","L",362,"L",362,0.38042254697939,"L","L",0.635840208564299
"363","I",363,"I",363,0.0523698401369231,"I","I",0.627079040025583
"364","T",364,"T",364,0.0587582934139733,"T","T",0.694648885777579
"365","S",365,"S",365,0,"S","S",0.792097487805592
"366","C",366,"C",366,0.0293898140944704,"C","C",0.394923573728982
"367","S",367,"S",367,0,"S","S",0.371600354801744
"368","S",368,"S",368,0.0918770367635605,"S","S",0.437375525280838
"369","N",369,"N",369,0,"N","N",0.48814721567723
"370","V",370,"V",370,0.0729171504036829,"V","V",0.480456634970883
"371","S",371,"S",371,0,"S","S",0.472926933095918
"372","V",372,"V",372,0.0293898140944704,"V","V",0.486527792432607
"373","A",373,"A",373,0.0293898140944704,"A","A",0.439437230777087
"374","L",374,"L",374,0.91311057710115,"L","L",0.492488289527446
"375","G",375,"G",375,0.377291137479571,"G","G",0.641292139109482
"376","P",376,"P",376,1.92212420583595,"P","P",1.09127607460465
"377","R",377,"R",377,1.56875098146258,"R","R",1.21975586457481
"378","G",378,"G",378,0,"G","G",1.13237036994512
"379","R",379,"R",379,1.06732509428338,"R","R",0.826627773378754
"380","R",380,"R",380,0.314903972343921,"R","R",0.623973593212967
"381","R",381,"R",381,1.12737066340653,"R","R",0.495036201975187
"382","Y",382,"Y",382,0,"Y","Y",0.430131626207949
"383","Y",383,"Y",383,0.606507863641558,"Y","Y",0.444736798563084
"384","L",384,"L",384,0.109650902883146,"L","L",0.493240236105834
"385","T",385,"T",385,0,"T","T",0.390292070844327
"386","R",386,"R",386,0.0293898140944704,"R","R",0.352461685496497
"387","D",387,"D",387,0.0293898140944704,"D","D",0.371292204302682
"388","P",388,"P",388,0.285914165695736,"P","P",0.263923560070165
"389","T",389,"T",389,0.935673672396105,"T","T",0.317675734875111
"390","T",390,"T",390,0.533797711243784,"T","T",0.250823697991264
"391","P",391,"P",391,0.0817168854492333,"P","P",0.18029846628666
"392","L",392,"L",392,0.706959877707183,"L","L",0.245443091945381
"393","A",393,"A",393,1.06114147790974,"A","A",0.271598396170601
"394","R",394,"R",394,0.0293898140944704,"R","R",0.192191352753633
"395","A",395,"A",395,0.0293898140944704,"A","A",0.258288565091216
"396","A",396,"A",396,0.0293898140944704,"A","A",0.310941606202262
"397","W",397,"W",397,0.0293898140944704,"W","W",0.325525464806419
"398","E",398,"E",398,0,"E","E",0.315900127968854
"399","T",399,"T",399,0,"T","T",0.377764638303821
"400","V",400,"V",400,0.717805878554431,"V","V",0.554749499676543
"401","R",401,"R",401,0.0918770367635605,"R","R",0.599683396633888
"402","H",402,"H",402,0,"H","H",0.735725548520962
"403","S",403,"S",403,0.764204289479786,"S","S",0.489208244822918
"404","P",404,"P",404,0.0293898140944704,"P","P",0.692634252229074
"405","I",405,"I",405,0.138933041440826,"I","I",0.598653842029659
"406","N",406,"N",406,0.0587582934139733,"N","N",0.683012948697873
"407","S",407,"S",407,0.0293898140944704,"S","S",0.284879377202542
"408","W",408,"W",408,0.102242661549161,"W","W",0.234207598727668
"409","L",409,"L",409,0.0587582934139733,"L","L",0.196601039617967
"410","G",410,"G",410,0,"G","G",0.17765950558961
"411","N",411,"N",411,0.0293898140944704,"N","N",0.208134845103632
"412","I",412,"I",412,0,"I","I",0.260846788067835
"413","I",413,"I",413,0.0729171504036829,"I","I",0.249021059204784
"414","Q",414,"Q",414,1.20018297440646,"Q","Q",0.238597338584476
"415","Y",415,"Y",415,0.285914165695736,"Y","Y",0.253504972466621
"416","A",416,"A",416,0,"A","A",0.270160745844271
"417","P",417,"P",417,0,"P","P",0.360024632089354
"418","T",418,"T",418,0.239217093816513,"T","T",0.319723834089149
"419","I",419,"I",419,0.164535161092753,"I","I",0.340991034447512
"420","W",420,"W",420,0,"W","W",0.19905205152636
"421","V",421,"V",421,0.226713849433454,"V","V",0.250578030187992
"422","R",422,"R",422,0,"R","R",0.254560141567593
"423","M",423,"M",423,0.0523698401369231,"M","M",0.136930383839166
"424","V",424,"V",424,0.186816057983446,"V","V",0.155958779431137
"425","L",425,"L",425,0.8704757991389,"L","L",0.173988794790206
"426","M",426,"M",426,0.21383318063341,"M","M",0.168641818373913
"427","T",427,"T",427,0.0293898140944704,"T","T",0.15961425428796
"428","H",428,"H",428,0,"H","H",0.200938291735073
"429","F",429,"F",429,0,"F","F",0.226987292294615
"430","F",430,"F",430,0.0523698401369231,"F","F",0.232418142325728
"431","S",431,"S",431,0.793317751765888,"S","S",0.278168264331909
"432","I",432,"I",432,0.287926562083018,"I","I",0.410942499768849
"433","L",433,"L",433,0,"L","L",0.437076811230164
"434","M",434,"M",434,1.03869979056548,"M","M",0.604646734456459
"435","V",435,"V",435,0.962090155406611,"V","V",0.736062594036477
"436","Q",436,"Q",436,0.0881053387262835,"Q","Q",0.773030876204011
"437","D",437,"D",437,0.693136562331278,"D","D",0.795775570957488
"438","T",438,"T",438,1.20030258119478,"T","T",0.685244147704136
"439","L",439,"L",439,0,"L","L",0.520161666816933
"440","D",440,"D",440,1.40902262327356,"D","D",0.481524671757841
"441","Q",441,"Q",441,1.0744377878205,"Q","Q",0.444280342291156
"442","N",442,"N",442,1.16759764025612,"N","N",0.394621564991947
"443","L",443,"L",443,0.0587582934139733,"L","L",0.357580206269675
"444","N",444,"N",444,0.765109103353194,"N","N",0.404383860071841
"445","F",445,"F",445,0.0293898140944704,"F","F",0.61722996658984
"446","E",446,"E",446,0.692286860336786,"E","E",0.826162806242829
"447","M",447,"M",447,0.628693371375609,"M","M",0.977306245646175
"448","Y",448,"Y",448,0,"Y","Y",0.84993359739552
"449","G",449,"G",449,0,"G","G",0.936824613228476
"450","S",450,"S",450,0.946196640700763,"S","S",0.807276395326206
"451","V",451,"V",451,0.771497556630245,"V","V",0.477398165196459
"452","Y",452,"Y",452,0,"Y","Y",0.522301914974049
"453","S",453,"S",453,0.0817168854492333,"S","S",0.576031758382917
"454","V",454,"V",454,0.635444112894656,"V","V",0.407033216128443
"455","N",455,"N",455,1.159950892107,"N","N",0.450566371402271
"456","P",456,"P",456,0,"P","P",0.415758959685594
"457","L",457,"L",457,0.0817168854492333,"L","L",0.503139190460481
"458","D",458,"D",458,0.142505867392738,"D","D",0.513728660385652
"459","L",459,"L",459,0,"L","L",0.42578987425432
"460","P",460,"P",460,0.0293898140944704,"P","P",0.522487056952925
"461","A",461,"A",461,0.834973462193678,"A","A",0.672613513023829
"462","I",462,"I",462,0.0729171504036829,"I","I",0.534875635029286
"463","I",463,"I",463,0.0293898140944704,"I","I",0.495252665523441
"464","E",464,"E",464,0.693136562331278,"E","E",0.657346376001573
"465","R",465,"R",465,0,"R","R",0.79363705879122
"466","L",466,"L",466,0.21383318063341,"L","L",0.676626025198356
"467","H",467,"H",467,0,"H","H",0.644119878355061
"468","G",468,"G",468,0,"G","G",0.759494490433425
"469","L",469,"L",469,0.659728395379553,"L","L",0.711998601804708
"470","D",470,"D",470,1.36364717943233,"D","D",0.565946331022877
"471","A",471,"A",471,0,"A","A",0.470578005624655
"472","F",472,"F",472,0,"F","F",0.433754850220715
"473","S",473,"S",473,0.48351962738207,"S","S",0.500694596188059
"474","M",474,"M",474,0.109650902883146,"M","M",0.442688312554831
"475","H",475,"H",475,0,"H","H",0.465562095379105
"476","T",476,"T",476,0.967295490720435,"T","T",0.446541088365838
"477","Y",477,"Y",477,0,"Y","Y",0.411181901572247
"478","S",478,"S",478,0.21383318063341,"S","S",0.503686907568656
"479","H",479,"H",479,0.109650902883146,"H","H",0.60555057876922
"480","H",480,"H",480,1.211019488414,"H","H",0.758620120354746
"481","E",481,"E",481,0.0293898140944704,"E","E",0.481253722769034
"482","L",482,"L",482,0.0729171504036829,"L","L",0.436992991761959
"483","T",483,"T",483,0.973008431542482,"T","T",0.560496062016722
"484","R",484,"R",484,0,"R","R",0.475707807274246
"485","V",485,"V",485,0,"V","V",0.367980409636099
"486","A",486,"A",486,0.477874704025907,"A","A",0.423543050088993
"487","S",487,"S",487,0.835098287556187,"S","S",0.589799846009476
"488","A",488,"A",488,1.33618360820495,"A","A",0.465672076551973
"489","L",489,"L",489,0,"L","L",0.371011567715017
"490","R",490,"R",490,0,"R","R",0.468151974634986
"491","K",491,"K",491,0.12118091264209,"K","K",0.474847895097769
"492","L",492,"L",492,0,"L","L",0.370187470007381
"493","G",493,"G",493,0,"G","G",0.526369997409753
"494","A",494,"A",494,0.637140349536248,"A","A",0.406120061460015
"495","P",495,"P",495,0.0293898140944704,"P","P",0.412324944502917
"496","P",496,"P",496,0,"P","P",0.413446024839479
"497","L",497,"L",497,0.0293898140944704,"L","L",0.341076689625444
"498","R",498,"R",498,0,"R","R",0.443042118812779
"499","V",499,"V",499,0.244930054990211,"V","V",0.385940471620487
"500","W",500,"W",500,0,"W","W",0.295410859435212
"501","K",501,"K",501,0.693136562331278,"K","K",0.261138765424106
"502","S",502,"S",502,0.745506303693272,"S","S",0.250492979109171
"503","R",503,"R",503,0,"R","R",0.261045762695818
"504","A",504,"A",504,0,"A","A",0.218405410369683
"505","R",505,"R",505,0,"R","R",0.238938829486413
"506","A",506,"A",506,0.0881053387262835,"A","A",0.371679698736447
"507","V",507,"V",507,0,"V","V",0.340632848122814
"508","R",508,"R",508,0,"R","R",0.340712174856037
"509","A",509,"A",509,0,"A","A",0.507112051529629
"510","S",510,"S",510,0.904821940805562,"S","S",0.570220233402577
"511","L",511,"L",511,0,"L","L",0.600224972726753
"512","I",512,"I",512,0.0817168854492333,"I","I",0.71163543916186
"513","S",513,"S",513,0.636271113777019,"S","S",0.799000844723443
"514","R",514,"R",514,0.456058649462829,"R","R",0.853051305520586
"515","G",515,"G",515,0,"G","G",0.953136921791901
"516","G",516,"G",516,0.138933041440826,"G","G",1.04394088200706
"517","K",517,"K",517,0.866181226238048,"K","K",0.830365373428594
"518","A",518,"A",518,0.0293898140944704,"A","A",0.66675196541155
"519","A",519,"A",519,0.529044317465477,"A","A",0.736872794996296
"520","V",520,"V",520,0.649561087877226,"V","V",0.722387032240418
"521","C",521,"C",521,0.0293898140944704,"C","C",0.511841839274471
"522","G",522,"G",522,0,"G","G",0.479655374361505
"523","R",523,"R",523,1.15640750503525,"R","R",0.554262516928849
"524","Y",524,"Y",524,0.0293898140944704,"Y","Y",0.542492247293671
"525","L",525,"L",525,0,"L","L",0.341263303302925
"526","F",526,"F",526,0,"F","F",0.317141159285353
"527","N",527,"N",527,0.0881053387262835,"N","N",0.391926910267174
"528","W",528,"W",528,0,"W","W",0.34053280942149
"529","A",529,"A",529,0,"A","A",0.281913843410994
"530","V",530,"V",530,0.15444022270832,"V","V",0.47139578999091
"531","K",531,"K",531,0.513104726022065,"K","K",0.725168842008848
"532","T",532,"T",532,0,"T","T",0.434941669547742
"533","K",533,"K",533,0.0293898140944704,"K","K",0.467101424962685
"534","L",534,"L",534,0.379653605065092,"L","L",0.648661240741472
"535","K",535,"K",535,0.171744221263811,"K","K",0.71925821176711
"536","L",536,"L",536,0,"L","L",0.757185060058812
"537","T",537,"T",537,0,"T","T",0.902851138070891
"538","P",538,"P",538,0,"P","P",0.813115452091656
"539","L",539,"L",539,0.104653943317661,"L","L",0.770384422337835
"540","P",540,"P",540,1.1436502201232,"P","P",0.778559190451184
"541","E",541,"E",541,1.42323531255046,"E","E",0.679540061202747
"542","A",542,"A",542,0.12515808415064,"A","A",0.60887770850009
"543","R",543,"R",543,1.36497451866285,"R","R",1.0914645798072
"544","L",544,"L",544,1.75753323377477,"L","L",1.18497052282672
"545","L",545,"L",545,0.12118091264209,"L","L",0.998056404028693
"546","D",546,"D",546,0,"D","D",1.41020586080045
"547","L",547,"L",547,0.0293898140944704,"L","L",0.830177369516405
"548","S",548,"S",548,0.0729171504036829,"S","S",2.07769068549422
"549","S",549,"S",549,0.799862314719503,"S","S",1.55394425242837
"550","W",550,"W",550,0,"W","W",0.705530537666294
"551","F",551,"F",551,0,"F","F",0.85175968032213
"552","T",552,"T",552,0.758921756658432,"T","T",1.26321819271522
"553","V",553,"V",553,0.853442364743088,"V","V",2.49062299717695
"554","G",554,"G",554,0.0587582934139733,"G","G",2.18978173574945
"555","A",555,"A",555,1.16394005869676,"A","A",2.17134339227821
"556","G",556,"G",556,0.950681295557062,"G","G",2.76882132883714
"557","G",557,"G",557,0.0523698401369231,"G","G",2.52573156428045
"558","G",558,"G",558,0.235766726046827,"G","G",2.10318758492269
"559","D",559,"D",559,0.0293898140944704,"D","D",0.57623541336603
"560","I",560,"I",560,0.389436457149496,"I","I",0.364849158481702
"561","F",561,"F",561,0.780176961161191,"F","F",0.426731451491958
"562","H",562,"H",562,0.0817168854492333,"H","H",0.80477202956133
"563","S",563,"S",563,0.140346272473241,"S","S",NA
