res_num	res_name	rmsf
NA 	 - 	 NA
NA 	 - 	 NA
NA 	 - 	 NA
NA 	 - 	 NA
NA 	 - 	 NA
NA 	 - 	 NA
NA 	 - 	 NA
NA 	 - 	 NA
NA 	 - 	 NA
NA 	 - 	 NA
NA 	 - 	 NA
NA 	 - 	 NA
NA 	 - 	 NA
NA 	 - 	 NA
NA 	 - 	 NA
NA 	 - 	 NA
NA 	 - 	 NA
NA 	 - 	 NA
NA 	 - 	 NA
NA 	 - 	 NA
NA 	 - 	 NA
NA 	 - 	 NA
NA 	 - 	 NA
NA 	 - 	 NA
NA 	 - 	 NA
NA 	 - 	 NA
NA 	 - 	 NA
NA 	 - 	 NA
NA 	 - 	 NA
NA 	 - 	 NA
NA 	 - 	 NA
NA 	 - 	 NA
NA 	 - 	 NA
NA 	 - 	 NA
NA 	 - 	 NA
NA 	 - 	 NA
NA 	 - 	 NA
NA 	 - 	 NA
NA 	 - 	 NA
NA 	 - 	 NA
NA 	 - 	 NA
NA 	 - 	 NA
NA 	 - 	 NA
NA 	 - 	 NA
NA 	 - 	 NA
NA 	 - 	 NA
NA 	 - 	 NA
NA 	 - 	 NA
NA 	 - 	 NA
NA 	 - 	 NA
NA 	 - 	 NA
NA 	 - 	 NA
NA 	 - 	 NA
NA 	 - 	 NA
NA 	 - 	 NA
NA 	 - 	 NA
NA 	 - 	 NA
NA 	 - 	 NA
NA 	 - 	 NA
NA 	 - 	 NA
NA 	 - 	 NA
NA 	 - 	 NA
NA 	 - 	 NA
NA 	 - 	 NA
NA 	 - 	 NA
NA 	 - 	 NA
NA 	 - 	 NA
NA 	 - 	 NA
NA 	 - 	 NA
NA 	 - 	 NA
NA 	 - 	 NA
NA 	 - 	 NA
NA 	 - 	 NA
NA 	 - 	 NA
NA 	 - 	 NA
NA 	 - 	 NA
NA 	 - 	 NA
NA 	 - 	 NA
NA 	 - 	 NA
NA 	 - 	 NA
NA 	 - 	 NA
NA 	 - 	 NA
NA 	 - 	 NA
NA 	 - 	 NA
NA 	 - 	 NA
NA 	 - 	 NA
NA 	 - 	 NA
NA 	 - 	 NA
NA 	 - 	 NA
NA 	 - 	 NA
NA 	 - 	 NA
NA 	 - 	 NA
NA 	 - 	 NA
NA 	 - 	 NA
NA 	 - 	 NA
NA 	 - 	 NA
NA 	 - 	 NA
NA 	 - 	 NA
NA 	 - 	 NA
NA 	 - 	 NA
NA 	 - 	 NA
NA 	 - 	 NA
NA 	 - 	 NA
NA 	 - 	 NA
NA 	 - 	 NA
NA 	 - 	 NA
NA 	 - 	 NA
NA 	 - 	 NA
NA 	 - 	 NA
NA 	 - 	 NA
NA 	 - 	 NA
NA 	 - 	 NA
NA 	 - 	 NA
NA 	 - 	 NA
NA 	 - 	 NA
NA 	 - 	 NA
NA 	 - 	 NA
NA 	 - 	 NA
NA 	 - 	 NA
NA 	 - 	 NA
NA 	 - 	 NA
NA 	 - 	 NA
NA 	 - 	 NA
NA 	 - 	 NA
NA 	 - 	 NA
NA 	 - 	 NA
NA 	 - 	 NA
NA 	 - 	 NA
NA 	 - 	 NA
NA 	 - 	 NA
NA 	 - 	 NA
NA 	 - 	 NA
NA 	 - 	 NA
NA 	 - 	 NA
NA 	 - 	 NA
NA 	 - 	 NA
NA 	 - 	 NA
NA 	 - 	 NA
NA 	 - 	 NA
NA 	 - 	 NA
NA 	 - 	 NA
NA 	 - 	 NA
NA 	 - 	 NA
NA 	 - 	 NA
NA 	 - 	 NA
NA 	 - 	 NA
NA 	 - 	 NA
NA 	 - 	 NA
NA 	 - 	 NA
NA 	 - 	 NA
NA 	 - 	 NA
NA 	 - 	 NA
NA 	 - 	 NA
NA 	 - 	 NA
NA 	 - 	 NA
NA 	 - 	 NA
NA 	 - 	 NA
NA 	 - 	 NA
NA 	 - 	 NA
NA 	 - 	 NA
NA 	 - 	 NA
NA 	 - 	 NA
NA 	 - 	 NA
NA 	 - 	 NA
NA 	 - 	 NA
1 	 G 	 NA
2 	 S 	 NA
3 	 A 	 NA
4 	 M 	 NA
5 	 G 	 NA
6 	 E 	 NA
7 	 P 	 NA
8 	 D 	 NA
9 	 Y 	 NA
10 	 E 	 NA
11 	 V 	 NA
12 	 D 	 NA
13 	 E 	 NA
14 	 D 	 NA
15 	 I 	 NA
16 	 F 	 NA
17 	 R 	 NA
18 	 K 	 NA
19 	 K 	 1.39469549670524
20 	 R 	 0.707574805552663
21 	 L 	 0.472060000305065
22 	 T 	 0.503828790465586
23 	 I 	 0.676762477001229
24 	 M 	 0.685251005510203
25 	 D 	 1.36043086360343
26 	 L 	 1.66193649709845
27 	 H 	 1.75591176157099
28 	 P 	 1.95081492656271
29 	 G 	 1.59399654988912
30 	 A 	 3.12017032489575
31 	 G 	 2.35544884481058
32 	 K 	 3.13313977993472
33 	 T 	 2.64034236047914
34 	 K 	 1.41773756230216
35 	 R 	 1.22318314647161
36 	 I 	 0.881072901398332
37 	 L 	 0.59511696994188
38 	 P 	 0.670864024034039
39 	 S 	 0.814957035449666
40 	 I 	 0.531743463948326
41 	 V 	 0.447501313935986
42 	 R 	 0.641599873574495
43 	 E 	 0.635740623284823
44 	 A 	 0.404785157043623
45 	 L 	 0.633480867600677
46 	 L 	 0.728442036661343
47 	 R 	 0.689442089333345
48 	 R 	 0.698490289479899
49 	 L 	 0.475721994011618
50 	 R 	 0.486654239528774
51 	 T 	 0.303312141129502
52 	 L 	 0.295788989346853
53 	 I 	 0.311247862072425
54 	 L 	 0.354352745706602
55 	 A 	 0.467427556324664
56 	 P 	 0.563871038340518
57 	 T 	 0.532009181231607
58 	 R 	 0.824143167802979
59 	 V 	 0.75686687382437
60 	 V 	 0.542123473471573
61 	 A 	 0.487833514476136
62 	 A 	 0.770184526559728
63 	 E 	 0.658016187576606
64 	 M 	 0.537863994294401
65 	 E 	 0.725912830140867
66 	 E 	 0.84253307569773
67 	 A 	 0.665066957376931
68 	 L 	 0.58027884194748
69 	 R 	 0.682237178717343
70 	 G 	 0.726093016908863
71 	 L 	 0.807207178012992
72 	 P 	 0.799356572942545
73 	 I 	 0.726387652877022
74 	 R 	 0.726480728231604
75 	 Y 	 0.646243755628194
76 	 Q 	 0.787837838730823
77 	 T 	 NA
78 	 P 	 NA
79 	 A 	 NA
80 	 V 	 NA
81 	 K 	 NA
82 	 S 	 NA
83 	 D 	 NA
84 	 H 	 NA
85 	 T 	 NA
86 	 G 	 NA
87 	 R 	 2.14959390585728
88 	 E 	 1.35536847899143
89 	 I 	 1.17472996502885
90 	 V 	 0.599326758900347
91 	 D 	 0.375009694394293
92 	 L 	 0.443605806588172
93 	 M 	 0.431327853671489
94 	 C 	 0.458784687389109
95 	 H 	 0.634400008792848
96 	 A 	 0.727011073263728
97 	 T 	 0.692317339821328
98 	 F 	 0.623388076111844
99 	 T 	 0.748599499027635
100 	 T 	 0.827777735312689
101 	 R 	 0.681232522601664
102 	 L 	 0.610809309209481
103 	 L 	 0.718140404397219
104 	 S 	 0.986619278008264
105 	 S 	 1.88102806859647
106 	 T 	 NA
107 	 R 	 1.65075604059918
108 	 V 	 1.67246382892093
109 	 P 	 0.700288761273043
110 	 N 	 0.442490916518538
111 	 Y 	 0.375847426639659
112 	 N 	 0.411061376803751
113 	 L 	 0.23075264612414
114 	 I 	 0.286066487089082
115 	 V 	 0.306571759289221
116 	 M 	 0.442728105220327
117 	 D 	 0.498420252254097
118 	 E 	 0.68717160652073
119 	 A 	 0.594412411006464
120 	 H 	 0.641447857630839
121 	 F 	 0.590519407434658
122 	 T 	 0.649675110510433
123 	 D 	 0.674530902645141
124 	 P 	 0.468768198000138
125 	 C 	 0.503430233505321
126 	 S 	 0.561355813346684
127 	 V 	 0.535918334165794
128 	 A 	 0.490378609692752
129 	 A 	 0.522669318684869
130 	 R 	 0.531968182225447
131 	 G 	 0.522158808857722
132 	 Y 	 0.52698633902051
133 	 I 	 0.505830261921348
134 	 S 	 0.509604236195358
135 	 T 	 0.604855287192153
136 	 R 	 0.643332344007478
137 	 V 	 0.493190290559075
138 	 E 	 0.606567217683463
139 	 M 	 0.73227351486369
140 	 G 	 0.641890670528696
141 	 E 	 0.64494431173724
142 	 A 	 0.505696472369205
143 	 A 	 0.315568499693411
144 	 A 	 0.455815559582818
145 	 I 	 0.478235568675447
146 	 F 	 0.453981312597351
147 	 M 	 0.465573450409065
148 	 T 	 0.452609519626066
149 	 A 	 0.606673867481893
150 	 T 	 0.413178995558005
151 	 P 	 0.594788710135673
152 	 P 	 0.86311747299668
153 	 G 	 0.958676125067344
154 	 S 	 0.894035208779889
155 	 T 	 0.918243540702237
156 	 D 	 0.810576927689871
157 	 P 	 0.681866612453891
158 	 F 	 0.663564049143225
159 	 P 	 0.798599052702271
160 	 Q 	 0.936782297851051
161 	 S 	 0.862832173579413
162 	 N 	 0.937302185944289
163 	 S 	 0.737980046227466
164 	 P 	 0.802462837145667
165 	 I 	 0.708644867718069
166 	 E 	 0.645618853176874
167 	 D 	 0.556597363545923
168 	 I 	 0.65300516895661
169 	 E 	 0.642930490309582
170 	 R 	 0.669058323710561
171 	 E 	 0.579975897115811
172 	 I 	 0.528954941072338
173 	 P 	 0.553096515994855
174 	 E 	 0.805015263597361
175 	 R 	 0.961062326644275
176 	 S 	 1.20944645773128
177 	 W 	 1.02950095016894
178 	 N 	 1.53310423541572
179 	 T 	 1.63990719440628
180 	 G 	 1.53737831633643
181 	 F 	 1.11855748089326
182 	 D 	 1.1734194117625
183 	 W 	 1.0097528154838
184 	 I 	 0.94478817135181
185 	 T 	 1.17395592134574
186 	 D 	 1.32421363015381
187 	 Y 	 1.23031378787799
188 	 Q 	 0.880318813612115
189 	 G 	 1.13979425855832
190 	 K 	 0.833323847524985
191 	 T 	 0.671015416972041
192 	 V 	 0.577107230561343
193 	 W 	 0.533410951259621
194 	 F 	 0.557659304548812
195 	 V 	 0.828366800681014
196 	 P 	 1.09703966508383
197 	 S 	 1.10339063548247
198 	 I 	 1.05801812176437
199 	 K 	 1.13656212270119
200 	 A 	 1.09322387716471
201 	 G 	 0.996513117730467
202 	 N 	 1.20913472092754
203 	 D 	 1.20928729275032
204 	 I 	 1.05567307963471
205 	 A 	 1.15036786886889
206 	 N 	 1.34558893788837
207 	 C 	 1.25653569082403
208 	 L 	 1.10466099151018
209 	 R 	 1.37812751868591
210 	 K 	 1.50325164854555
211 	 S 	 1.35131693494853
212 	 G 	 1.55154917216381
213 	 K 	 1.37440882254745
214 	 R 	 1.40209474900404
215 	 V 	 1.15980980669806
216 	 I 	 1.0995800284717
217 	 Q 	 1.08655601530221
218 	 L 	 1.18041960326297
219 	 S 	 1.56945639266876
220 	 R 	 2.42141858320587
221 	 K 	 6.61542342930429
222 	 T 	 NA
223 	 F 	 NA
224 	 D 	 NA
225 	 T 	 NA
226 	 E 	 NA
227 	 Y 	 NA
228 	 P 	 NA
229 	 K 	 NA
230 	 T 	 NA
231 	 K 	 NA
232 	 L 	 NA
233 	 T 	 1.79593239498602
234 	 D 	 2.17936566314408
235 	 W 	 1.24944302007726
236 	 D 	 1.03915564921666
237 	 F 	 0.80375059437045
238 	 V 	 0.802555157262204
239 	 V 	 0.743049670171867
240 	 T 	 0.662273876436716
241 	 T 	 0.898472093066773
242 	 D 	 1.13176598514183
243 	 I 	 1.99761749303906
244 	 S 	 2.11791148179553
245 	 E 	 NA
246 	 M 	 NA
247 	 G 	 NA
248 	 A 	 2.46396013103943
249 	 N 	 1.95002189948043
250 	 F 	 1.10129070379501
251 	 R 	 0.93566413281905
252 	 A 	 0.71109168455417
253 	 G 	 0.81562022222753
254 	 R 	 0.592867151290921
255 	 V 	 0.467153978722351
256 	 I 	 0.428286412063988
257 	 D 	 0.327193013793975
258 	 P 	 0.533248626396774
259 	 R 	 0.41191732451047
260 	 R 	 0.409042058067843
261 	 C 	 0.616372688376656
262 	 L 	 0.780776064035485
263 	 K 	 1.0508798759924
264 	 P 	 0.800917651821237
265 	 V 	 0.697490685304377
266 	 I 	 0.609876985248858
267 	 L 	 0.671653388264293
268 	 T 	 1.59680612783377
269 	 D 	 NA
270 	 G 	 NA
271 	 P 	 NA
272 	 E 	 0.712568153727853
273 	 R 	 0.5166653317412
274 	 V 	 0.443653563014071
275 	 I 	 0.631057711440587
276 	 L 	 0.87066734328376
277 	 A 	 1.08581497858425
278 	 G 	 0.999548911822899
279 	 P 	 0.542698799122673
280 	 I 	 0.610004379149067
281 	 P 	 0.603241778941403
282 	 V 	 0.576700918655167
283 	 T 	 0.677910307601324
284 	 P 	 0.792492201060809
285 	 A 	 0.878008630315569
286 	 S 	 0.737641367510563
287 	 A 	 0.590296052350345
288 	 A 	 0.607984515382777
289 	 Q 	 0.61464015503096
290 	 R 	 0.468032805690168
291 	 R 	 0.437577768658361
292 	 G 	 0.505482800777624
293 	 R 	 0.579182593607622
294 	 I 	 0.606545154826141
295 	 G 	 0.680346917042639
296 	 R 	 0.811885905718585
297 	 N 	 0.926577934398503
298 	 P 	 1.14189702126176
299 	 A 	 1.32239125183411
300 	 Q 	 1.20058431092681
301 	 E 	 1.22947214881085
302 	 D 	 1.63661585504685
303 	 D 	 0.810195784514534
304 	 Q 	 0.631244904197075
305 	 Y 	 0.473930815786006
306 	 V 	 0.565579972099366
307 	 F 	 0.459388034927926
308 	 S 	 0.451424027640324
309 	 G 	 0.805560644209079
310 	 D 	 0.759486479352956
311 	 P 	 0.730620990290839
312 	 L 	 0.897675130482544
313 	 K 	 0.922331316041237
314 	 N 	 0.882851169487375
315 	 D 	 0.672563489223858
316 	 E 	 0.758224153030465
317 	 D 	 0.751238949525602
318 	 H 	 0.685067693480907
319 	 A 	 0.687565468567728
320 	 H 	 0.569478642632155
321 	 W 	 0.549582142368627
322 	 T 	 0.475560744898167
323 	 E 	 0.442384817141866
324 	 A 	 0.488141524672702
325 	 K 	 0.513517042057754
326 	 M 	 0.409658603741095
327 	 L 	 0.478854028256697
328 	 L 	 0.637227759275406
329 	 D 	 0.651539075882781
330 	 N 	 0.588651020730563
331 	 I 	 0.883980716160511
332 	 Y 	 1.26803531321447
333 	 T 	 1.23438861535407
334 	 P 	 1.76834100132303
335 	 E 	 1.92834919550488
336 	 G 	 2.43573295910499
337 	 I 	 1.06216732069982
338 	 I 	 0.9665367754794
339 	 P 	 0.919551501029611
340 	 T 	 0.92469220094743
341 	 L 	 0.745919293261918
342 	 F 	 0.599554470582686
343 	 G 	 0.982614207019347
344 	 P 	 1.1123608484087
345 	 E 	 0.752038169630023
346 	 R 	 0.71915312769831
347 	 E 	 0.654603612321324
348 	 K 	 0.588036309319719
349 	 T 	 1.02379937168056
350 	 Q 	 1.75730163536893
351 	 A 	 0.943647169017226
352 	 I 	 1.30512489936887
353 	 D 	 1.32573730493429
354 	 G 	 1.04561232608279
355 	 E 	 0.753911494411022
356 	 F 	 0.614685109438088
357 	 R 	 0.731237953814253
358 	 L 	 0.59933896516939
359 	 R 	 0.896442980467425
360 	 G 	 1.44490230934801
361 	 E 	 1.14415245932869
362 	 Q 	 0.881517084636763
363 	 R 	 0.746753634072987
364 	 K 	 0.874739802491181
365 	 T 	 0.80596312361916
366 	 F 	 0.59817924204374
367 	 V 	 0.78773828102417
368 	 E 	 0.894442231821374
369 	 L 	 0.582326137716809
370 	 M 	 0.708278487541955
371 	 R 	 0.844550022919486
372 	 R 	 0.871667563919234
373 	 G 	 0.678446739528202
374 	 D 	 0.77149905006224
375 	 L 	 0.622016468325417
376 	 P 	 0.534799505363906
377 	 V 	 0.396680707246409
378 	 W 	 0.274368752218395
379 	 L 	 0.35626056462049
380 	 S 	 0.411325740686011
381 	 Y 	 0.402295117013044
382 	 K 	 0.475978347336047
383 	 V 	 0.605743343659281
384 	 A 	 0.663968817292459
385 	 S 	 0.633246254100963
386 	 A 	 0.885904051948241
387 	 G 	 1.02071296738859
388 	 I 	 0.992438225829205
389 	 S 	 0.917872597085421
390 	 Y 	 0.845957451325875
391 	 K 	 1.1272155557199
392 	 D 	 1.1472986710481
393 	 R 	 1.01814592587546
394 	 E 	 1.15570817594158
395 	 W 	 0.961230245892692
396 	 C 	 1.01734026698677
397 	 F 	 1.25730287117905
398 	 T 	 1.28753298794904
399 	 G 	 0.997895092330437
400 	 E 	 0.843937218996057
401 	 R 	 0.97862824713134
402 	 N 	 0.907587104804596
403 	 N 	 0.8238434355195
404 	 Q 	 0.970407027387118
405 	 I 	 1.0385264813616
406 	 L 	 1.27770749292328
407 	 E 	 1.71321498654409
408 	 E 	 1.72471289541312
409 	 N 	 1.78689135069507
410 	 M 	 1.85354913605747
411 	 E 	 1.64993330176815
NA 	 - 	 NA
412 	 V 	 1.58806286487703
413 	 E 	 1.84718555764131
414 	 I 	 NA
415 	 W 	 NA
416 	 T 	 NA
417 	 R 	 NA
418 	 E 	 NA
419 	 G 	 NA
420 	 E 	 NA
421 	 K 	 NA
422 	 K 	 NA
423 	 K 	 NA
424 	 L 	 NA
425 	 R 	 1.20286660695414
426 	 P 	 0.914870028450364
427 	 K 	 0.845746112303208
428 	 W 	 0.693074945644217
429 	 L 	 0.705605135236302
430 	 D 	 0.619887819448501
431 	 A 	 0.897199903222367
432 	 R 	 0.874272715699846
433 	 V 	 1.01793974182855
434 	 Y 	 1.30590353884906
435 	 A 	 1.43902889277333
436 	 D 	 1.72503723777576
437 	 P 	 1.83196922880526
438 	 M 	 1.83499915182994
439 	 A 	 1.46798392138922
440 	 L 	 1.37523136274372
441 	 K 	 1.75767601778815
442 	 D 	 1.52618223146263
443 	 F 	 1.15960230527819
444 	 K 	 1.40829889559266
445 	 E 	 1.43975410578381
446 	 F 	 1.12492696488949
447 	 A 	 1.19190735441245
448 	 S 	 1.51991320178145
449 	 G 	 1.31980134818177
450 	 R 	 
451 	 K 	 
