"","pdb_aa","pdb_pos","md_rmsf_pos","md_rmsf","pdb_aa_rmsf","pdb_pos_rmsf","pdb_rmsf"
"1","P",1,1,0.7214,"P","P",NA
"2","N",2,2,0.6514,"N","N",NA
"3","M",3,3,0.432,"M","M",NA
"4","L",4,4,0.4025,"L","L",NA
"5","R",5,5,0.5356,"R","R",NA
"6","K",6,6,0.4605,"K","K",NA
"7","R",7,7,0.4004,"R","R",1.02701205701246
"8","Q",8,8,0.3423,"Q","Q",0.69322037829411
"9","M",9,9,0.3066,"M","M",0.420229725747955
"10","T",10,10,0.2516,"T","T",0.513700115478656
"11","V",11,11,0.3652,"V","V",0.644979300854562
"12","L",12,12,0.4392,"L","L",0.615094829386231
"13","D",13,13,0.9263,"D","D",1.0944916971953
"14","L",14,14,0.4966,"L","L",1.60195599798956
"15","H",15,15,0.4849,"H","H",2.0119503737218
"16","P",16,16,0.6305,"P","P",1.97330584984493
"17","G",17,17,0.6901,"G","G",1.83200908408254
"18","S",18,18,0.645,"S","S",3.4632820337717
"19","G",19,19,0.4476,"G","G",1.95531711990514
"20","K",20,20,0.4358,"K","K",1.46684266554619
"21","T",21,21,0.5339,"T","T",1.37874988374349
"22","R",22,22,0.4983,"R","R",1.40426247270538
"23","K",23,23,0.4749,"K","K",1.19641379227356
"24","I",24,24,0.4409,"I","I",0.806757087884512
"25","L",25,25,0.3817,"L","L",0.592393265910766
"26","P",26,26,0.4545,"P","P",0.660549599567037
"27","Q",27,27,0.4255,"Q","Q",0.694360489803538
"28","I",28,28,0.4097,"I","I",0.442535286542905
"29","I",29,29,0.4757,"I","I",0.490163052642886
"30","K",30,30,0.5295,"K","K",0.619661086479801
"31","D",31,31,0.4901,"D","D",0.531711992731563
"32","A",32,32,0.4895,"A","A",0.361572853969222
"33","I",33,33,0.5764,"I","I",0.522643384716215
"34","Q",34,34,0.6401,"Q","Q",0.598759463028069
"35","Q",35,35,0.5614,"Q","Q",0.507095556654469
"36","R",36,36,0.601,"R","R",0.485997005739594
"37","L",37,37,0.45,"L","L",0.377907113163639
"38","R",38,38,0.4526,"R","R",0.469507936429796
"39","T",39,39,0.3814,"T","T",0.378717362625015
"40","A",40,40,0.3572,"A","A",0.394401068387227
"41","V",41,41,0.3084,"V","V",0.378661573772851
"42","L",42,42,0.2883,"L","L",0.428567830497673
"43","A",43,43,0.4391,"A","A",0.526148362968943
"44","P",44,44,0.5283,"P","P",0.578534890389621
"45","T",45,45,0.5746,"T","T",0.518026567424724
"46","R",46,46,0.6454,"R","R",0.912200910001841
"47","V",47,47,0.7642,"V","V",0.604465821430868
"48","V",48,48,0.5833,"V","V",0.56664967631735
"49","A",49,49,0.5353,"A","A",0.530587862666004
"50","A",50,50,0.6172,"A","A",0.692678918285985
"51","E",51,51,0.5928,"E","E",0.658012102214234
"52","M",52,52,0.5466,"M","M",0.520260603527023
"53","A",53,53,0.5683,"A","A",0.635496576858301
"54","E",54,54,0.6337,"E","E",0.864637897428411
"55","A",55,55,0.5251,"A","A",0.75974644023433
"56","L",56,56,0.5377,"L","L",0.580611617888705
"57","R",57,57,0.6015,"R","R",0.861079326810255
"58","G",58,58,0.6983,"G","G",0.726618467425936
"59","L",59,59,0.5685,"L","L",0.766118380070007
"60","P",60,60,0.5899,"P","P",0.726553701371377
"61","V",61,61,0.5178,"V","V",0.747700491544678
"62","R",62,62,0.5543,"R","R",0.745725993315594
"63","Y",63,63,0.5465,"Y","Y",0.735022257065136
"64","Q",64,64,0.6098,"Q","Q",0.842896615856114
"65","T",65,65,0.5268,"T","T",NA
"66","G",66,66,1.7824,"G","G",NA
"67","N",67,67,0.9854,"N","N",1.71799865705611
"68","E",68,68,0.6008,"E","E",1.18391078704839
"69","I",69,69,0.5384,"I","I",1.20947251605569
"70","V",70,70,0.4448,"V","V",0.63103757061099
"71","D",71,71,0.4315,"D","D",0.414922840178339
"72","V",72,72,0.409,"V","V",0.478276011113955
"73","M",73,73,0.377,"M","M",0.500970739563425
"74","C",74,74,0.3911,"C","C",0.532104011430785
"75","H",75,75,0.3235,"H","H",0.601967507127401
"76","A",76,76,0.3505,"A","A",0.690393329544694
"77","T",77,77,0.3691,"T","T",0.739458735527233
"78","L",78,78,0.3337,"L","L",0.632298475932093
"79","T",79,79,0.3446,"T","T",0.612117675391696
"80","H",80,80,0.3698,"H","H",0.726814284346217
"81","R",81,81,0.3511,"R","R",0.706841859812963
"82","L",82,82,0.3183,"L","L",0.640661027033639
"83","M",83,83,0.4443,"M","M",0.779366109637538
"84","S",84,84,0.4265,"S","S",0.94349040051483
"85","P",85,85,0.8976,"P","P",1.6471106140652
"86","N",86,86,1.3424,"N","N",1.88687912708436
"87","V",87,87,0.4737,"V","V",1.07139419462764
"88","P",88,88,0.5326,"P","P",0.499206284701456
"89","N",89,89,0.4833,"N","N",0.350070590572427
"90","Y",90,90,0.3866,"Y","Y",0.382575475427334
"91","N",91,91,0.3645,"N","N",0.342880590169074
"92","L",92,92,0.3031,"L","L",0.278761024406308
"93","F",93,93,0.283,"F","F",0.341749387020594
"94","V",94,94,0.2559,"V","V",0.316868334419387
"95","M",95,95,0.2647,"M","M",0.464799482385075
"96","D",96,96,0.2868,"D","D",0.510849026277922
"97","E",97,97,0.2438,"E","E",0.594955288193159
"98","A",98,98,0.2438,"A","A",0.500946980404548
"99","H",99,99,0.3092,"H","H",0.498939433048566
"100","F",100,100,0.328,"F","F",0.431599781973961
"101","T",101,101,0.3823,"T","T",0.55112705701948
"102","D",102,102,0.4129,"D","D",0.646164192698279
"103","P",103,103,0.3019,"P","P",0.39757858624243
"104","A",104,104,0.3296,"A","A",0.406624199045305
"105","S",105,105,0.2764,"S","S",0.399344401194332
"106","I",106,106,0.2519,"I","I",0.366386569855856
"107","A",107,107,0.2532,"A","A",0.323233321263592
"108","A",108,108,0.276,"A","A",0.344996617402219
"109","R",109,109,0.246,"R","R",0.34565677976911
"110","G",110,110,0.2608,"G","G",0.371168457442548
"111","Y",111,111,0.2589,"Y","Y",0.342669724265544
"112","I",112,112,0.2371,"I","I",0.332224326826584
"113","A",113,113,0.2445,"A","A",0.378754086079793
"114","T",114,114,0.249,"T","T",0.480972804052103
"115","K",115,115,0.257,"K","K",0.498231110395152
"116","V",116,116,0.303,"V","V",0.40617770953859
"117","E",117,117,0.3827,"E","E",0.557771097806423
"118","L",118,118,0.4084,"L","L",0.663812537729315
"119","G",119,119,0.4181,"G","G",0.582302286095806
"120","E",120,120,0.3915,"E","E",0.525327382407607
"121","A",121,121,0.2938,"A","A",0.367121128200354
"122","A",122,122,0.2644,"A","A",0.291418990603048
"123","A",123,123,0.2384,"A","A",0.436919557697943
"124","I",124,124,0.2492,"I","I",0.471361513628144
"125","F",125,125,0.2775,"F","F",0.4474040916924
"126","M",126,126,0.2561,"M","M",0.451530804736395
"127","T",127,127,0.3809,"T","T",0.464201093758259
"128","A",128,128,0.6812,"A","A",0.607099719673489
"129","T",129,129,0.601,"T","T",0.479460193344395
"130","P",130,130,0.993,"P","P",0.660177081492349
"131","P",131,131,0.7032,"P","P",0.930212237596787
"132","G",132,132,0.5735,"G","G",0.978874212648491
"133","T",133,133,0.6342,"T","T",0.923299507674477
"134","T",134,134,0.3772,"T","T",0.941673208636749
"135","D",135,135,0.5978,"D","D",0.801832278800099
"136","P",136,136,0.5264,"P","P",0.682129368156797
"137","F",137,137,0.5967,"F","F",0.614229078289282
"138","P",138,138,0.5151,"P","P",0.726404404529375
"139","D",139,139,0.5206,"D","D",1.00901381676692
"140","S",140,140,0.5035,"S","S",0.930538798946528
"141","N",141,141,0.6197,"N","N",1.00297008313299
"142","A",142,142,0.6437,"A","A",0.799561855621116
"143","P",143,143,0.6363,"P","P",0.874613618141199
"144","I",144,144,0.5969,"I","I",0.750860909526993
"145","H",145,145,0.5014,"H","H",0.728493535668196
"146","D",146,146,0.4922,"D","D",0.6213104460117
"147","L",147,147,0.4613,"L","L",0.724330712444882
"148","Q",148,148,0.515,"Q","Q",0.723032598859024
"149","D",149,149,0.5701,"D","D",0.657045621289406
"150","E",150,150,0.6201,"E","E",0.661531932871566
"151","I",151,151,0.4709,"I","I",0.512182214588544
"152","P",152,152,0.4756,"P","P",0.51797400361306
"153","D",153,153,0.4018,"D","D",0.563074537613699
"154","R",154,154,0.4887,"R","R",0.768320612358193
"155","A",155,155,0.5496,"A","A",0.986190553622675
"156","W",156,156,0.677,"W","W",0.938046847254929
"157","S",157,157,0.9431,"S","S",1.40826334017154
"158","S",158,158,1.0246,"S","S",1.55072499427915
"159","G",159,159,1.009,"G","G",1.46320881040549
"160","Y",160,160,0.8057,"Y","Y",1.14822692221396
"161","E",161,161,1.1169,"E","E",1.23327658656151
"162","W",162,162,0.8985,"W","W",1.02657939678711
"163","I",163,163,0.5351,"I","I",0.913427283199196
"164","T",164,164,0.8293,"T","T",1.19191603134801
"165","E",165,165,1.1514,"E","E",1.35734372685646
"166","Y",166,166,0.9028,"Y","Y",1.16608135115804
"167","A",167,167,0.7384,"A","A",0.886064937522928
"168","G",168,168,0.8527,"G","G",1.12237607667361
"169","K",169,169,0.6974,"K","K",0.86655884886741
"170","T",170,170,0.4625,"T","T",0.690956110523038
"171","V",171,171,0.3837,"V","V",0.604159532002961
"172","W",172,172,0.2863,"W","W",0.566142959104402
"173","F",173,173,0.2585,"F","F",0.544494421191725
"174","V",174,174,0.2609,"V","V",0.738467416135314
"175","A",175,175,0.3321,"A","A",0.941814029496979
"176","S",176,176,0.3721,"S","S",1.05839936334124
"177","V",177,177,0.4806,"V","V",1.10741399811016
"178","K",178,178,0.5299,"K","K",1.13195155485998
"179","M",179,179,0.4343,"M","M",1.08648660466424
"180","G",180,180,0.4015,"G","G",1.059881383977
"181","N",181,181,0.5144,"N","N",1.24931525661562
"182","E",182,182,0.5264,"E","E",1.1798194419373
"183","I",183,183,0.4278,"I","I",1.04737002609639
"184","A",184,184,0.5324,"A","A",1.20165652668725
"185","M",185,185,0.6649,"M","M",1.38717292386904
"186","C",186,186,0.5599,"C","C",1.24985822745336
"187","L",187,187,0.5934,"L","L",1.21597834624755
"188","Q",188,188,0.7661,"Q","Q",1.46312933972943
"189","R",189,189,0.7906,"R","R",1.5564411129315
"190","A",190,190,0.8267,"A","A",1.48894462094188
"191","G",191,191,0.9009,"G","G",1.68633009103631
"192","K",192,192,0.7647,"K","K",1.4739551860838
"193","K",193,193,0.7417,"K","K",1.49399639812201
"194","V",194,194,0.586,"V","V",1.26944149796373
"195","I",195,195,0.5303,"I","I",1.22909384770944
"196","Q",196,196,0.4097,"Q","Q",1.18671042545166
"197","L",197,197,0.4328,"L","L",1.29683578111264
"198","N",198,198,0.4844,"N","N",1.57983707760955
"199","R",199,199,0.5763,"R","R",2.74889630690848
"200","K",200,200,0.7623,"K","K",6.4339685697873
"201","S",201,201,0.8668,"S","S",NA
"202","Y",202,202,0.8114,"Y","Y",NA
"203","D",203,203,0.6779,"D","D",NA
"204","T",204,204,0.8194,"T","T",NA
"205","E",205,205,0.7622,"E","E",NA
"206","Y",206,206,0.7251,"Y","Y",NA
"207","P",207,207,1.032,"P","P",NA
"208","K",208,208,0.9677,"K","K",NA
"209","C",209,209,0.848,"C","C",NA
"210","K",210,210,1.1013,"K","K",NA
"211","N",211,211,1.2664,"N","N",NA
"212","G",212,212,0.9745,"G","G",1.66998387163103
"213","D",213,213,1.078,"D","D",1.79577888450626
"214","W",214,214,0.778,"W","W",1.30159373803001
"215","D",215,215,0.6689,"D","D",1.12873384357888
"216","F",216,216,0.528,"F","F",0.867419029816722
"217","V",217,217,0.4322,"V","V",0.82951408246009
"218","I",218,218,0.311,"I","I",0.76236236743882
"219","T",219,219,0.2847,"T","T",0.698941547249523
"220","T",220,220,0.3289,"T","T",0.872381360352775
"221","D",221,221,0.3631,"D","D",1.27857630852873
"222","I",222,222,0.4328,"I","I",1.63989063960021
"223","S",223,223,0.5311,"S","S",1.9439130295221
"224","A",224,224,1.6058,"A","A",1.98095793348816
"225","N",225,225,1.2504,"N","N",1.56587127517978
"226","F",226,226,0.6472,"F","F",1.15536396666017
"227","G",227,227,0.9915,"G","G",1.09345382396994
"228","A",228,228,0.6996,"A","A",0.705695050013633
"229","S",229,229,0.6983,"S","S",0.711827415061052
"230","R",230,230,0.4922,"R","R",0.622420997369981
"231","V",231,231,0.3676,"V","V",0.494380580174673
"232","I",232,232,0.2488,"I","I",0.447600511961566
"233","D",233,233,0.2463,"D","D",0.290863704908108
"234","C",234,234,0.3424,"C","C",0.437478051460675
"235","R",235,235,0.2733,"R","R",0.352377004392345
"236","K",236,236,0.4198,"K","K",0.356606302028814
"237","S",237,237,0.4214,"S","S",0.584090936074142
"238","V",238,238,0.4487,"V","V",0.835676403496985
"239","K",239,239,0.3336,"K","K",1.13626570397395
"240","P",240,240,0.4016,"P","P",0.884333725150448
"241","T",241,241,0.4079,"T","T",0.816078423280097
"242","I",242,242,0.3881,"I","I",0.645848561911936
"243","L",243,243,0.4983,"L","L",0.605760565874882
"244","E",244,244,0.9197,"E","E",1.41331041419444
"245","E",245,245,1.1627,"E","E",NA
"246","G",246,246,0.9286,"G","G",NA
"247","E",247,247,0.7114,"E","E",NA
"248","G",248,248,0.6047,"G","G",0.697943862381817
"249","R",249,249,0.4323,"R","R",0.583251147949096
"250","V",250,250,0.2803,"V","V",0.479798554151043
"251","I",251,251,0.3742,"I","I",0.697577787497182
"252","L",252,252,0.5808,"L","L",0.945295280000851
"253","G",253,253,0.6288,"G","G",1.13503872396898
"254","N",254,254,0.9872,"N","N",1.06240083240838
"255","P",255,255,0.6964,"P","P",0.585290197613322
"256","S",256,256,0.4771,"S","S",0.590340319452637
"257","P",257,257,0.344,"P","P",0.582091194427671
"258","I",258,258,0.2768,"I","I",0.552965316761008
"259","T",259,259,0.3168,"T","T",0.611486625091218
"260","S",260,260,0.2678,"S","S",0.764192984062126
"261","A",261,261,0.3029,"A","A",0.850501355392377
"262","S",262,262,0.2908,"S","S",0.687086955427609
"263","A",263,263,0.272,"A","A",0.513453048433779
"264","A",264,264,0.3096,"A","A",0.526221509283048
"265","Q",265,265,0.3507,"Q","Q",0.551303765308179
"266","R",266,266,0.3313,"R","R",0.408967203077834
"267","R",267,267,0.3335,"R","R",0.370856493077045
"268","G",268,268,0.4642,"G","G",0.40878960759335
"269","R",269,269,0.4992,"R","R",0.51088131138096
"270","V",270,270,0.4823,"V","V",0.567858365568826
"271","G",271,271,0.5893,"G","G",0.620388733520856
"272","R",272,272,0.6262,"R","R",0.781638107110485
"273","N",273,273,0.7182,"N","N",0.8725744208914
"274","P",274,274,0.8315,"P","P",1.09206540056913
"275","N",275,275,0.8825,"N","N",1.27294732779701
"276","Q",276,276,0.5919,"Q","Q",1.0771020022659
"277","V",277,277,0.7239,"V","V",1.13178557146588
"278","G",278,278,1.0194,"G","G",1.74258070652713
"279","D",279,279,0.5226,"D","D",0.848671561655953
"280","E",280,280,0.504,"E","E",0.649430258377925
"281","Y",281,281,0.3866,"Y","Y",0.459523716817156
"282","H",282,282,0.3025,"H","H",0.585778891253213
"283","Y",283,283,0.3194,"Y","Y",0.502696476398474
"284","G",284,284,0.4249,"G","G",0.452303487052027
"285","G",285,285,0.754,"G","G",0.719142241813369
"286","A",286,286,0.5468,"A","A",0.748365671663839
"287","T",287,287,0.3575,"T","T",0.720230540634199
"288","S",288,288,0.3867,"S","S",0.854443355469183
"289","E",289,289,0.4097,"E","E",0.952331621683272
"290","D",290,290,0.4972,"D","D",0.906694799090825
"291","D",291,291,0.4389,"D","D",0.624649940628597
"292","S",292,292,0.4395,"S","S",0.820232363506056
"293","N",293,293,0.4572,"N","N",0.85581751502284
"294","L",294,294,0.3661,"L","L",0.740863958699246
"295","A",295,295,0.297,"A","A",0.766228075418436
"296","H",296,296,0.2985,"H","H",0.604916335279342
"297","W",297,297,0.3114,"W","W",0.559757452104344
"298","T",298,298,0.3042,"T","T",0.516598688698449
"299","E",299,299,0.2505,"E","E",0.472080733917535
"300","A",300,300,0.2953,"A","A",0.432160723817984
"301","K",301,301,0.2923,"K","K",0.430432380913719
"302","I",302,302,0.2844,"I","I",0.334881366145603
"303","M",303,303,0.3056,"M","M",0.43555620654351
"304","L",304,304,0.3051,"L","L",0.502742341790924
"305","D",305,305,0.2894,"D","D",0.50773956014392
"306","N",306,306,0.3282,"N","N",0.490260325642776
"307","I",307,307,0.3858,"I","I",0.649026765077188
"308","H",308,308,0.5577,"H","H",1.19141640310023
"309","M",309,309,0.6172,"M","M",1.27588420703412
"310","P",310,310,0.7587,"P","P",1.94938526775444
"311","N",311,311,0.7773,"N","N",2.19524237581132
"312","G",312,312,0.7768,"G","G",2.33511961338298
"313","L",313,313,0.5949,"L","L",1.39848895143322
"314","V",314,314,0.3976,"V","V",0.999019561002588
"315","A",315,315,0.3476,"A","A",0.701336117765905
"316","Q",316,316,0.2868,"Q","Q",0.699621765992475
"317","L",317,317,0.3157,"L","L",0.565504783095993
"318","Y",318,318,0.3225,"Y","Y",0.45423185157322
"319","G",319,319,0.3617,"G","G",0.701482534409399
"320","P",320,320,0.4473,"P","P",0.785065381195687
"321","E",321,321,0.4857,"E","E",0.597364947448164
"322","R",322,322,0.4599,"R","R",0.605770682923819
"323","E",323,323,0.4456,"E","E",0.615274509819324
"324","K",324,324,0.4161,"K","K",0.562084000264162
"325","A",325,325,0.6361,"A","A",0.831928778018957
"326","F",326,326,0.7134,"F","F",1.29470363728906
"327","T",327,327,0.4819,"T","T",0.837838386411441
"328","M",328,328,0.4962,"M","M",1.1628126386096
"329","D",329,329,0.4071,"D","D",0.927453232209511
"330","G",330,330,0.3485,"G","G",0.754647958310885
"331","E",331,331,0.3171,"E","E",0.605030658280061
"332","Y",332,332,0.3167,"Y","Y",0.509284327350089
"333","R",333,333,0.3526,"R","R",0.594844481753765
"334","L",334,334,0.4149,"L","L",0.465165080254828
"335","R",335,335,0.4875,"R","R",0.863669705113334
"336","G",336,336,0.6105,"G","G",1.25855981656259
"337","E",337,337,0.6482,"E","E",1.11307678378606
"338","E",338,338,0.5314,"E","E",0.857442387040603
"339","K",339,339,0.481,"K","K",0.750795932890297
"340","K",340,340,0.5669,"K","K",0.95811620821973
"341","N",341,341,0.5188,"N","N",0.886372399145935
"342","F",342,342,0.4459,"F","F",0.683235107406578
"343","L",343,343,0.5139,"L","L",0.8780334063628
"344","E",344,344,0.5934,"E","E",0.958122143256184
"345","L",345,345,0.4818,"L","L",0.663938527007948
"346","L",346,346,0.475,"L","L",0.821112999284343
"347","R",347,347,0.6307,"R","R",1.01617773420834
"348","T",348,348,0.6088,"T","T",0.949073885713853
"349","A",349,349,0.5539,"A","A",0.754654567631247
"350","D",350,350,0.5698,"D","D",0.913080169184919
"351","L",351,351,0.3938,"L","L",0.661815404764456
"352","P",352,352,0.3249,"P","P",0.566924784707731
"353","V",353,353,0.3137,"V","V",0.458485194204179
"354","W",354,354,0.2483,"W","W",0.316280468017477
"355","L",355,355,0.2592,"L","L",0.388022067171533
"356","A",356,356,0.3393,"A","A",0.491860946756766
"357","Y",357,357,0.3268,"Y","Y",0.406456965614737
"358","K",358,358,0.2879,"K","K",0.396819621155707
"359","V",359,359,0.3386,"V","V",0.500617829358473
"360","A",360,360,0.4147,"A","A",0.572498037889451
"361","S",361,361,0.4052,"S","S",0.534329692033725
"362","N",362,362,0.4541,"N","N",0.818348888400289
"363","G",363,363,0.5456,"G","G",0.847688234296911
"364","I",364,364,0.5615,"I","I",0.849277836310532
"365","Q",365,365,0.5938,"Q","Q",0.916170780353281
"366","Y",366,366,0.5907,"Y","Y",0.94433718572588
"367","T",367,367,0.6074,"T","T",1.25965266051796
"368","D",368,368,0.674,"D","D",1.15540058127478
"369","R",369,369,0.5517,"R","R",1.02549160798394
"370","K",370,370,0.6024,"K","K",1.06885518264021
"371","W",371,371,0.4554,"W","W",0.85785532220745
"372","C",372,372,0.463,"C","C",0.945718540425666
"373","F",373,373,0.5829,"F","F",1.10221834395313
"374","D",374,374,0.6016,"D","D",1.07895192072323
"375","G",375,375,0.5226,"G","G",0.892451381447893
"376","P",376,376,0.5568,"P","P",0.933718482751974
"377","R",377,377,0.5754,"R","R",1.27855626875527
"378","T",378,378,0.6184,"T","T",1.01908411987804
"379","N",379,379,0.5386,"N","N",0.86609510778102
"380","A",380,380,0.5517,"A","A",1.02709559738842
"381","I",381,381,0.5957,"I","I",1.08264694315162
"382","L",382,382,0.6655,"L","L",1.21565157572558
"383","E",383,383,0.6719,"E","E",1.52659490368327
"384","D",384,384,0.9309,"D","D",1.75809247390124
"385","N",385,385,0.8966,"N","N",1.69549262675637
"386","I",386,386,0.724,"I","I",1.63408636572712
"387","E",387,387,0.6621,"E","E",1.42545074799914
"388","V",388,388,0.5543,"V","V",1.41651360368849
"389","E",389,389,0.578,"E","E",1.50872838775965
"390","I",390,390,0.5996,"I","I",NA
"391","V",391,391,0.6958,"V","V",NA
"392","T",392,392,0.6515,"T","T",NA
"393","R",393,393,0.6587,"R","R",NA
"394","M",394,394,0.786,"M","M",NA
"395","G",395,395,0.9115,"G","G",NA
"396","E",396,396,0.7959,"E","E",NA
"397","R",397,397,0.6988,"R","R",NA
"398","K",398,398,0.5783,"K","K",NA
"399","I",399,399,0.5946,"I","I",NA
"400","L",400,400,0.5179,"L","L",NA
"401","K",401,401,0.5435,"K","K",1.12385612143063
"402","P",402,402,0.4141,"P","P",0.8645792240655
"403","R",403,403,0.395,"R","R",0.733313134486885
"404","W",404,404,0.2777,"W","W",0.610872759895918
"405","L",405,405,0.399,"L","L",0.592722995115139
"406","D",406,406,0.2792,"D","D",0.612711852385788
"407","A",407,407,0.3306,"A","A",0.839686576537336
"408","R",408,408,0.3734,"R","R",0.87575598881646
"409","V",409,409,0.4256,"V","V",0.962705710320476
"410","Y",410,410,0.5398,"Y","Y",1.23949103900055
"411","A",411,411,0.6715,"A","A",1.57611868315064
"412","D",412,412,0.6747,"D","D",1.56057855469769
"413","H",413,413,0.7281,"H","H",1.60989882263479
"414","Q",414,414,0.645,"Q","Q",1.65790004549311
"415","A",415,415,0.548,"A","A",1.35930665268626
"416","L",416,416,0.5188,"L","L",1.22109450669247
"417","K",417,417,0.5584,"K","K",1.59052114697259
"418","W",418,418,0.5167,"W","W",1.47715861482406
"419","F",419,419,0.4626,"F","F",1.16479461920885
"420","K",420,420,0.5252,"K","K",1.37351844716838
"421","D",421,421,0.5915,"D","D",1.44399737760731
"422","F",422,422,0.4979,"F","F",1.12743223599209
"423","A",423,423,0.5149,"A","A",1.1303618902622
"424","A",424,424,0.6793,"A","A",1.49259616941553
"425","G",425,425,0.8646,"G","G",1.3692064688035
"426","K",426,426,0.7506,"K","K",NA
