"protein","res_num","res_name","entropy","desent","rsa_cr","rsa_avg_md","rsa_var_md","rmsf_avg_md","rmsf_std_md","phi_var_md","psi_var_md","chi1_var_md","cn13_cr","cn13_avg_md","cn13_var_md","wcn_cr","wcn_avg_md","wcn_var_md"
"2JLY_A",1,"GLY",0,1.1604738161,0.91346,1.4015,0.079613,8.3626,3.3108,NA,0.3271,NA,14,11.536,9.6938,0.68218,0.58849,0.0054634
"2JLY_A",2,"SER",8.76496515038e-05,1.91229485987,0.35484,0.35868,0.036353,7.0621,1.6589,0.2527,0.0375,0.7351,16,14.174,10.048,0.8251,0.73909,0.004625
"2JLY_A",3,"ALA",0,1.19269021074,0.73643,0.65905,0.006286,7.4897,1.5825,0.0738,0.0302,NA,14,12.521,11.298,0.76394,0.72288,0.0034285
"2JLY_A",4,"MET",8.76496515038e-05,0.916891891319,0.94196,0.82519,0.050539,4.6039,1.9563,0.0229,0.0258,0.2721,13,16.023,34.148,0.77149,0.78722,0.012164
"2JLY_A",5,"GLY",0.000536238048056,1.08898122939,0.43269,0.2778,0.061041,5.0477,1.9727,0.0329,0.0422,NA,25,24.1,18.268,0.9595,0.94127,0.01597
"2JLY_A",6,"GLU",0.000231085657599,1.35252862826,0.53812,0.32748,0.0065135,3.904,1.1965,0.0682,0.0188,0.013,25,26.599,5.0448,0.96804,0.95737,0.0041239
"2JLY_A",7,"PRO",0.000294014518541,1.62954505121,0.19497,0.11781,0.0066956,3.0155,0.7937,0.014,0.0203,0.0865,30,30.455,2.2855,1.0977,1.0821,0.001818
"2JLY_A",8,"ASP",0.000267161355759,1.78102489192,0.17098,0.14626,0.0083936,3.0504,0.7871,0.1513,0.0343,0.2706,24,26.355,2.6695,1.0055,0.96873,0.00083104
"2JLY_A",9,"TYR",8.9211328991e-05,1.55546641947,0.93156,0.60794,0.024441,2.315,0.9079,0.0283,0.1266,0.0095,23,22.998,3.2175,0.82942,0.82295,0.00079484
"2JLY_A",10,"GLU",1.80707549228e-05,1.49462748589,0.49327,0.59739,0.022308,2.8542,0.7136,0.1177,0.4304,0.9804,23,24.278,3.6818,0.82857,0.83831,0.0021131
"2JLY_A",11,"VAL",0.00030759978634,1.50236642089,0.086207,0.11679,0.0017309,1.5235,0.4906,0.1308,0.0307,0.557,25,25.831,3.5871,0.95933,0.9416,0.00099489
"2JLY_A",12,"ASP",8.76496515038e-05,1.94778946535,0.44041,0.50875,0.0034822,1.9325,0.5006,0.1055,0.0402,0.4648,25,20.557,3.6772,0.8994,0.86434,0.00063231
"2JLY_A",13,"GLU",0.000265977405516,2.04876368431,0.42601,0.42595,0.0065257,1.6341,0.5871,0.0236,0.0137,0.309,25,20.689,5.6382,0.87532,0.85432,0.00043392
"2JLY_A",14,"ASP",0.000280799728993,2.26545319094,0.2228,0.33917,0.0084117,2.2756,0.6932,0.0139,0.0289,0.4783,22,19.924,1.5913,0.8999,0.87449,0.00038449
"2JLY_A",15,"ILE",0.000455331892594,2.3727705989,0.020305,0.061266,0.0023914,2.1854,0.5795,0.024,0.0275,0.6265,35,33.219,2.5699,1.1226,1.085,0.00045816
"2JLY_A",16,"PHE",0,0.997013786202,0.0041667,0.0071389,8.5088e-05,2.1302,0.4982,0.0271,0.0385,0.0102,39,38.512,4.182,1.1333,1.088,0.00067463
"2JLY_A",17,"ARG",0.000265692996333,1.85430473166,0.56934,0.51533,0.006047,2.3827,0.6829,0.0183,0.0211,0.4596,30,28.458,4.5299,1.0161,0.97983,0.00061056
"2JLY_A",18,"LYS",1.57142554923e-06,1.85936960012,0.41949,0.61194,0.0099071,2.2318,0.5819,0.0216,0.0167,0.2586,30,28.84,4.3933,1.1232,1.0394,0.0019414
"2JLY_A",19,"LYS",0.000241839344663,0.60516822568,0.75847,0.66144,0.0044006,1.2729,0.4775,0.0111,0.1153,0.0358,24,25.349,0.65707,1.0923,1.077,0.000701
"2JLY_A",20,"ARG",0.00029250212161,2.09226062511,0.42701,0.46493,0.011495,1.4594,0.4797,0.2181,0.0233,0.2999,30,29.951,1.1477,1.1361,1.1131,0.00059512
"2JLY_A",21,"LEU",1.57142554923e-06,2.32042280049,0.17413,0.16191,0.0056188,1.1681,0.4932,0.0599,0.0675,0.0369,38,38.285,3.3765,1.247,1.232,0.0012199
"2JLY_A",22,"THR",0,2.54340581737,0.15698,0.090012,0.0020388,1.2792,0.4233,0.0532,0.0302,0.0392,38,34.533,3.7594,1.2152,1.1883,0.00048113
"2JLY_A",23,"ILE",9.75597133563e-06,2.12123583004,0.40102,0.29441,0.0018991,1.5609,0.3506,0.0321,0.0541,0.0206,36,34.297,2.6881,1.2473,1.2109,0.00038474
"2JLY_A",24,"MET",0,2.22808864266,0.13393,0.14617,0.00226,2.0946,0.3828,0.0622,0.043,0.4114,34,33.055,2.9523,1.28,1.2032,0.00066589
"2JLY_A",25,"ASP",1.57142554923e-06,1.56963968913,0.43005,0.53475,0.008981,3.3314,0.577,0.0213,0.0213,0.0108,31,28.192,6.2953,1.2347,1.1284,0.0015854
"2JLY_A",26,"LEU",1.57142554923e-06,2.02152380802,0.40299,0.21829,0.0041459,2.2274,0.3845,0.0187,0.0219,0.017,35,34.227,4.7388,1.2239,1.2246,0.00058511
"2JLY_A",27,"HIS",0,0.95058296053,0.19196,0.16583,0.0029635,2.0926,0.4213,0.0145,0.0074,0.0158,38,38.897,4.1488,1.2778,1.3021,0.00069199
"2JLY_A",28,"PRO",0,1.82181045171,0,0.0042432,2.5576e-05,1.8677,0.3602,0.0087,0.0129,0.0148,48,46.711,2.8232,1.4142,1.4049,0.00045392
"2JLY_A",29,"GLY",0,0.276033485977,0.028846,0.013731,0.00035584,1.7235,0.5636,0.0282,0.0229,NA,45,40.475,4.339,1.333,1.3237,0.00063563
"2JLY_A",30,"ALA",0.00027791893885,1.7178479707,0.12403,0.17731,0.0028321,1.8497,0.4167,0.0142,0.0465,NA,36,33.912,5.0836,1.2079,1.1847,0.00038533
"2JLY_A",31,"GLY",0,0.264805522451,0.038462,0.11128,0.0035732,2.3864,0.446,0.0393,0.0182,NA,41,39.459,7.7642,1.2891,1.2282,0.0013552
"2JLY_A",32,"LYS",3.14277518055e-06,1.65870603402,0,0.0023898,1.1102e-05,2.2836,0.5196,0.0157,0.0177,0.0127,48,45.343,7.1529,1.4063,1.3687,0.00075853
"2JLY_A",33,"THR",3.14277518055e-06,1.90085697453,0,0.037891,0.0012011,2.261,0.6649,0.0185,0.0218,0.0669,50,48.105,7.6842,1.4633,1.3892,0.0016105
"2JLY_A",34,"LYS",0.000279507522546,2.01227038128,0.22034,0.41207,0.021403,2.3141,0.595,0.0399,0.0275,0.5878,40,36.741,8.2416,1.3494,1.2574,0.0021273
"2JLY_A",35,"ARG",0.000228040206858,1.88214191205,0.29562,0.3222,0.0082018,1.9516,0.4052,0.0298,0.0202,0.3771,38,36.447,5.4548,1.2894,1.242,0.0011037
"2JLY_A",36,"ILE",8.9211328991e-05,2.27335982939,0.17259,0.10567,0.003827,1.5012,0.345,0.0101,0.0103,0.018,47,42.205,2.8771,1.3076,1.2777,0.00063925
"2JLY_A",37,"LEU",1.57142554923e-06,1.522366826,0,3.6484e-05,2.1333e-07,1.0264,0.2834,0.0097,0.0094,0.0499,58,53.761,5.3349,1.4155,1.3887,0.00048183
"2JLY_A",38,"PRO",0,2.09702414674,0,0.013426,0.00050255,1.0534,0.3572,0.0107,0.0136,0.0782,41,42.822,4.3772,1.3206,1.3234,0.00059992
"2JLY_A",39,"SER",9.20859610222e-05,0.829086208943,0.0064516,0.0022366,1.9819e-05,1.2615,0.3671,0.0105,0.0111,0.0097,38,37.487,5.2427,1.245,1.2596,0.00050279
"2JLY_A",40,"ILE",1.98329797543e-05,2.41231928583,0,0.00061929,7.6438e-06,1.0456,0.2817,0.0109,0.0089,0.0148,51,50.285,3.2674,1.2974,1.283,0.00026029
"2JLY_A",41,"VAL",2.23647812822e-05,1.9586218315,0,3.8314e-06,2.202e-08,0.8415,0.3038,0.0104,0.0097,0.0189,55,52.654,3.4539,1.3223,1.3103,0.00026414
"2JLY_A",42,"ARG",1.57142554923e-06,1.97516182714,0.43796,0.2586,0.0083485,1.002,0.3431,0.0096,0.0091,0.0147,40,38.351,4.4989,1.1348,1.1473,0.00035827
"2JLY_A",43,"GLU",3.14277518055e-06,2.10783936355,0.11211,0.10162,0.0011007,1.0229,0.3691,0.0102,0.009,0.01,34,33.229,2.5834,1.1083,1.1033,0.00026742
"2JLY_A",44,"ALA",1.57142554923e-06,0.842518508846,0,0,0,0.904,0.3334,0.0097,0.0092,NA,43,42.673,1.6984,1.2281,1.2045,0.0001891
"2JLY_A",45,"LEU",9.57761011731e-05,2.08042117801,0.064677,0.11263,0.0020989,1.0968,0.4148,0.0112,0.0105,0.4265,33,32.856,6.1167,1.0958,1.0948,0.00065568
"2JLY_A",46,"LEU",2.59600331803e-05,1.7124636909,0.78607,0.51273,0.0083494,1.466,0.555,0.0138,0.0155,0.1673,24,23.338,1.6008,0.89197,0.88542,0.00026338
"2JLY_A",47,"ARG",2.89429275934e-06,0.878828172326,0.36861,0.36783,0.0045934,1.438,0.5115,0.0167,0.012,0.2969,25,22.437,2.0647,0.92465,0.8957,0.00019829
"2JLY_A",48,"ARG",0.000463908769192,1.30399416155,0.55839,0.78681,0.0067838,1.1099,0.4266,0.0101,0.0208,0.1555,22,22.862,1.0663,0.93362,0.92322,0.00028199
"2JLY_A",49,"LEU",1.34884999412e-05,0.591138308683,0.11443,0.13652,0.0023028,1.1036,0.3604,0.0264,0.0154,0.4466,36,32.381,1.7878,1.1178,1.0733,0.00030231
"2JLY_A",50,"ARG",0,2.20177752347,0.28467,0.26218,0.0012515,1.0052,0.3434,0.0094,0.0181,0.0074,36,36.135,1.5883,1.1978,1.1555,0.00027208
"2JLY_A",51,"THR",3.14277518055e-06,0.97906789466,0,0,0,0.8221,0.2626,0.0278,0.0086,0.015,47,45.87,2.6909,1.4054,1.3715,0.00019208
"2JLY_A",52,"LEU",0,0.410415703413,0,0,0,0.6946,0.2373,0.0181,0.018,0.0094,55,50.745,5.7296,1.4826,1.4566,0.00017935
"2JLY_A",53,"ILE",3.92258747285e-05,1.74777977501,0,3.3841e-06,1.7178e-08,0.5414,0.1908,0.0255,0.0142,0.0171,66,59.343,5.8053,1.5521,1.5288,0.00022239
"2JLY_A",54,"LEU",0,1.37932984051,0,0,0,1.006,0.2355,0.0261,0.0484,0.0213,57,57.722,2.7692,1.6386,1.5847,0.00033364
"2JLY_A",55,"ALA",0,1.14275254503,0,2.584e-05,1.9977e-07,1.0877,0.2438,0.0607,0.0119,NA,57,54.005,4.5744,1.6631,1.6316,0.0003467
"2JLY_A",56,"PRO",0,1.06049198212,0.0062893,0.0025954,3.1707e-05,1.3625,0.3165,0.0136,0.0139,0.1031,51,47.634,3.3783,1.6182,1.6298,0.00028836
"2JLY_A",57,"THR",1.57142554923e-06,1.35671795273,0.093023,0.026698,0.00047418,1.9696,0.3887,0.0106,0.007,0.0167,49,51.312,2.8726,1.5541,1.5785,0.00033783
"2JLY_A",58,"ARG",0,1.83498208929,0.12774,0.26305,0.0058504,2.7595,0.4815,0.0108,0.0107,0.1959,47,47.23,2.803,1.4904,1.48,0.00045299
"2JLY_A",59,"VAL",0,1.40226573076,0,0.00010728,1.0021e-06,2.7261,0.4997,0.0106,0.0146,0.3485,48,47.335,3.4639,1.5278,1.5086,0.0003738
"2JLY_A",60,"VAL",0,1.61562435012,0,0.0086207,0.00010186,2.0092,0.3378,0.0155,0.0112,0.0173,51,48.828,3.5034,1.6133,1.6058,0.00039098
"2JLY_A",61,"ALA",1.57142554923e-06,1.30988636632,0,7.2351e-05,1.2776e-06,1.9075,0.3701,0.0095,0.0109,NA,51,49.634,3.0207,1.5596,1.547,0.00048054
"2JLY_A",62,"ALA",0.000286402825461,2.23192409102,0.093023,0.037664,0.0010685,2.4499,0.4564,0.0135,0.0128,NA,46,42.117,3.2457,1.4098,1.4051,0.00042761
"2JLY_A",63,"GLU",0,1.97767727866,0,0.0089686,0.00014786,2.4046,0.4514,0.0133,0.0128,0.0089,47,45.692,6.0505,1.4274,1.4225,0.00047068
"2JLY_A",64,"MET",1.57142554923e-06,1.51175544176,0,0.0025476,2.3234e-05,1.731,0.3441,0.012,0.0127,0.0619,51,50.641,4.2582,1.4668,1.4525,0.00052608
"2JLY_A",65,"GLU",0.000286468665913,1.65848434386,0.058296,0.080574,0.0062403,1.9794,0.5099,0.0105,0.012,0.0107,43,42.797,3.8272,1.3226,1.3211,0.00070871
"2JLY_A",66,"GLU",0,2.21227874505,0.18386,0.27487,0.0070287,2.6562,0.6707,0.0141,0.0253,0.4186,33,32.147,5.4515,1.172,1.184,0.00066593
"2JLY_A",67,"ALA",1.57142554923e-06,1.04919071283,0.17829,0.099886,0.0050425,2.5059,0.6136,0.0409,0.0215,NA,36,35.666,7.0885,1.2439,1.2585,0.0010861
"2JLY_A",68,"LEU",1.57142554923e-06,1.35933236719,0,0.0015556,1.6188e-05,1.5734,0.4052,0.0256,0.1203,0.0115,38,40.363,6.4488,1.2464,1.2583,0.0007953
"2JLY_A",69,"ARG",0.000279507522546,1.8972534638,0.68248,0.51606,0.013997,1.2565,0.586,0.0738,0.0217,0.7621,31,29.591,5.843,1.0539,1.0497,0.0010531
"2JLY_A",70,"GLY",0,0.264805522451,0.81731,0.83075,0.008955,1.2752,0.6186,0.0267,0.0548,NA,21,24.3,6.8612,0.87844,0.89614,0.00050247
"2JLY_A",71,"LEU",0.000297540973565,1.07188251878,0.059701,0.078833,0.0035324,1.1261,0.3941,0.0709,0.0196,0.0214,34,36.097,6.8324,1.0238,1.046,0.00042878
"2JLY_A",72,"PRO",0,2.04940614529,0.47799,0.48971,0.0057281,1.2618,0.4779,0.0107,0.0262,0.0285,33,35.22,3.8809,1.0074,1.0217,0.00022703
"2JLY_A",73,"ILE",2.89429275934e-06,0.837755775492,0.020305,0.0017327,1.1985e-05,0.9317,0.4687,0.0213,0.0077,0.0147,41,41.897,2.2776,1.2175,1.2324,0.00019462
"2JLY_A",74,"ARG",0,1.69269363669,0.33212,0.28894,0.001125,1.2893,0.5553,0.0106,0.0194,0.0245,37,37.018,2.0751,1.2075,1.2333,0.00023324
"2JLY_A",75,"TYR",0,0.91389885444,0.022814,0.0079544,7.5916e-05,1.3309,0.5638,0.0166,0.0601,0.0069,42,40.85,1.8981,1.2747,1.2801,0.00034202
"2JLY_A",76,"GLN",0,1.73286205991,0.17333,0.13496,0.0037235,1.823,0.5155,0.0605,0.0467,0.0123,37,40.331,3.5719,1.2308,1.2399,0.0005891
"2JLY_A",77,"THR",0,1.39729159781,0.02907,0.033411,0.00044048,2.169,0.6163,0.0764,0.0132,0.1767,38,36.071,2.66,1.2749,1.2705,0.0029078
"2JLY_A",78,"PRO",0.000277103065619,1.18032979002,0.77987,0.77409,0.027443,2.9036,0.828,0.0132,0.0589,0.1015,27,26.513,10.785,1.0973,1.0948,0.0034492
"2JLY_A",79,"ALA",1.57142554923e-06,1.12357995187,0.069767,0.14995,0.014693,2.8219,0.7552,0.0847,0.0945,NA,35,33.365,8.5267,1.2458,1.2086,0.0051218
"2JLY_A",80,"VAL",0.000447782405639,1.12795882351,0.051724,0.15352,0.01255,2.2837,0.741,0.2138,0.0272,0.6782,34,31.875,3.8343,1.1706,1.1386,0.0017301
"2JLY_A",81,"LYS",0.000235134173071,1.32981353972,0.97881,0.95709,0.017887,1.704,0.8082,0.0676,0.6568,0.6316,22,23.379,5.355,0.9544,0.93259,0.0011984
"2JLY_A",82,"SER",0.000328806635461,1.94141217284,0.27742,0.21975,0.01086,1.8256,0.5997,0.2862,0.0247,0.7011,25,26.265,5.9599,0.91431,0.94988,0.0019994
"2JLY_A",83,"ASP",7.35940340282e-06,1.50882624768,0.82902,0.76372,0.0039107,1.7781,0.7665,0.0301,0.322,0.199,18,21.235,4.3972,0.79202,0.83417,0.00099172
"2JLY_A",84,"HIS",2.89429275934e-06,1.43829296809,0.45982,0.18605,0.0025119,1.6265,0.5141,0.2371,0.0175,0.0167,21,22.43,1.6355,0.88408,0.9393,0.00035529
"2JLY_A",85,"THR",0,2.32727676416,0.78488,0.63009,0.0087868,3.4925,0.9327,0.0368,0.0212,0.0183,14,16.145,1.7013,0.75502,0.80894,0.00034389
"2JLY_A",86,"GLY",0,0.264805522451,0.49038,0.33942,0.014305,2.8671,0.8693,0.0392,0.0393,NA,14,18.919,6.2335,0.80428,0.8809,0.0015293
"2JLY_A",87,"ARG",0.000263773550536,1.7716251499,0.88686,0.92177,0.0097658,1.4525,0.7479,0.0846,0.0241,0.5933,19,18.091,2.6888,0.79949,0.81012,0.00041664
"2JLY_A",88,"GLU",0,1.28316552743,0.022422,0.066242,0.00080578,0.8377,0.3881,0.0186,0.0178,0.0092,30,28.841,1.8085,1.0284,1.0237,0.00025953
"2JLY_A",89,"ILE",0,2.1918788716,0.11168,0.23975,0.0035363,1.189,0.4751,0.0432,0.0227,0.4595,34,32.867,0.53275,1.099,1.0817,0.00032341
"2JLY_A",90,"VAL",2.89429275934e-06,1.51957404645,0,0,0,0.7247,0.2824,0.0197,0.0126,0.009,44,42.484,1.8376,1.315,1.3041,0.00016641
"2JLY_A",91,"ASP",1.57142554923e-06,2.16898823451,0,0.0011952,9.782e-06,0.787,0.2809,0.021,0.0103,0.0108,46,47.525,2.3977,1.3684,1.3758,0.00018018
"2JLY_A",92,"LEU",0,1.3221753335,0,0,0,0.8739,0.3224,0.0156,0.0116,0.009,55,54.357,4.47,1.4759,1.473,0.00021527
"2JLY_A",93,"MET",0,1.79895442165,0,0.0015,1.3863e-05,1.6834,0.3409,0.0263,0.0145,0.4374,46,46.347,2.5404,1.5019,1.5014,0.00055885
"2JLY_A",94,"CYS",1.57142554923e-06,1.83496652502,0.05988,0.0034691,5.0318e-05,1.2199,0.2496,0.0175,0.0108,0.3949,49,48.34,1.9977,1.592,1.587,0.00048288
"2JLY_A",95,"HIS",0,1.44388019045,0,0.0001369,6.4602e-07,1.2733,0.2336,0.009,0.0085,0.0116,47,49.644,3.0019,1.6381,1.6355,0.00025397
"2JLY_A",96,"ALA",4.46556644058e-06,2.18012646389,0.24031,0.32063,0.0048574,1.0755,0.2788,0.013,0.0164,NA,46,47.523,4.2576,1.5381,1.5275,0.00031932
"2JLY_A",97,"THR",4.46556644058e-06,2.10570231469,0.22674,0.19084,0.0044434,1.4131,0.2969,0.0151,0.0143,0.4557,40,41.636,3.0415,1.4308,1.4302,0.00039141
"2JLY_A",98,"PHE",0,1.78266752587,0,0.00016944,8.399e-07,0.8929,0.2528,0.0098,0.01,0.0072,48,47.659,2.736,1.4882,1.4883,0.00026323
"2JLY_A",99,"THR",0,1.34401450415,0,0.00051938,3.8792e-06,0.85,0.2567,0.0122,0.0113,0.0225,48,49.453,2.2933,1.5453,1.5293,0.00016651
"2JLY_A",100,"THR",8.9211328991e-05,2.12755164114,0.11047,0.052523,0.0010666,1.2997,0.3105,0.0126,0.0132,0.0902,44,44.023,5.3383,1.4088,1.4198,0.00032975
"2JLY_A",101,"ARG",3.14277518055e-06,2.28688570872,0.20803,0.27751,0.0037401,1.4509,0.3459,0.0143,0.0133,0.1805,39,35.165,3.04,1.3143,1.3361,0.00033634
"2JLY_A",102,"LEU",2.89429275934e-06,0.509490859154,0.024876,0.022378,0.000544,1.3196,0.3366,0.0136,0.0245,0.0212,43,40.922,5.2634,1.3629,1.3522,0.00046741
"2JLY_A",103,"LEU",0,0.72867944122,0,0.00085904,7.9635e-06,1.4741,0.3404,0.0418,0.0355,0.0144,46,44.198,4.6312,1.3363,1.3108,0.00040737
"2JLY_A",104,"SER",0,0.760336258675,0.2,0.08748,0.0035846,1.7508,0.5803,0.0638,0.0141,0.3077,31,30.129,1.8432,1.1725,1.1735,0.0005678
"2JLY_A",105,"SER",8.8680714314e-05,2.02796491993,0.32903,0.62838,0.015039,2.0672,0.932,0.0136,0.0244,0.3235,24,22.693,2.4796,0.93967,0.92965,0.00030454
"2JLY_A",106,"THR",0.000162876352768,1.1294253471,0.68605,0.63604,0.022421,1.6929,0.8982,0.0316,0.0235,0.2161,18,17.001,1.6231,0.93583,0.9337,0.0010747
"2JLY_A",107,"ARG",0,1.66364320239,0.69708,0.55161,0.029149,2.6284,0.6768,0.0093,0.082,0.0413,19,20.755,3.3017,0.99347,1.096,0.0011723
"2JLY_A",108,"VAL",1.57142554923e-06,2.05925247268,0.045977,0.061379,0.0016874,1.7376,0.4775,0.0938,0.0196,0.8929,34,32.871,8.0054,1.1217,1.1413,0.00065324
"2JLY_A",109,"PRO",2.89429275934e-06,2.15974411666,0.18868,0.39157,0.0093114,1.9438,0.5866,0.0137,0.015,0.0708,31,32.466,7.1523,1.0539,1.0219,0.00044602
"2JLY_A",110,"ASN",0,0.820572274034,0.4,0.49564,0.01013,1.4011,0.6662,0.0197,0.1203,0.1968,33,29.729,5.6868,1.0563,1.02,0.00047502
"2JLY_A",111,"TYR",0,0.82028300796,0,0.0039518,6.3681e-05,0.9669,0.3818,0.1563,0.0308,0.0097,44,38.111,7.2272,1.2764,1.2095,0.00064882
"2JLY_A",112,"ASN",0,1.95908834281,0.19487,0.24254,0.0044263,0.9892,0.3895,0.0489,0.0228,0.2572,41,38.669,2.3389,1.2629,1.1965,0.00057285
"2JLY_A",113,"LEU",0.000286468665913,1.56824755147,0,5.3068e-05,3.6045e-07,0.7752,0.2829,0.015,0.0137,0.0118,51,47.21,3.104,1.4178,1.3712,0.00030243
"2JLY_A",114,"ILE",3.71875596211e-05,0.397278064463,0,0.0011574,1.1208e-05,0.8803,0.2486,0.0209,0.0145,0.0259,58,55.229,1.5271,1.5211,1.4762,0.00019658
"2JLY_A",115,"VAL",0.000102048814104,1.75667477672,0,0,0,0.9278,0.2624,0.0195,0.0107,0.1559,59,56.491,2.5022,1.5568,1.5047,0.00025444
"2JLY_A",116,"MET",3.14277518055e-06,1.77157559908,0,0.0011458,7.8999e-06,2.3279,0.2999,0.0126,0.0154,0.3409,61,53.516,3.4267,1.6298,1.5509,0.0004486
"2JLY_A",117,"ASP",0,1.72096180961,0,0.0034542,3.2404e-05,2.5137,0.3171,0.0227,0.0155,0.0124,59,56.723,5.7216,1.6282,1.5392,0.00092306
"2JLY_A",118,"GLU",0,0.886724866114,0,0.0030164,1.7819e-05,2.725,0.2423,0.0101,0.0166,0.5328,60,56.941,6.593,1.6273,1.5435,0.0011989
"2JLY_A",119,"ALA",0,0.959216568313,0,0,0,3.0536,0.4057,0.0253,0.041,NA,58,59.814,4.5918,1.5942,1.5772,0.00036453
"2JLY_A",120,"HIS",0,1.1031108621,0.0089286,0.046682,0.00040815,1.3222,0.4045,0.0176,0.2825,0.0219,52,52.868,2.7257,1.5226,1.4954,0.00038243
"2JLY_A",121,"PHE",1.57142554923e-06,1.55064364301,0.1375,0.057403,0.0013484,1.3279,0.3233,0.2857,0.0167,0.0134,51,51.021,4.7454,1.5565,1.534,0.00031032
"2JLY_A",122,"THR",3.14277518055e-06,1.23491791073,0.11047,0.11637,0.001229,1.5211,0.3116,0.0143,0.0395,0.0128,55,49.808,4.298,1.494,1.4641,0.00013961
"2JLY_A",123,"ASP",0,1.84179442284,0.19689,0.14562,0.001781,0.7639,0.3199,0.0397,0.0082,0.0088,45,45.392,3.3246,1.5219,1.5302,0.00011592
"2JLY_A",124,"PRO",1.57142554923e-06,1.72578781006,0.10692,0.064025,0.0004803,0.6193,0.2917,0.0097,0.011,0.058,43,46.68,3.4199,1.6158,1.5869,0.00015154
"2JLY_A",125,"CYS",0.000297303985648,1.63754331395,0.023952,0.053812,0.00038731,0.5038,0.219,0.0095,0.011,0.0128,52,51.829,1.9713,1.619,1.6113,0.00015731
"2JLY_A",126,"SER",3.14277518055e-06,0.90188792885,0,0.00011613,7.9176e-07,0.5863,0.2195,0.0109,0.0096,0.4511,50,47.283,2.454,1.6678,1.6521,0.00017606
"2JLY_A",127,"VAL",8.81659342758e-05,1.89828022581,0,0,0,0.5292,0.2164,0.0108,0.0092,0.1056,55,49.617,2.9542,1.6177,1.5955,0.0001432
"2JLY_A",128,"ALA",1.57142554923e-06,0.474952110815,0,0,0,0.7019,0.2232,0.0098,0.0101,NA,53,52.969,1.1204,1.6469,1.6053,0.00015426
"2JLY_A",129,"ALA",3.14277518055e-06,1.18113389116,0,0,0,0.8964,0.2753,0.0101,0.0093,NA,63,54.46,3.4147,1.6232,1.5942,0.00017373
"2JLY_A",130,"ARG",1.57142554923e-06,0.986528593938,0,0.0086204,4.6175e-05,1.2756,0.2791,0.0088,0.0089,0.0102,63,54.395,2.9397,1.5812,1.5396,0.00017829
"2JLY_A",131,"GLY",0,0.988291237701,0,0,0,1.5284,0.3192,0.0143,0.0188,NA,54,48.228,5.0434,1.5713,1.5394,0.00027636
"2JLY_A",132,"TYR",0,1.37323344088,0,0.025503,0.00035755,1.2177,0.3016,0.0108,0.0087,0.0076,60,53.153,5.3507,1.4907,1.4532,0.00023753
"2JLY_A",133,"ILE",0,1.51529425198,0,0.00094416,7.9606e-06,0.6558,0.2811,0.0079,0.0078,0.0102,58,53.566,2.1564,1.4875,1.4333,0.00018193
"2JLY_A",134,"SER",0,2.2319533604,0.025806,0.037183,0.00061441,1.1912,0.2762,0.0095,0.0155,0.2121,46,43.231,2.1122,1.3976,1.367,0.00031265
"2JLY_A",135,"THR",0,2.33120085688,0.02907,0.011244,0.00023557,1.3472,0.3409,0.0164,0.0132,0.3214,40,38.466,3.2417,1.2999,1.2809,0.00043809
"2JLY_A",136,"ARG",1.57142554923e-06,1.88425548672,0,0.018757,0.00026489,1.1588,0.3369,0.012,0.0114,0.0087,44,40.715,3.0886,1.3241,1.2698,0.00032727
"2JLY_A",137,"VAL",0,1.53932750571,0.022989,0.01651,0.00026028,1.0156,0.3846,0.0147,0.0201,0.0213,40,35.526,2.1174,1.3575,1.3075,0.00029349
"2JLY_A",138,"GLU",0.00027791893885,2.22762082944,0.49776,0.44663,0.0049882,1.3064,0.4548,0.0152,0.0139,0.2143,32,29.322,2.5147,1.0962,1.0662,0.00041414
"2JLY_A",139,"MET",0,2.04435932193,0.1875,0.27025,0.0042326,1.325,0.5381,0.0149,0.0358,0.2799,29,27.495,1.6991,1.0003,0.97985,0.00033269
"2JLY_A",140,"GLY",0,0.352362095492,0.10577,0.21296,0.0094093,1.4309,0.5597,0.0398,0.0317,NA,25,23.393,1.7663,1.0364,1.011,0.0011953
"2JLY_A",141,"GLU",0,1.71241503928,0.25112,0.22069,0.0043265,1.5157,0.5899,0.0232,0.0271,0.5182,32,28.693,1.5883,1.0946,1.0125,0.00083236
"2JLY_A",142,"ALA",1.05955763154e-05,0.816194367403,0,0.0031266,9.0319e-05,1.2364,0.4217,0.0256,0.0196,NA,39,32.84,0.98172,1.3491,1.2564,0.0011134
"2JLY_A",143,"ALA",3.14277518055e-06,1.04277878662,0,0.0034212,5.7721e-05,0.9551,0.3355,0.0523,0.0111,NA,43,39.647,0.95713,1.3956,1.3363,0.0006155
"2JLY_A",144,"ALA",0.000262931685811,1.40419513328,0,1.0336e-05,8.007e-08,1.1292,0.2677,0.0145,0.0207,NA,50,48.363,1.5137,1.4752,1.4247,0.0002051
"2JLY_A",145,"ILE",0,1.5903171214,0,1.3536e-05,1.0295e-07,1.3605,0.2835,0.0238,0.0139,0.4519,52,48.546,3.5209,1.4698,1.4129,0.00026684
"2JLY_A",146,"PHE",1.57142554923e-06,1.19159458484,0,0.0020917,1.6712e-05,2.0588,0.3344,0.0196,0.0309,0.0255,51,45.6,3.6905,1.5247,1.4607,0.00030344
"2JLY_A",147,"MET",0,1.97094387258,0,0,0,2.4028,0.3394,0.0299,0.0121,0.0264,44,41.595,5.0671,1.5461,1.4525,0.00064939
"2JLY_A",148,"THR",1.57142554923e-06,0.893815538015,0,0.0026977,3.0962e-05,2.6828,0.4262,0.0124,0.0132,0.0193,45,43.567,6.5805,1.5452,1.4337,0.0017816
"2JLY_A",149,"ALA",0,0.780217818296,0.031008,0.015664,0.00028376,2.6592,0.48,0.024,0.0291,NA,45,44.378,9.6469,1.4432,1.3616,0.00246
"2JLY_A",150,"THR",1.57142554923e-06,1.49857184214,0,0.042605,0.0014146,4.4089,0.8953,0.0322,0.018,0.1356,45,36.376,10.967,1.4242,1.2332,0.0039232
"2JLY_A",151,"PRO",0,2.0993432351,0.18868,0.5672,0.012667,4.446,1.0463,0.0142,0.0164,0.0776,39,31.85,18.836,1.3458,1.135,0.0048983
"2JLY_A",152,"PRO",1.57142554923e-06,1.28517833341,0.081761,0.19392,0.010251,3.4413,0.685,0.0117,0.0239,0.088,39,36.764,15.323,1.2571,1.2118,0.0041749
"2JLY_A",153,"GLY",0,0.264805522451,0.67308,0.33097,0.016928,1.6418,0.5796,0.0276,0.0281,NA,30,32.39,14.602,1.0715,1.1547,0.0024305
"2JLY_A",154,"SER",0.000296425676658,1.80637572781,0.10968,0.18775,0.0027356,2.248,0.5726,0.0205,0.0283,0.2847,34,27.405,3.5701,1.1948,1.1049,0.0013228
"2JLY_A",155,"THR",0.000552869774643,1.88724518937,0.50581,0.53538,0.0063626,1.5254,0.3324,0.0491,0.0353,0.3459,25,24.857,1.067,1.0829,1.0477,0.00063865
"2JLY_A",156,"ASP",0.000292307939457,0.546265915349,0.41451,0.36101,0.0049922,1.5578,0.3044,0.0345,0.0091,0.0132,29,26.261,2.2706,1.0985,1.0684,0.00064919
"2JLY_A",157,"PRO",0.000281941928381,1.86513277693,0.11321,0.15953,0.001914,1.5616,0.3095,0.0154,0.015,0.066,41,37.527,4.9899,1.2877,1.2611,0.00055851
"2JLY_A",158,"PHE",0,1.44494278302,0.30833,0.3315,0.0025871,1.7844,0.3209,0.0199,0.0783,0.0076,40,37.275,3.0212,1.1516,1.1431,0.00072782
"2JLY_A",159,"PRO",0,1.36971745817,0.10063,0.01382,0.00031649,1.8777,0.3402,0.0196,0.0166,0.1133,37,38.673,1.273,1.1506,1.2075,0.0014152
"2JLY_A",160,"GLN",1.57142554923e-06,2.04992637074,0.68444,0.64908,0.0058191,1.2919,0.3299,0.0186,0.0139,0.0909,30,30.855,1.9744,1.0584,1.066,0.0002917
"2JLY_A",161,"SER",0,1.25566516749,0.077419,0.16345,0.0014601,1.6271,0.3216,0.0153,0.019,0.2434,37,35.704,2.7155,1.2016,1.1204,0.00082195
"2JLY_A",162,"ASN",1.57142554923e-06,1.14954527591,0.19487,0.42068,0.020506,2.0089,0.4598,0.0378,0.0588,0.7968,29,25.407,2.8753,1.1232,0.98169,0.0018079
"2JLY_A",163,"SER",8.9727531601e-05,0.98163076044,0.012903,0.11299,0.0044256,1.7001,0.3915,0.0864,0.0157,0.1274,32,26.356,5.1247,1.1202,0.98409,0.0033796
"2JLY_A",164,"PRO",0.000304012086051,0.864948768838,0.67925,0.78844,0.012015,1.5783,0.5718,0.014,0.0474,0.0936,29,26.446,4.3233,0.99043,0.92474,0.0011242
"2JLY_A",165,"ILE",0,0.940265028812,0.055838,0.060832,0.00066379,1.479,0.4172,0.0662,0.0157,0.0206,38,33.851,4.691,1.1538,1.1058,0.0011025
"2JLY_A",166,"GLU",0.000436477426973,1.63312096134,0.41704,0.44013,0.002132,1.3366,0.5175,0.0147,0.0495,0.327,29,26.979,3.3658,1.0317,1.0197,0.00052458
"2JLY_A",167,"ASP",0,1.80316241327,0.27461,0.23063,0.0016802,1.3716,0.5002,0.0765,0.0547,0.3769,35,33.827,1.3237,1.0779,1.0825,0.00064504
"2JLY_A",168,"ILE",9.36473979158e-05,1.87150975342,0.22843,0.30627,0.017968,1.4823,0.5425,0.0458,0.0248,0.7501,28,25.881,2.07,1.0236,0.99341,0.00053181
"2JLY_A",169,"GLU",0,1.87027288954,0.45291,0.47226,0.0044637,1.5123,0.3808,0.0213,0.0243,0.4147,27,23.349,2.3475,1.0011,0.9963,0.00032152
"2JLY_A",170,"ARG",3.265011948e-05,2.09901957035,0.44161,0.42184,0.0047392,1.5281,0.3857,0.0175,0.0247,0.2559,25,24.468,0.75615,0.96285,0.97189,0.00030154
"2JLY_A",171,"GLU",0.00027791893885,1.88601164074,0.63677,0.63971,0.0036379,1.7863,0.4739,0.0172,0.1213,0.5189,24,23.554,2.0178,0.94254,0.9262,0.00070336
"2JLY_A",172,"ILE",0,0.276033485977,0.010152,0.029915,0.00047579,1.5771,0.4691,0.1282,0.0133,0.0237,33,34.395,2.7981,1.1068,1.0873,0.00058394
"2JLY_A",173,"PRO",0,0.635817906877,0.044025,0.036482,0.0011341,2.1655,0.7193,0.0136,0.0342,0.0947,37,36.143,4.1517,1.0484,1.0299,0.00092664
"2JLY_A",174,"GLU",1.57142554923e-06,2.02545502074,0.29596,0.38151,0.019263,3.0012,1.0876,0.0516,0.0541,0.6213,38,34.469,8.2119,1.0796,1.0307,0.0027032
"2JLY_A",175,"ARG",0,0.81822459339,0.4854,0.68991,0.02349,3.1308,1.308,0.0652,0.5322,0.4812,29,26.415,5.3544,1.0146,0.99544,0.00462
"2JLY_A",176,"SER",0,1.44925484331,0.27742,0.37089,0.011509,3.28,0.7839,0.278,0.0343,0.7706,25,25.624,3.2781,0.97173,0.95621,0.0011692
"2JLY_A",177,"TRP",0,0.87844093543,0.073684,0.066683,0.00060798,2.6068,0.6375,0.0689,0.0202,0.0152,24,24.553,1.2734,0.86998,0.87219,0.0004105
"2JLY_A",178,"ASN",1.53706120368e-05,1.84386789959,0.8359,0.71926,0.01749,2.6732,1.0871,0.0608,0.0757,0.6049,19,20.549,4.1437,0.70649,0.73393,0.0010566
"2JLY_A",179,"THR",9.61728321304e-05,1.50264583722,0.73256,0.77708,0.0031973,2.6089,1.2255,0.0651,0.0334,0.2648,16,15.695,2.7993,0.71204,0.68979,0.00046689
"2JLY_A",180,"GLY",0,0.264805522451,0.65385,0.71471,0.0048598,2.1667,1.031,0.0233,0.0868,NA,15,15.399,1.8064,0.71357,0.69809,0.00028315
"2JLY_A",181,"PHE",0.000517427935826,1.07448110333,0.14167,0.20774,0.0032367,1.4809,0.5824,0.0912,0.0468,0.0087,23,22.251,1.5889,0.88985,0.88702,0.0003337
"2JLY_A",182,"ASP",0.000205388819654,2.38469165178,0.47668,0.4135,0.007354,1.3719,0.7535,0.0139,0.0248,0.024,19,21.029,3.749,0.83986,0.86587,0.00095307
"2JLY_A",183,"TRP",0,0.760559371651,0.10526,0.23905,0.0085524,1.014,0.5391,0.0103,0.0082,0.0111,26,25.067,7.6386,0.90703,0.89969,0.00042759
"2JLY_A",184,"ILE",0.000261835797892,0.841752800395,0,8.4602e-05,1.1445e-06,1.3219,0.4214,0.0107,0.0192,0.1007,46,42.773,5.2962,1.0583,1.0533,0.00023999
"2JLY_A",185,"THR",1.57142554923e-06,1.69331491259,0.13953,0.10066,0.0049808,1.663,0.5508,0.04,0.0384,0.0997,33,34.623,6.7701,0.97464,0.99661,0.0006703
"2JLY_A",186,"ASP",2.2532434717e-05,2.06977629001,0.49223,0.56926,0.0031949,1.4532,0.6034,0.0245,0.0541,0.0087,19,19.801,2.8615,0.84002,0.84619,0.00030147
"2JLY_A",187,"TYR",8.81659342758e-05,0.908168106513,0.12167,0.14571,0.0022468,1.1276,0.4181,0.0443,0.0168,0.0079,26,26.487,1.9645,0.94178,0.92405,0.00020633
"2JLY_A",188,"GLN",0.000584479958281,1.35429966929,0.89333,0.88255,0.0084269,1.3363,0.5845,0.0286,0.264,0.7204,22,20.716,3.3136,0.85,0.82602,0.00022435
"2JLY_A",189,"GLY",0,0.264805522451,0.31731,0.28231,0.0047571,1.8412,0.4387,0.2988,0.0397,NA,33,29.647,3.2747,1.0124,0.98972,0.00037028
"2JLY_A",190,"LYS",6.86243856041e-06,1.85739909726,0.17797,0.18022,0.0012522,2.0068,0.4226,0.0512,0.0145,0.0306,40,38.683,1.48,1.2382,1.209,0.00026472
"2JLY_A",191,"THR",3.14277518055e-06,1.18486596294,0,6.5891e-05,4.692e-07,1.4766,0.3254,0.0135,0.0167,0.012,50,46.551,2.397,1.3925,1.374,0.00021849
"2JLY_A",192,"VAL",1.57142554923e-06,1.36444408656,0,7.6628e-06,4.401e-08,1.6274,0.2923,0.0322,0.0126,0.0278,57,53.903,2.8751,1.5047,1.4884,0.00012936
"2JLY_A",193,"TRP",0,1.44527747878,0,0.00041404,3.0891e-06,1.6956,0.272,0.0181,0.0113,0.0108,60,58.36,2.9977,1.501,1.4881,0.00016464
"2JLY_A",194,"PHE",0,1.15584244295,0,5.5556e-06,2.3133e-08,1.7035,0.2512,0.0142,0.0834,0.0044,56,55.797,2.3111,1.5311,1.5208,0.00017488
"2JLY_A",195,"VAL",1.57142554923e-06,1.80634321816,0,0.0050038,5.4489e-05,1.9044,0.3051,0.044,0.011,0.0212,50,49.374,2.7573,1.4613,1.4623,0.00033016
"2JLY_A",196,"PRO",0,1.24906012742,0.081761,0.025627,0.0010308,3.0684,0.5439,0.0145,0.016,0.0965,46,43.643,3.9588,1.3878,1.3921,0.00072536
"2JLY_A",197,"SER",1.57142554923e-06,1.64104710331,0.17419,0.113,0.0032982,3.6458,0.707,0.0169,0.0172,0.1138,40,43.971,4.8417,1.3286,1.3531,0.00057943
"2JLY_A",198,"ILE",3.14277518055e-06,1.36000126202,0.045685,0.081712,0.0026448,3.9205,0.8124,0.0115,0.012,0.1478,36,40.167,3.133,1.2834,1.3292,0.00059782
"2JLY_A",199,"LYS",1.71822430958e-05,1.59036773453,0.45763,0.57311,0.029004,3.8447,0.8307,0.0112,0.0126,0.2061,32,32.643,5.7588,1.1419,1.1757,0.00078772
"2JLY_A",200,"ALA",0.000311293923619,2.16343327507,0,0.071866,0.003048,3.1754,0.5141,0.0121,0.0128,NA,34,34.199,2.2211,1.2383,1.2512,0.00074156
"2JLY_A",201,"GLY",0,1.44200562169,0,0.0032244,7.3417e-05,2.9827,0.4825,0.014,0.0158,NA,40,41.706,3.9849,1.3728,1.3785,0.0003394
"2JLY_A",202,"ASN",3.14277518055e-06,1.7491788481,0.4359,0.31306,0.0063091,3.3526,0.622,0.0118,0.0133,0.3379,32,34.393,1.8865,1.1699,1.1885,0.00046663
"2JLY_A",203,"ASP",4.71404886179e-06,2.09907036682,0.18653,0.17726,0.0043662,3.3913,0.6447,0.0154,0.0114,0.03,27,28.075,1.7268,1.0964,1.1361,0.00040298
"2JLY_A",204,"ILE",1.57142554923e-06,2.08463825704,0,0.0021929,3.6409e-05,2.3847,0.4411,0.0138,0.0089,0.0209,42,43.936,2.0559,1.2417,1.2597,0.00029927
"2JLY_A",205,"ALA",3.14277518055e-06,1.04745931134,0,0.0035762,0.0001486,2.7561,0.513,0.0087,0.0101,NA,41,40.577,2.4256,1.2432,1.2391,0.00027212
"2JLY_A",206,"ASN",0.000264435947038,2.05615503837,0.43077,0.36663,0.0065467,3.8422,0.6517,0.0104,0.0105,0.3055,26,27.411,1.8286,1.0357,1.0483,0.00027702
"2JLY_A",207,"CYS",1.57142554923e-06,1.85536772716,0,0.018739,0.00055775,2.9639,0.5573,0.0105,0.0109,0.3848,31,31.575,3.576,1.0459,1.0728,0.0004047
"2JLY_A",208,"LEU",0,1.24507814639,0,0,0,2.3656,0.5387,0.0108,0.0087,0.0112,39,39.013,1.9565,1.1223,1.1533,0.00026911
"2JLY_A",209,"ARG",6.03676413955e-06,1.60508509578,0.37226,0.49578,0.0077506,3.3776,0.6952,0.0109,0.0118,0.3458,26,25.952,1.0237,1.0325,1.0219,0.00030551
"2JLY_A",210,"LYS",1.57142554923e-06,1.84842511344,0.65254,0.74008,0.013352,3.948,0.8076,0.0114,0.0201,0.3672,18,19.983,2.9723,0.82405,0.85396,0.00035862
"2JLY_A",211,"SER",8.81659342758e-05,2.21426560337,0.35484,0.27708,0.007762,3.493,0.7703,0.0274,0.0367,0.423,24,25.367,1.0849,0.84636,0.89055,0.00065567
"2JLY_A",212,"GLY",3.14277518055e-06,0.725278496632,0.83654,0.70656,0.0046021,3.5859,0.7635,0.0418,0.04,NA,19,20.219,2.9568,0.80216,0.8349,0.00031074
"2JLY_A",213,"LYS",3.14277518055e-06,1.47924189646,0.16525,0.23617,0.0039217,2.6826,0.6198,0.0499,0.0244,0.0155,27,30.103,2.4276,1.0092,1.0168,0.00048936
"2JLY_A",214,"ARG",0.000291857507237,1.37243970634,0.55109,0.48733,0.0011314,3.3835,0.6412,0.0203,0.0268,0.0079,30,30.775,2.3571,1.0351,1.0469,0.00025133
"2JLY_A",215,"VAL",0,0.575036520435,0.034483,0.064391,0.0020509,2.9974,0.5081,0.0281,0.0204,0.2367,39,37.652,2.9729,1.2078,1.2065,0.00025332
"2JLY_A",216,"ILE",1.89486405673e-05,0.920000057914,0.035533,0.029228,0.00073673,2.9496,0.4441,0.036,0.0199,0.0189,47,43.048,1.8776,1.2534,1.2615,0.00029318
"2JLY_A",217,"GLN",0,2.25463216361,0.11111,0.15508,0.0050559,3.0456,0.433,0.0309,0.0622,0.2317,46,46.163,1.4705,1.319,1.3125,0.00030003
"2JLY_A",218,"LEU",0,1.88741039991,0,0.00013267,6.759e-07,2.521,0.4119,0.0522,0.0181,0.04,45,43.099,3.0742,1.4393,1.4222,0.00028076
"2JLY_A",219,"SER",0,0.834795828399,0,0.011518,0.00027248,2.6278,0.4138,0.0189,0.0115,0.3751,39,40.427,3.1587,1.4118,1.4194,0.00031919
"2JLY_A",220,"ARG",0,1.69863916473,0.56934,0.33312,0.0052512,2.8586,0.5012,0.0151,0.0267,0.4391,31,35.895,8.0129,1.2717,1.3586,0.00049963
"2JLY_A",221,"LYS",4.12329588224e-06,2.14312786443,0.44068,0.36594,0.0051886,3.375,0.5714,0.0301,0.0486,0.1391,27,29.618,4.6018,1.1216,1.224,0.00058985
"2JLY_A",222,"THR",0,1.92968607009,0.28488,0.17574,0.0027545,3.443,0.5883,0.047,0.0229,0.0546,30,29.424,2.8608,1.1784,1.235,0.00040355
"2JLY_A",223,"PHE",3.14277518055e-06,1.13468944429,0.0125,0.014119,0.00022546,2.8777,0.4697,0.0235,0.0322,0.0054,34,33.154,1.8128,1.3119,1.3333,0.00032505
"2JLY_A",224,"ASP",8.18500177693e-06,1.68017004191,0.39896,0.44903,0.0055646,3.2338,0.6175,0.015,0.0339,0.0121,26,25.632,5.3668,1.1029,1.1188,0.00065711
"2JLY_A",225,"THR",0.000263194194859,1.71032545256,0.63372,0.6529,0.0058945,3.9455,0.7159,0.0583,0.0278,0.6155,22,19.921,1.9757,0.98985,1.029,0.00032557
"2JLY_A",226,"GLU",0,1.62996764618,0.076233,0.077178,0.0017922,3.7795,0.5968,0.0393,0.0122,0.2566,32,29.207,4.5927,1.1953,1.2023,0.00081317
"2JLY_A",227,"TYR",0,1.87573596574,0.011407,0.034925,0.00049865,3.1852,0.5343,0.0121,0.0088,0.0052,42,39.384,2.721,1.2891,1.2907,0.00046035
"2JLY_A",228,"PRO",0.000398083532847,2.02259215209,0.50943,0.41637,0.0046588,3.5378,0.5648,0.0109,0.0162,0.0379,30,28.964,5.1008,1.0957,1.1007,0.00054946
"2JLY_A",229,"LYS",1.57142554923e-06,1.51412792294,0.48305,0.43999,0.0020445,3.4608,0.6484,0.0156,0.0141,0.0781,27,27.249,4.7473,1.1021,1.097,0.00040183
"2JLY_A",230,"THR",1.57142554923e-06,1.96165531104,0,0.0046434,0.00013158,2.525,0.657,0.0154,0.0123,0.0622,36,35.406,2.5095,1.241,1.2136,0.00069696
"2JLY_A",231,"LYS",0.000277218145505,2.31750116661,0.26695,0.38947,0.026588,3.0707,0.6268,0.0196,0.0268,0.2513,27,25.123,6.886,1.0871,1.0447,0.0018192
"2JLY_A",232,"LEU",0.000558960438552,1.58119054406,0.59701,0.61571,0.006468,3.911,0.7165,0.0374,0.0272,0.0598,21,19.993,0.79382,0.96987,0.93248,0.00062445
"2JLY_A",233,"THR",9.31299217846e-05,1.50655470113,0.73256,0.65562,0.0050675,3.9525,0.7072,0.0564,0.0192,0.0116,21,21.336,1.0651,0.86452,0.88629,0.00063022
"2JLY_A",234,"ASP",1.57142554923e-06,1.70075438831,0.40933,0.47648,0.0025062,3.722,0.8797,0.0142,0.0456,0.412,23,20.919,1.766,0.87813,0.85328,0.00034039
"2JLY_A",235,"TRP",0,0.613107216102,0.0035088,0.0089357,6.0923e-05,3.3166,0.6551,0.0164,0.0129,0.0064,34,32.127,1.581,1.0987,1.074,0.00031287
"2JLY_A",236,"ASP",0,1.51068745772,0.062176,0.04294,0.00072937,2.5287,0.4968,0.0179,0.0124,0.0072,38,37.729,1.5958,1.1651,1.1598,0.00023533
"2JLY_A",237,"PHE",0.000286468665913,1.29787065936,0,0.00066111,3.7784e-06,2.1997,0.3914,0.0179,0.0194,0.008,50,48.347,1.4248,1.3476,1.343,0.00016238
"2JLY_A",238,"VAL",1.57142554923e-06,1.49258995014,0,0,0,2.2501,0.3427,0.0265,0.0314,0.0321,57,53.821,1.9845,1.4489,1.4444,0.00014616
"2JLY_A",239,"VAL",4.46556644058e-06,1.39667055916,0,0.0021188,2.0208e-05,2.2615,0.3402,0.0364,0.0184,0.0276,56,53.568,1.6692,1.4801,1.4758,0.00014194
"2JLY_A",240,"THR",0,1.26577944443,0,3.1008e-05,1.7944e-07,2.1067,0.3237,0.024,0.0193,0.0124,46,50.155,2.8051,1.5553,1.5357,0.00014528
"2JLY_A",241,"THR",0,1.3950246739,0.063953,0.044682,0.00066421,2.0318,0.316,0.0559,0.0259,0.0288,48,50.107,4.637,1.5325,1.5233,0.00016312
"2JLY_A",242,"ASP",0,0.951695353173,0.21244,0.21607,0.0027989,2.3304,0.3603,0.0203,0.0272,0.0095,53,50.825,5.044,1.5261,1.5194,0.00021157
"2JLY_A",243,"ILE",0,1.55149439947,0.040609,0.072623,0.0021006,3.0524,0.5547,0.0135,0.0171,0.0163,48,47.805,4.3668,1.5258,1.522,0.00013943
"2JLY_A",244,"SER",0,1.66772350592,0,0,0,2.5964,0.3972,0.0413,0.0417,0.0088,56,51.095,2.9949,1.5738,1.5788,0.00013526
"2JLY_A",245,"GLU",3.14277518055e-06,1.32551403549,0.013453,0.0048789,4.8728e-05,1.1867,0.2807,0.011,0.016,0.3701,55,53.325,2.6839,1.6012,1.596,0.00014903
"2JLY_A",246,"MET",0,1.30235282781,0,0.00015476,1.1194e-06,1.9136,0.5194,0.0569,0.6588,0.0125,52,49.447,7.1826,1.5913,1.6007,0.00022484
"2JLY_A",247,"GLY",0,0.264805522451,0,0.0059808,0.00010551,2.2376,0.4844,0.4646,0.0895,NA,55,51.599,7.8347,1.5459,1.5637,0.00022066
"2JLY_A",248,"ALA",1.57142554923e-06,1.54003626203,0,0.00016021,1.3774e-06,2.7075,0.582,0.0412,0.0378,NA,55,53.469,2.8723,1.4948,1.5081,0.00025485
"2JLY_A",249,"ASN",0,1.90840653839,0.020513,0.11756,0.0026741,2.8567,0.6426,0.0537,0.1863,0.0152,47,48.095,4.2992,1.3387,1.3646,0.00032903
"2JLY_A",250,"PHE",1.57142554923e-06,1.69795682808,0,0.0028139,1.8472e-05,2.7068,0.582,0.1313,0.0158,0.0074,48,50.645,3.1723,1.331,1.3475,0.00035582
"2JLY_A",251,"ARG",0.00029490033073,1.41603111167,0.43796,0.4676,0.013498,3.1619,0.9,0.0088,0.0532,0.1557,41,37.149,4.2605,1.189,1.1846,0.00032348
"2JLY_A",252,"ALA",4.46556644058e-06,1.21258189647,0,0.030625,0.00091523,2.3419,0.5156,0.1015,0.0274,NA,45,43.591,3.6816,1.3059,1.2997,0.00058753
"2JLY_A",253,"GLY",0.000347368816634,0.835933241306,0.028846,0.093173,0.0012883,1.6266,0.4888,0.037,0.0207,NA,42,40.008,2.04,1.2661,1.2284,0.00036107
"2JLY_A",254,"ARG",0,1.38857400201,0.0036496,0.0028613,2.3032e-05,1.0598,0.3094,0.0205,0.0123,0.0085,48,44.133,1.0478,1.3918,1.3526,0.00024417
"2JLY_A",255,"VAL",0,1.12255214877,0,0,0,0.8406,0.2432,0.0238,0.0122,0.0248,57,53.077,1.2876,1.4995,1.4666,0.0001343
"2JLY_A",256,"ILE",1.57142554923e-06,0.632785416841,0,0,0,0.8666,0.2021,0.0211,0.0146,0.0211,57,53.653,2.3988,1.4336,1.4166,0.00016037
"2JLY_A",257,"ASP",1.57142554923e-06,0.500207548084,0,0,0,0.9125,0.2027,0.0205,0.0085,0.0078,54,53.625,1.9985,1.4693,1.4587,0.00016359
"2JLY_A",258,"PRO",1.57142554923e-06,1.32085028143,0,0.0062474,9.9428e-05,1.2638,0.333,0.0114,0.0122,0.0831,51,47.243,2.4137,1.3477,1.3505,0.0003162
"2JLY_A",259,"ARG",0,2.16441139874,0,0.008472,4.2306e-05,1.3782,0.2726,0.0076,0.0496,0.0124,47,47.409,1.1746,1.4044,1.393,0.00030018
"2JLY_A",260,"ARG",0,1.62435011303,0.29927,0.30918,0.0044006,1.7193,0.3363,0.1219,0.0161,0.6593,41,41.833,4.7234,1.3689,1.3775,0.0014983
"2JLY_A",261,"CYS",0,2.1603678414,0.1018,0.10883,0.0017221,1.4447,0.501,0.0167,0.0172,0.6317,38,41.275,4.0579,1.3869,1.4104,0.0013058
"2JLY_A",262,"LEU",0.000264294511774,1.24330935088,0.28358,0.18518,0.0016756,1.5552,0.5213,0.0451,0.0374,0.0185,36,36.796,2.6455,1.3338,1.3504,0.0010132
"2JLY_A",263,"LYS",1.57142554923e-06,1.82701401246,0.042373,0.055469,0.00106,1.632,0.486,0.0487,0.0141,0.0585,36,36.709,2.5505,1.3501,1.3376,0.00042349
"2JLY_A",264,"PRO",0,1.51170450174,0.09434,0.069073,0.00056648,1.1307,0.3579,0.0116,0.0114,0.0569,40,40.163,3.752,1.3903,1.3784,0.00029068
"2JLY_A",265,"VAL",3.14277518055e-06,1.66043658235,0.068966,0.16577,0.001728,1.1451,0.4216,0.0143,0.0213,0.4108,36,34.065,2.1019,1.32,1.2727,0.00056271
"2JLY_A",266,"ILE",0,1.69273250596,0.055838,0.15468,0.0029608,1.3221,0.4607,0.0165,0.0228,0.0509,35,34.498,3.6031,1.25,1.201,0.00056305
"2JLY_A",267,"LEU",1.34744935296e-05,2.19432345363,0.21891,0.2764,0.0048845,2.077,0.5554,0.0652,0.0275,0.4942,25,24.867,1.6909,1.0654,1.0338,0.0003538
"2JLY_A",268,"THR",0.000291878960186,2.05772460843,0.67442,0.64382,0.0082465,3.3662,0.8028,0.0418,0.0364,0.1728,19,16.271,3.7109,0.91613,0.91171,0.00082661
"2JLY_A",269,"ASP",1.24492159843e-05,0.638966218388,0.71503,0.7279,0.0061816,3.9437,1.0004,0.0189,0.4155,0.0248,11,11.365,3.49,0.75855,0.74922,0.00043244
"2JLY_A",270,"GLY",2.89429275934e-06,0.264805522451,0.66346,0.6311,0.019548,3.8868,1.0016,0.4212,0.0402,NA,13,14.323,6.2723,0.74634,0.74746,0.00069344
"2JLY_A",271,"PRO",0.000269457957194,1.79194536782,0.65409,0.49526,0.032347,3.4762,0.8523,0.0153,0.0234,0.0895,20,22.361,7.5596,0.85543,0.87576,0.00091815
"2JLY_A",272,"GLU",1.57142554923e-06,1.35478107372,0.21525,0.20046,0.0027445,2.574,0.6314,0.0217,0.015,0.5437,28,27.166,2.4507,1.039,1.0547,0.00059161
"2JLY_A",273,"ARG",1.57142554923e-06,1.40412245994,0.32847,0.25214,0.007451,1.5374,0.4139,0.0111,0.017,0.0144,39,36.872,3.1244,1.1992,1.2138,0.00081903
"2JLY_A",274,"VAL",0,1.49536742154,0,1.1494e-05,6.5971e-08,0.6215,0.2369,0.0375,0.0112,0.0418,41,40.597,1.1199,1.341,1.3386,0.00036299
"2JLY_A",275,"ILE",1.80707549228e-05,2.32487929174,0.21827,0.26442,0.002127,0.6467,0.3499,0.0257,0.0189,0.3087,33,33.381,2.0878,1.2385,1.2257,0.00040059
"2JLY_A",276,"LEU",0,1.36285671434,0.18408,0.16269,0.0019959,1.11,0.5665,0.0202,0.0628,0.0311,31,30.119,2.8865,1.2602,1.2615,0.00094141
"2JLY_A",277,"ALA",0,2.07680070761,0.1938,0.25192,0.0030107,1.3891,0.6358,0.0958,0.0189,NA,26,26.303,1.0827,1.1572,1.1284,0.00053121
"2JLY_A",278,"GLY",0,0.264805522451,0.375,0.4574,0.0038006,2.1425,0.7592,0.0372,0.0255,NA,25,22.409,4.0644,1.1874,1.1241,0.00077807
"2JLY_A",279,"PRO",0,1.4053574827,0.26415,0.30458,0.013242,2.0757,0.7304,0.0118,0.0221,0.0711,26,28.359,8.8748,1.235,1.2298,0.0027426
"2JLY_A",280,"ILE",8.91940027839e-05,1.75117473444,0.14721,0.23444,0.0021212,1.8686,0.3867,0.0529,0.0204,0.311,31,31.071,3.0349,1.203,1.1895,0.00095785
"2JLY_A",281,"PRO",1.57142554923e-06,0.857488972411,0.16352,0.21328,0.0050027,1.3675,0.2807,0.0127,0.0137,0.0344,32,33.673,4.1707,1.2807,1.2807,0.0005015
"2JLY_A",282,"VAL",6.03676413955e-06,1.95234050199,0,0.052368,0.00068714,1.4584,0.3156,0.0178,0.0085,0.0124,44,44.352,3.9174,1.4198,1.406,0.00022401
"2JLY_A",283,"THR",1.57142554923e-06,1.05198279792,0.046512,0.074043,0.0006046,1.406,0.3203,0.0137,0.0065,0.0264,44,42.806,2.9864,1.4149,1.3954,0.00022897
"2JLY_A",284,"PRO",0.000508578524381,1.8405402506,0.018868,0.023208,0.00033462,1.2896,0.3018,0.0087,0.0103,0.0368,41,39.464,2.0287,1.3967,1.3793,0.00029702
"2JLY_A",285,"ALA",0.000268300984478,0.849206893816,0.046512,0.076935,0.0025071,1.2349,0.3156,0.0108,0.0129,NA,44,42.257,2.6953,1.4789,1.449,0.00038427
"2JLY_A",286,"SER",1.57142554923e-06,1.83595237332,0.051613,0.017402,0.0002808,1.2471,0.3312,0.0112,0.0089,0.3341,55,50.879,2.3669,1.5333,1.5305,0.00018819
"2JLY_A",287,"ALA",0,1.94150590339,0,0,0,1.2478,0.2866,0.0097,0.0087,NA,50,51.185,4.4286,1.5118,1.4968,0.00017757
"2JLY_A",288,"ALA",0,1.70056804744,0,0.00072868,7.767e-06,1.1126,0.2805,0.0098,0.0109,NA,56,51.223,3.9521,1.5244,1.5079,0.00025494
"2JLY_A",289,"GLN",0,1.27409468381,0,0.0025333,1.3173e-05,1.0013,0.2685,0.0117,0.0089,0.0302,58,54.351,5.21,1.5921,1.5885,0.00023112
"2JLY_A",290,"ARG",0,1.49304407456,0,0.0023844,3.0103e-05,1.0168,0.267,0.0098,0.0089,0.0069,61,57.958,3.5746,1.5918,1.5676,0.00015466
"2JLY_A",291,"ARG",1.57142554923e-06,1.41843011848,0.047445,0.054893,0.0002623,1.168,0.2687,0.0112,0.0096,0.0208,61,59.096,1.844,1.5067,1.4747,0.00013316
"2JLY_A",292,"GLY",0,0.559038417991,0,0.00033333,3.3428e-06,1.2902,0.3038,0.0131,0.0162,NA,59,58.503,3.2255,1.5292,1.516,0.00045293
"2JLY_A",293,"ARG",0,1.98923266187,0,0.0024039,1.4886e-05,1.2795,0.341,0.0128,0.0216,0.0111,56,55.796,4.3946,1.5185,1.4983,0.00026072
"2JLY_A",294,"ILE",0.000239497233766,1.39306835575,0,0.0090186,5.9376e-05,1.2831,0.3101,0.0558,0.0112,0.1341,54,52.407,1.6305,1.4449,1.4103,0.00015735
"2JLY_A",295,"GLY",1.57142554923e-06,0.286249402965,0,0.0035,5.2874e-05,2.429,0.3871,0.0173,0.0269,NA,43,42.703,4.3222,1.3493,1.3105,0.00024512
"2JLY_A",296,"ARG",0,1.71615648627,0.025547,0.057109,0.00098377,2.6842,0.5546,0.026,0.0759,0.3933,43,45.445,3.552,1.31,1.3499,0.00061973
"2JLY_A",297,"ASN",5.78828171835e-06,1.19401253473,0.19487,0.31922,0.0081985,3.5011,0.5802,0.1657,0.0325,0.2474,30,32.939,2.9355,1.1165,1.1445,0.00051502
"2JLY_A",298,"PRO",0.000411917985065,1.06266395695,0.73585,0.49983,0.018652,3.483,1.0811,0.0144,0.0232,0.096,23,25.617,11.249,0.96756,0.99689,0.001499
"2JLY_A",299,"ALA",0.000547023130194,1.48475874119,0.82171,0.74967,0.0037073,3.4234,0.9097,0.0491,0.0503,NA,17,20.079,2.5214,0.81277,0.86431,0.0003985
"2JLY_A",300,"GLN",0.00034190626691,2.03275883476,0.33778,0.21235,0.0030774,2.6356,0.5913,0.0235,0.0225,0.0084,22,25.335,4.7605,0.95425,1.0088,0.00071008
"2JLY_A",301,"GLU",3.14277518055e-06,2.06784305566,0.52018,0.63815,0.0021693,2.3388,0.6695,0.0244,0.0278,0.5842,23,21.188,1.2575,0.93939,0.88055,0.00058426
"2JLY_A",302,"ASP",0.00036673367975,1.82372361375,0.55959,0.54425,0.004016,2.0935,0.5744,0.0288,0.0167,0.01,30,26.841,1.8547,0.93802,0.91163,0.00046413
"2JLY_A",303,"ASP",1.57142554923e-06,0.663026215729,0,0.0076546,0.00012483,1.4199,0.5933,0.0155,0.0186,0.008,36,36.795,0.75968,1.2206,1.1728,0.00079995
"2JLY_A",304,"GLN",0,1.51148248314,0.16889,0.14084,0.0024647,1.1744,0.5101,0.0214,0.0154,0.6546,41,39.373,1.5108,1.2636,1.2448,0.00062024
"2JLY_A",305,"TYR",0,1.37144490148,0,2.5349e-06,9.6382e-09,0.8883,0.3693,0.0205,0.0249,0.0037,49,45.613,2.4403,1.3699,1.3437,0.00034933
"2JLY_A",306,"VAL",0.000178245678724,1.61686593786,0,0.0020613,4.3078e-05,0.9114,0.2508,0.0419,0.016,0.0194,43,40.002,1.9086,1.3026,1.2839,0.00015304
"2JLY_A",307,"PHE",0.000253322856573,1.14929647819,0.1,0.089197,0.00074874,0.8731,0.2666,0.0244,0.0288,0.01,42,40.995,3.2555,1.3186,1.3023,0.00021317
"2JLY_A",308,"SER",0.000308304740287,2.09341731434,0.14194,0.13028,0.0028224,1.0875,0.3313,0.0768,0.1017,0.3355,35,33.415,2.6885,1.1736,1.1741,0.00058117
"2JLY_A",309,"GLY",0,0.264805522451,0.27885,0.32879,0.0087987,1.6065,0.4774,0.0439,0.0471,NA,29,27.547,2.2719,1.0113,1.0062,0.00034598
"2JLY_A",310,"ASP",0.00034190626691,1.75690076054,0.63731,0.62181,0.0018424,1.5353,0.4107,0.0654,0.0127,0.182,31,30.889,2.0064,1.0049,1.0103,0.00047157
"2JLY_A",311,"PRO",0,1.0885809872,0.10063,0.07327,0.001158,1.2398,0.33,0.012,0.0301,0.0477,32,32.217,0.52074,1.2321,1.2277,0.00052027
"2JLY_A",312,"LEU",5.69449358121e-06,1.515676335,0.38308,0.36874,0.0040344,1.6653,0.3761,0.0624,0.0179,0.0836,32,29.832,1.9411,1.1606,1.1304,0.00037
"2JLY_A",313,"LYS",0.000348164224975,2.19546196557,0.58051,0.54981,0.030233,1.7287,0.4877,0.0171,0.0337,0.4382,29,27.999,2.7518,1.146,1.0922,0.0015602
"2JLY_A",314,"ASN",8.5881784822e-06,1.22523842218,0.47179,0.43298,0.007561,1.1868,0.3817,0.0315,0.0422,0.0874,27,26.454,3.5916,1.044,1.0247,0.00036373
"2JLY_A",315,"ASP",1.57142554923e-06,1.50903990952,0.0051813,0.021154,0.00023801,1.3968,0.3391,0.0395,0.0141,0.0069,36,36.778,2.4664,1.2088,1.1796,0.00033274
"2JLY_A",316,"GLU",5.29131687594e-06,2.12301769174,0.34529,0.30852,0.0022184,1.1707,0.3472,0.013,0.0198,0.2987,29,28.68,2.3565,1.1419,1.1258,0.00054549
"2JLY_A",317,"ASP",2.89429275934e-06,2.07384797007,0.39896,0.42781,0.0031287,1.345,0.3856,0.0331,0.0191,0.0119,32,30.607,3.7851,1.1466,1.0952,0.00036393
"2JLY_A",318,"HIS",0.000262931685811,1.63651621641,0.11607,0.09986,0.00051519,1.2121,0.3825,0.0133,0.0085,0.0078,41,38.821,1.9547,1.3597,1.3213,0.0003293
"2JLY_A",319,"ALA",0,0.624919598839,0.0077519,0.0057519,5.8896e-05,1.0957,0.3715,0.0097,0.0099,NA,42,41.607,1.4981,1.4251,1.3895,0.00032489
"2JLY_A",320,"HIS",7.01713284448e-06,1.68596515976,0.0044643,0.00024702,1.2818e-06,1.2332,0.3083,0.0124,0.0093,0.011,44,42.036,1.7239,1.5063,1.474,0.00020376
"2JLY_A",321,"TRP",0,1.46381501224,0.017544,0.018954,5.661e-05,1.2908,0.3202,0.0082,0.0143,0.0086,46,44.643,1.2423,1.4367,1.4121,0.0002712
"2JLY_A",322,"THR",0.000264435947038,2.2780083613,0.05814,0.089504,0.0015512,0.8787,0.2713,0.0203,0.0098,0.0552,51,47.141,1.4845,1.381,1.3745,0.00024316
"2JLY_A",323,"GLU",1.57142554923e-06,0.868235182574,0,0.00013154,6.5343e-07,0.6432,0.2588,0.0093,0.0074,0.0081,53,51.063,2.4503,1.5327,1.514,0.000163
"2JLY_A",324,"ALA",3.14277518055e-06,0.649402875874,0,0,0,1.0634,0.2936,0.0097,0.0117,NA,52,53.719,2.0646,1.6214,1.5637,0.00021243
"2JLY_A",325,"LYS",0,2.45440170321,0.0042373,0.0020706,2.2025e-05,1.09,0.2768,0.013,0.0085,0.1101,49,47.649,1.13,1.4674,1.442,0.00017437
"2JLY_A",326,"MET",1.57142554923e-06,1.22780125254,0,0.00091369,7.3945e-06,0.6623,0.2493,0.0095,0.0106,0.0583,54,52.211,3.3769,1.4569,1.4392,0.00015388
"2JLY_A",327,"LEU",0,1.71317490879,0,0.00039138,2.1254e-06,0.9231,0.2631,0.012,0.0093,0.0114,61,59.945,5.2224,1.5164,1.4906,0.00014694
"2JLY_A",328,"LEU",1.57142554923e-06,1.47681353965,0,3.3167e-06,1.6501e-08,1.369,0.3015,0.0102,0.0142,0.0083,56,53.591,3.2385,1.5144,1.4436,0.00020168
"2JLY_A",329,"ASP",3.14277518055e-06,0.841515106009,0,0.0048636,5.9394e-05,1.2995,0.2966,0.0122,0.0179,0.0069,46,42.749,2.271,1.3577,1.3184,0.00024974
"2JLY_A",330,"ASN",3.14277518055e-06,0.963526822119,0,2.3932e-05,1.2224e-07,1.2196,0.3189,0.0291,0.0202,0.006,50,47.571,3.1951,1.3241,1.2923,0.00024347
"2JLY_A",331,"ILE",6.28524656075e-06,0.52876160496,0,0.0018883,1.1937e-05,1.4207,0.3589,0.0374,0.0303,0.0081,50,48.835,2.5779,1.3571,1.2927,0.00049388
"2JLY_A",332,"TYR",9.05244438949e-05,1.59965202697,0.30418,0.30012,0.0058537,2.1409,0.4265,0.0362,0.0255,0.0075,41,37.628,3.9896,1.2065,1.097,0.001264
"2JLY_A",333,"THR",0,1.8590709935,0,0.039004,0.0011683,2.4413,0.6106,0.0941,0.0105,0.1735,37,27.744,12.421,1.1636,1.009,0.0021844
"2JLY_A",334,"PRO",0,1.82973863438,0.43396,0.85437,0.039671,4.6655,1.251,0.01,0.0155,0.056,25,15.954,13.025,0.95039,0.80917,0.0016651
"2JLY_A",335,"GLU",0,1.8776417711,0.43049,0.36423,0.0020052,4.4189,1.1652,0.0169,0.0161,0.0099,18,15.806,2.0871,0.84405,0.80853,0.0002494
"2JLY_A",336,"GLY",1.57142554923e-06,0.264805522451,0.52885,0.66459,0.0064308,4.4918,1.189,0.0188,0.0821,NA,16,16.455,2.7084,0.90095,0.83416,0.00082535
"2JLY_A",337,"ILE",0,2.28324093254,0.48731,0.52527,0.011689,4.0767,0.9878,0.0887,0.0187,0.7788,27,21.751,2.0082,1.0109,0.91055,0.00079663
"2JLY_A",338,"ILE",4.71404886179e-06,1.2679964815,0.11675,0.31062,0.011271,3.3642,0.6364,0.0173,0.012,0.2437,36,33.533,3.187,1.1616,1.0746,0.001194
"2JLY_A",339,"PRO",0,0.680031804533,0,0.00054927,8.5908e-06,1.2715,0.3866,0.0117,0.0376,0.0551,42,41.081,2.0542,1.2886,1.2449,0.00060815
"2JLY_A",340,"THR",0.000342033098468,2.31030191616,0.28488,0.2829,0.0032096,1.6825,0.3352,0.0524,0.016,0.2526,43,40.927,2.1141,1.2245,1.2133,0.00045767
"2JLY_A",341,"LEU",0.000263046104953,2.14831121368,0,0.018143,0.00011748,1.2715,0.3148,0.0162,0.0131,0.0137,49,43.957,2.6946,1.3844,1.3533,0.00055186
"2JLY_A",342,"PHE",1.57142554923e-06,1.51644256986,0.025,0.039528,0.00076445,1.4579,0.3349,0.0161,0.0172,0.0069,43,39.921,3.0812,1.3559,1.3373,0.00064347
"2JLY_A",343,"GLY",9.27742719792e-05,1.14904246971,0.29808,0.29734,0.0061617,2.56,0.5142,0.1044,0.0521,NA,28,27.789,2.8232,1.0953,1.1138,0.00040949
"2JLY_A",344,"PRO",0,1.85280178871,0.53459,0.25686,0.0048776,2.1834,0.4328,0.012,0.0151,0.0727,26,30.169,3.9282,1.1099,1.1626,0.00062976
"2JLY_A",345,"GLU",1.57142554923e-06,1.4876090012,0,0.026993,0.00015672,1.111,0.3221,0.0195,0.0124,0.0083,39,42.491,4.066,1.2694,1.2855,0.00032989
"2JLY_A",346,"ARG",1.57142554923e-06,1.29989074089,0.39781,0.41353,0.0036562,1.566,0.3702,0.0167,0.0101,0.0112,29,30.134,2.1361,1.1481,1.1361,0.0003716
"2JLY_A",347,"GLU",4.46556644058e-06,0.431622027478,0.54709,0.74553,0.0040303,1.8322,0.4739,0.0082,0.0543,0.0669,24,23.013,1.4541,1.0295,0.96014,0.00031037
"2JLY_A",348,"LYS",3.14277518055e-06,2.06354678366,0.19068,0.18246,0.0031035,1.1268,0.3424,0.075,0.0185,0.0125,31,28.489,1.2187,1.1381,1.1124,0.00044609
"2JLY_A",349,"THR",0.00034730887536,2.15907353037,0.14535,0.019934,0.00070908,1.8944,0.3961,0.0367,0.0184,0.01,27,35.127,2.4696,1.0962,1.1806,0.00061935
"2JLY_A",350,"GLN",0.000346000291591,0.287257588213,0.76889,0.71596,0.0073733,1.5124,0.4717,0.0373,0.0436,0.1593,23,25.071,1.7829,0.91941,0.97945,0.00048205
"2JLY_A",351,"ALA",3.14277518055e-06,0.264805522451,0.054264,0.10467,0.0016561,2.6794,0.3533,0.0168,0.0151,NA,23,27.241,2.7716,1.0468,1.0735,0.00062851
"2JLY_A",352,"ILE",4.97091221741e-05,1.54890271152,0.74619,0.63958,0.0039492,2.0375,0.4658,0.0202,0.0118,0.0782,19,25.014,1.4708,0.92697,1.0157,0.00052945
"2JLY_A",353,"ASP",3.14277518055e-06,2.07852667104,0.50777,0.37037,0.0020318,0.9347,0.3862,0.0142,0.016,0.0132,26,28.564,1.6123,0.96967,1.0061,0.00038152
"2JLY_A",354,"GLY",1.57142554923e-06,1.27880759476,0.18269,0.35892,0.0084086,1.1234,0.4049,0.0147,0.0465,NA,25,25.776,0.93712,1.0252,0.99763,0.00068066
"2JLY_A",355,"GLU",1.57142554923e-06,1.65659252191,0.37668,0.53307,0.0020875,0.9089,0.3232,0.0473,0.0198,0.0137,24,24.061,1.0623,1.0106,0.99489,0.00026602
"2JLY_A",356,"PHE",9.07729263161e-05,1.16398605246,0.070833,0.12629,0.00093223,0.8466,0.2879,0.0252,0.011,0.006,37,35.497,1.6604,1.1945,1.1761,0.00027271
"2JLY_A",357,"ARG",0,2.44077957308,0.36861,0.45025,0.0032542,0.8123,0.3026,0.0124,0.0247,0.0094,37,35.149,2.5122,1.1306,1.1166,0.00039098
"2JLY_A",358,"LEU",1.57142554923e-06,0.297469636158,0.014925,0.045808,0.00049102,1.1339,0.3427,0.0357,0.0134,0.0111,33,32.344,1.5013,1.1171,1.0909,0.00031209
"2JLY_A",359,"ARG",0.000225625788713,2.27700687148,0.63869,0.82051,0.0042572,1.2909,0.512,0.018,0.0133,0.2046,26,25.192,2.1179,0.93221,0.91512,0.00018654
"2JLY_A",360,"GLY",0,1.12792391745,0.68269,0.4426,0.005037,1.3962,0.4372,0.035,0.0339,NA,21,23.35,1.6606,0.86131,0.91353,0.00053929
"2JLY_A",361,"GLU",0,1.93773448202,0.50673,0.47929,0.004172,0.9906,0.4715,0.0123,0.0141,0.0169,26,24.685,1.3595,0.94094,0.92424,0.00043324
"2JLY_A",362,"GLN",0.000310377174892,1.6482715093,0.18222,0.19101,0.0036717,0.7118,0.3188,0.0213,0.0098,0.0126,34,30.423,2.5697,1.1776,1.148,0.00038727
"2JLY_A",363,"ARG",0,1.09399342252,0.11679,0.046672,0.0011123,0.7961,0.3514,0.0095,0.0096,0.0116,39,40.31,1.2027,1.2489,1.245,0.00023512
"2JLY_A",364,"LYS",6.03676413955e-06,1.21746043668,0.53814,0.56374,0.0039444,0.8544,0.3591,0.0107,0.0115,0.4499,36,36.847,1.6629,1.1597,1.1501,0.00042854
"2JLY_A",365,"THR",2.89429275934e-06,1.59749649988,0.017442,0.013961,0.0001731,0.6698,0.2634,0.0127,0.009,0.0306,39,39.483,2.3259,1.2685,1.2547,0.00038819
"2JLY_A",366,"PHE",2.89429275934e-06,0.550887840454,0,0,0,0.5786,0.2351,0.0099,0.0093,0.0058,47,47.921,2.6481,1.418,1.4117,0.00020624
"2JLY_A",367,"VAL",5.29131687594e-06,1.17062502498,0.051724,0.010759,0.00017833,0.895,0.2727,0.0108,0.0112,0.5267,50,49.235,2.3158,1.3589,1.3695,0.0003863
"2JLY_A",368,"GLU",0.000262505988118,1.79245847813,0.13453,0.099635,0.0014961,1.0005,0.3211,0.0109,0.0073,0.0105,35,37.783,4.285,1.2659,1.2779,0.00030561
"2JLY_A",369,"LEU",0,1.09750981646,0,0,0,0.972,0.3235,0.0089,0.0121,0.0072,44,41.487,2.2006,1.3952,1.4069,0.00020932
"2JLY_A",370,"MET",4.46556644058e-06,1.10266711292,0.013393,0.081952,0.00031511,1.159,0.3336,0.0155,0.0182,0.1831,43,41.875,1.7076,1.427,1.4505,0.00022984
"2JLY_A",371,"ARG",1.98164867158e-05,2.36731931847,0.35401,0.45987,0.0054762,1.5144,0.3991,0.0188,0.0223,0.0118,31,32.808,3.5268,1.241,1.2801,0.00040139
"2JLY_A",372,"ARG",2.89429275934e-06,1.93504379682,0.57664,0.51201,0.0037149,1.5439,0.4481,0.0459,0.0197,0.5818,26,27.967,1.644,1.1317,1.1604,0.0003096
"2JLY_A",373,"GLY",0,0.38008619837,0,1.2821e-05,1.2319e-07,1.3546,0.3874,0.0178,0.0124,NA,39,38.499,1.4216,1.2706,1.3041,0.00028238
"2JLY_A",374,"ASP",7.35940340282e-06,1.63965495943,0.46632,0.28521,0.0056593,1.3479,0.4025,0.0085,0.0173,0.0073,34,37.989,1.6557,1.2763,1.3328,0.00024524
"2JLY_A",375,"LEU",2.89429275934e-06,1.28109339366,0.0099502,0.013224,7.0599e-05,1.064,0.334,0.016,0.0087,0.0313,42,44.953,2.7557,1.3874,1.4203,0.00015347
"2JLY_A",376,"PRO",2.89429275934e-06,0.951767273271,0.16352,0.1492,0.0019199,0.8453,0.2928,0.0112,0.0088,0.0879,47,48.919,2.1495,1.4119,1.4393,0.00012939
"2JLY_A",377,"VAL",0,1.34595183576,0.04023,0.043356,0.00031924,0.6152,0.209,0.0103,0.0086,0.0153,55,54.315,1.8091,1.4698,1.4826,0.00013522
"2JLY_A",378,"TRP",4.46556644058e-06,1.43449294107,0,0.015481,0.00010013,0.5164,0.2074,0.0075,0.0074,0.007,46,48.002,4.3716,1.4147,1.4219,0.0002194
"2JLY_A",379,"LEU",0,1.40139968276,0,0,0,0.624,0.2503,0.0078,0.0075,0.0102,50,50.883,4.0524,1.4081,1.4193,0.00017704
"2JLY_A",380,"SER",0.000294952773618,0.276033485977,0,0,0,0.7291,0.2701,0.0092,0.0094,0.0091,52,50.671,4.6958,1.4652,1.4743,0.00016939
"2JLY_A",381,"TYR",0.00022715155987,1.24420192711,0.091255,0.11929,0.00085331,0.5036,0.2182,0.0108,0.0084,0.0117,51,50.838,2.0758,1.3944,1.3935,0.00023427
"2JLY_A",382,"LYS",0.00015886765354,1.39446863204,0.16102,0.16945,0.0011149,0.7561,0.2759,0.0104,0.0108,0.0187,43,42.62,2.556,1.2571,1.2674,0.00028572
"2JLY_A",383,"VAL",4.46556644058e-06,1.84134177084,0,0,0,0.8665,0.31,0.0121,0.0099,0.0096,46,43.697,2.3195,1.27,1.2623,0.0001691
"2JLY_A",384,"ALA",5.69449358121e-06,0.276033485977,0,0,0,0.6983,0.2691,0.0106,0.0125,NA,41,39.089,0.65324,1.3203,1.2933,0.00024958
"2JLY_A",385,"SER",0.000262500366035,1.3217715817,0.21935,0.24171,0.0026262,1.225,0.3436,0.0115,0.0176,0.6125,35,31.37,1.1152,1.1306,1.1074,0.00029277
"2JLY_A",386,"ALA",8.9211328991e-05,2.10723284816,0.39535,0.34747,0.0035065,1.5721,0.4017,0.0158,0.0195,NA,29,27.09,3.2561,0.99076,0.98123,0.0003123
"2JLY_A",387,"GLY",0,0.458607044306,0.48077,0.47749,0.0047923,1.391,0.4276,0.0237,0.0283,NA,25,25.357,1.7693,0.94699,0.93887,0.00049167
"2JLY_A",388,"ILE",0.000290453513987,1.93223560369,0.14213,0.20224,0.00203,1.2621,0.4283,0.0285,0.0181,0.0609,32,29.825,1.8707,1.0284,1.015,0.00038525
"2JLY_A",389,"SER",0.000520157734748,1.61060551876,0.39355,0.3419,0.0056602,0.9479,0.4437,0.0273,0.019,0.4593,31,28.89,3.4869,1.0105,0.98841,0.0005905
"2JLY_A",390,"TYR",0,1.36554393766,0.022814,0.080606,0.00099561,1.0427,0.4266,0.0121,0.0122,0.0096,38,37.492,0.82649,1.1109,1.078,0.00044953
"2JLY_A",391,"LYS",0.000523930856321,2.25458731989,0.46186,0.73346,0.0094887,1.4209,0.4705,0.0181,0.0196,0.4485,32,28.549,2.8669,0.95773,0.91431,0.00031406
"2JLY_A",392,"ASP",0,1.24079232775,0.30052,0.27901,0.0038341,1.7166,0.5667,0.0216,0.0138,0.0748,32,30.172,2.0985,0.96857,0.96705,0.00024342
"2JLY_A",393,"ARG",2.89429275934e-06,1.8546618202,0.054745,0.036606,0.00072799,1.9795,0.5033,0.0156,0.0119,0.0072,42,41.184,3.4898,1.087,1.0846,0.00021112
"2JLY_A",394,"GLU",0.000341584020004,1.73793096287,0.42601,0.33806,0.0018425,3.2039,0.5353,0.0098,0.0075,0.0161,35,33.23,1.6315,0.97351,0.96744,0.00018409
"2JLY_A",395,"TRP",2.89429275934e-06,1.76236651208,0,0.018805,9.847e-05,2.3789,0.3957,0.0076,0.0076,0.0065,39,35.757,2.315,1.118,1.0797,0.00021863
"2JLY_A",396,"CYS",1.57142554923e-06,2.06974279441,0,0,0,2.1971,0.3643,0.0094,0.0078,0.0114,48,46.187,4.1377,1.2412,1.2355,0.00013272
"2JLY_A",397,"PHE",3.14277518055e-06,1.00764098483,0.05,0.019861,0.00022923,3.1739,0.4263,0.0118,0.0376,0.0107,36,36.071,1.1825,1.1028,1.1052,0.00029955
"2JLY_A",398,"THR",9.07729263161e-05,1.98610773013,0.52326,0.43226,0.0046119,3.3777,0.4728,0.0644,0.0204,0.0779,25,23.763,1.1404,0.94573,0.93633,0.00036315
"2JLY_A",399,"GLY",1.57142554923e-06,0.264805522451,0.028846,0.033231,0.00059199,2.8361,0.4296,0.0196,0.0239,NA,27,25.227,1.1377,1.0889,1.0598,0.0005011
"2JLY_A",400,"GLU",0.000488402118893,1.69253850603,0.40807,0.43193,0.011107,3.7548,0.577,0.0257,0.0132,0.5652,22,21.227,1.5033,0.84991,0.86739,0.00076108
"2JLY_A",401,"ARG",0.000258504376665,1.36553500101,0.85036,0.64236,0.0076679,4.4605,0.7307,0.0124,0.0144,0.3104,19,21.029,2.0319,0.77462,0.81337,0.00049672
"2JLY_A",402,"ASN",1.57142554923e-06,1.55380482727,0.75897,0.60503,0.013454,3.6448,0.7762,0.0141,0.0199,0.5922,21,25.326,6.1545,0.81995,0.85869,0.00070894
"2JLY_A",403,"ASN",4.46556644058e-06,1.59554035517,0.0051282,0.011203,0.00034821,3.1043,0.593,0.0215,0.0119,0.0151,31,32.083,3.2452,1.0589,1.0906,0.00068511
"2JLY_A",404,"GLN",1.57142554923e-06,2.25558804222,0.057778,0.025793,0.00039555,3.4423,0.5063,0.0098,0.0122,0.0057,32,32.131,2.4446,1.0419,1.0665,0.00040764
"2JLY_A",405,"ILE",0.000287945673656,1.58116663734,0.020305,0.0079222,0.00013771,3.4325,0.5018,0.0172,0.0116,0.0149,40,39.856,1.14,1.0845,1.0994,0.00035735
"2JLY_A",406,"LEU",0,1.15273973364,0.53234,0.38219,0.0081617,3.7507,0.6072,0.0219,0.0181,0.1281,28,26.235,3.1874,0.98754,1.0033,0.00052634
"2JLY_A",407,"GLU",1.57142554923e-06,2.20014278862,0.089686,0.28563,0.014269,3.9677,0.6253,0.0189,0.0178,0.0276,26,22.538,7.3561,0.92564,0.92629,0.0013738
"2JLY_A",408,"GLU",1.57142554923e-06,0.918860000366,0.73991,0.69383,0.0074387,4.2361,0.9194,0.0078,0.015,0.0218,14,11.463,5.1254,0.7407,0.75621,0.0013089
"2JLY_A",409,"ASN",1.57142554923e-06,0.901038702209,0.84103,0.86586,0.0027494,4.2025,1.1135,0.0092,0.0433,0.2614,12,9.6753,1.539,0.72252,0.74022,0.0010219
"2JLY_A",410,"MET",0.000249452576877,1.96911100342,0.70536,0.70986,0.0036632,4.1883,0.9301,0.0861,0.0187,0.687,13,12.811,1.0902,0.77236,0.77386,0.0004461
"2JLY_A",411,"GLU",0.000279309828597,1.94085873334,0.29596,0.18405,0.0035439,4.1007,0.7195,0.0156,0.0221,0.2173,23,21.009,1.635,0.87162,0.88378,0.00031881
"2JLY_A",412,"VAL",1.57142554923e-06,2.14245491107,0.0057471,0.064885,0.00071243,3.8319,0.5767,0.0235,0.0146,0.0147,31,30.367,1.911,0.99077,0.99107,0.00040699
"2JLY_A",413,"GLU",1.57142554923e-06,1.47573991017,0.1435,0.25404,0.0029567,3.9298,0.659,0.037,0.0221,0.4398,30,29.331,3.2141,0.93875,0.96307,0.00055373
"2JLY_A",414,"ILE",1.9640885474e-05,1.08478352052,0,0.088738,0.0014627,4.544,0.5995,0.017,0.0148,0.4697,37,34.075,1.0231,1.0109,0.95658,0.00035998
"2JLY_A",415,"TRP",0,1.89378606132,0.55789,0.6169,0.0023311,3.9427,0.743,0.0173,0.0341,0.0985,25,24.035,1.2143,0.89006,0.88809,0.00035473
"2JLY_A",416,"THR",7.98501809575e-06,1.29230142667,0.05814,0.0031357,6.356e-05,2.9546,0.823,0.0725,0.0129,0.0245,27,27.561,2.1344,0.9551,0.96118,0.00067155
"2JLY_A",417,"ARG",9.15684046573e-05,2.16396220484,0.69708,0.68308,0.011625,2.1595,0.7483,0.0126,0.0248,0.0652,20,21.513,2.3247,0.78643,0.81658,0.0010685
"2JLY_A",418,"GLU",2.89429275934e-06,2.22780657613,0.80717,0.49117,0.0063784,2.239,0.6886,0.0203,0.0235,0.4376,15,17.145,2.9604,0.66172,0.70048,0.00070223
"2JLY_A",419,"GLY",1.57142554923e-06,0.417755921921,0.59615,0.43609,0.01229,3.2863,0.9131,0.027,0.0509,NA,14,13.067,2.2763,0.68717,0.66185,0.00056685
"2JLY_A",420,"GLU",6.03676413955e-06,1.86268321604,0.47085,0.41995,0.0051051,4.3866,0.8948,0.0647,0.0266,0.6914,17,16.542,0.83679,0.73542,0.71624,0.00026265
"2JLY_A",421,"LYS",0.000229287616997,1.58252196821,0.61017,0.57885,0.0035291,4.795,0.8347,0.0393,0.0576,0.3817,21,21.395,1.0249,0.7869,0.81559,0.00036128
"2JLY_A",422,"LYS",3.14277518055e-06,0.876521396023,0.27542,0.2469,0.0042625,4.1259,0.6727,0.0485,0.0129,0.085,28,28.38,0.80147,0.89252,0.89617,0.00023588
"2JLY_A",423,"LYS",8.24590792386e-06,1.86952167014,0.46186,0.41458,0.0033509,3.8313,0.5597,0.0215,0.0112,0.2142,34,31.749,0.64593,0.98516,0.97482,0.00024083
"2JLY_A",424,"LEU",3.14277518055e-06,1.41782379407,0,0,0,3.1093,0.4147,0.0127,0.0128,0.0124,44,42.081,0.80592,1.1586,1.152,0.00017387
"2JLY_A",425,"ARG",0.000264435947038,1.77940422808,0.14599,0.25589,0.0036304,3.0109,0.3969,0.0162,0.0099,0.0142,37,37.701,2.3126,1.2015,1.2047,0.00021562
"2JLY_A",426,"PRO",3.14277518055e-06,1.36709441998,0,0,0,2.1581,0.3255,0.0108,0.0104,0.0869,45,43.919,2.5978,1.2831,1.2795,0.00020667
"2JLY_A",427,"LYS",6.17802348169e-05,1.78165881151,0.47034,0.42784,0.002443,2.1554,0.3215,0.0118,0.0173,0.169,38,34.143,2.2305,1.1558,1.1407,0.00042284
"2JLY_A",428,"TRP",0,1.30214708263,0.077193,0.09357,0.0015482,1.469,0.3306,0.025,0.0224,0.0152,47,45.821,2.1642,1.1879,1.1897,0.00055738
"2JLY_A",429,"LEU",1.57142554923e-06,2.0054902066,0.059701,0.025221,0.00068237,1.9507,0.4329,0.0443,0.0341,0.0347,46,47.287,2.2263,1.238,1.2757,0.00066598
"2JLY_A",430,"ASP",1.57142554923e-06,0.754170436306,0,0,0,0.9824,0.3801,0.0499,0.0096,0.0133,46,45.179,1.5589,1.3571,1.3746,0.00043891
"2JLY_A",431,"ALA",4.71404886179e-06,1.75016144028,0.023256,0.044227,0.0012119,1.1492,0.3659,0.0099,0.0095,NA,40,40.254,2.5258,1.3083,1.3268,0.00052444
"2JLY_A",432,"ARG",5.69449358121e-06,1.95354242743,0.16423,0.1454,0.00077498,1.4517,0.3351,0.0096,0.0198,0.0078,38,40.644,2.7805,1.3331,1.379,0.00024794
"2JLY_A",433,"VAL",0.000343257158752,2.00142711657,0.022989,0.0041686,4.228e-05,1.758,0.421,0.0326,0.0203,0.0112,43,44.087,1.9631,1.3409,1.3855,0.00032132
"2JLY_A",434,"TYR",0,1.37937451558,0.17871,0.25125,0.0028718,2.638,0.5714,0.029,0.0741,0.4333,41,40.123,4.8714,1.2729,1.2969,0.00036526
"2JLY_A",435,"ALA",8.8680714314e-05,1.43718319408,0.39535,0.23045,0.0068761,3.2167,0.8554,0.0154,0.0461,NA,31,35.733,5.741,1.1592,1.2469,0.00094488
"2JLY_A",436,"ASP",1.57142554923e-06,1.44691312282,0.1658,0.039651,0.00077649,3.2412,0.6509,0.0941,0.0624,0.4101,26,34.4,5.8999,1.1415,1.2803,0.0011901
"2JLY_A",437,"PRO",0,2.04575081198,0.44654,0.3764,0.010176,4.0425,0.6106,0.0123,0.0138,0.0943,23,28.633,1.8535,1.0457,1.1545,0.00075756
"2JLY_A",438,"MET",9.23344434434e-05,0.939828065362,0.53125,0.21413,0.0065227,3.9614,0.5715,0.0147,0.0126,0.1435,21,27.839,3.4492,1.0647,1.2059,0.00068847
"2JLY_A",439,"ALA",4.71404886179e-06,2.19710805473,0.17829,0.058724,0.0021814,2.9372,0.4612,0.0118,0.0099,NA,27,30.681,1.952,1.2463,1.3512,0.00039315
"2JLY_A",440,"LEU",1.57142554923e-06,1.81083985762,0.014925,0.02335,0.00051203,3.0365,0.4195,0.0097,0.0091,0.012,36,37.457,2.9021,1.2677,1.3134,0.00035225
"2JLY_A",441,"LYS",0.000290671121636,2.07595026872,0.38983,0.54403,0.0044748,3.7725,0.4821,0.0094,0.0104,0.0422,30,30.559,1.5823,1.0956,1.162,0.00037302
"2JLY_A",442,"ASP",8.7714158811e-05,1.59882835277,0.23316,0.030763,0.00096762,3.1523,0.4208,0.0112,0.012,0.0096,29,30.597,1.3708,1.1676,1.2449,0.00042936
"2JLY_A",443,"PHE",3.14528598841e-06,1.58849814072,0,0.0018083,7.3251e-06,2.4837,0.3712,0.0131,0.0085,0.0121,48,44.991,2.7884,1.2906,1.3279,0.00017348
"2JLY_A",444,"LYS",0,2.14281114556,0.16525,0.23153,0.0030129,3.0278,0.4097,0.0102,0.0104,0.0808,44,40.67,2.6322,1.1833,1.2051,0.00025044
"2JLY_A",445,"GLU",0.000207202224395,1.82768033837,0.27354,0.13598,0.0024842,3.1022,0.4571,0.0102,0.0093,0.1079,30,30.014,2.4928,1.1156,1.1489,0.00030861
"2JLY_A",446,"PHE",0,2.21864554393,0,0,0,2.3502,0.4097,0.0121,0.0088,0.0059,41,39.692,3.1739,1.2336,1.2564,0.00023004
"2JLY_A",447,"ALA",6.03676413955e-06,1.10737535833,0,7.2351e-05,6.3618e-07,2.4594,0.4043,0.0109,0.0124,NA,47,46.829,3.5239,1.2038,1.2165,0.00017585
"2JLY_A",448,"SER",9.07729263161e-05,1.34068700102,0,0.012654,0.00081019,2.7103,0.5892,0.0151,0.0157,0.3218,35,34.495,0.66242,1.1032,1.1082,0.00044007
"2JLY_A",449,"GLY",1.57142554923e-06,0.276033485977,0.038462,0.10167,0.0088524,2.5842,0.7831,0.0214,0.0321,NA,32,31.311,3.0042,1.0157,1.0288,0.0004928
"2JLY_A",450,"ARG",0,2.13089019323,0.5073,0.58919,0.016373,2.818,0.7438,0.0533,0.0658,0.2088,23,22.889,1.564,0.92163,0.92297,0.00037298
"2JLY_A",451,"LYS",0.000287613972437,1.71806115984,0.24153,0.306,0.0063834,2.7333,0.8591,0.0942,NA,NA,24,25.425,1.4921,0.97474,0.99545,0.00081558
