"protein","res_num","res_name","omega","entropy","desent","rsa_cr","rsa_avg_md","rsa_var_md","rmsf_avg_md","rmsf_std_md","phi_var_md","psi_var_md","chi1_var_md","cn13_cr","cn13_avg_md","cn13_var_md","wcn_cr","wcn_avg_md","wcn_var_md","bfca","rmsfHS"
"1RD8_AB",1,"GLU",0.0191269505694,0,2.29058606333,0.76682,0.62358,0.006059,4.831,1.1891,NA,0.0427,0.038,30,27.205,1.9174,0.73658,0.71289,0.00025599,54.72,NA
"1RD8_AB",2,"ASP",0.177114811177,1.35079407164e-05,1.74306800468,0,0.017661,0.00029874,3.641,0.9366,0.0236,0.015,0.0086,35,32.143,1.4798,0.98685,0.94231,0.00014134,40.34,NA
"1RD8_AB",3,"THR",0.147140584884,7.4002322211e-06,1.80296781929,0.075581,0.12104,0.0020392,2.8605,0.8208,0.0163,0.008,0.2985,42,41.767,0.93685,1.0676,1.0473,0.00014505,36.6,NA
"1RD8_AB",4,"ILE",0.141791654486,4.81450357108e-05,2.14866351722,0,3.3841e-06,1.7178e-08,1.9634,0.5849,0.0154,0.0128,0.0144,53,53.427,3.1054,1.166,1.1365,8.642e-05,30.7,NA
"1RD8_AB",5,"CYS",0.0372031135995,0,0.6116186615,0.083832,0.066854,0.0019742,2.074,0.5587,0.0233,0.0407,0.0833,52,52.191,1.4357,1.2161,1.1925,0.00024676,48.92,NA
"1RD8_AB",6,"ILE",0.164023117511,1.90930565483e-05,1.62960998354,0,8.7986e-05,5.767e-07,1.114,0.3348,0.046,0.0284,0.5875,53,54.143,3.6986,1.2754,1.2625,0.00017513,34.96,NA
"1RD8_AB",7,"GLY",0.172381305554,7.38686431643e-06,0.264805522451,0,9.6154e-05,1.0393e-06,1.244,0.3949,0.0182,0.023,NA,53,54.447,1.5429,1.3046,1.2976,0.00033502,25.23,NA
"1RD8_AB",8,"TYR",0.21052248056,7.38686431643e-06,1.95547393969,0.0038023,0.0021901,2.5986e-05,1.0987,0.4234,0.0264,0.0146,0.0054,58,55.711,4.0307,1.3252,1.2905,0.0001643,31.23,NA
"1RD8_AB",9,"HIS",0.0297079274088,0,1.61404211304,0.0089286,0.08611,0.0027029,1.8467,0.6021,0.0446,0.0343,0.0266,47,47.011,2.2694,1.2481,1.2112,0.00030656,34.97,NA
"1RD8_AB",10,"ALA",0.0318701572954,0,1.07609294177,0.054264,0.12912,0.0019963,2.0953,0.8237,0.077,0.0595,NA,48,43.329,4.9546,1.2193,1.1717,0.00048185,32.06,NA
"1RD8_AB",11,"ASN",0.150430847729,7.37353330047e-06,2.03843951786,0.041026,0.29435,0.0063455,3.2068,0.9971,0.0607,0.0381,0.7052,38,34.29,4.0259,1.0903,1.0011,0.0012473,47.19,NA
"1RD8_AB",12,"ASN",0.0196732702883,0,1.7431163448,0.58462,0.80504,0.005067,3.6122,1.1068,0.0185,0.0974,0.3226,30,26.343,4.7217,0.90242,0.85156,0.00091774,53.95,NA
"1RD8_AB",13,"SER",0.231643129218,7.37353330047e-06,0.571034037082,0.20645,0.1992,0.0032205,2.6452,0.923,0.2696,0.0411,0.5796,29,25.561,2.093,0.97116,0.93831,0.0035708,50.25,NA
"1RD8_AB",14,"THR",0.0323804762541,0,0.936207073582,0.9186,0.87064,0.02735,2.103,0.7857,0.0907,0.0368,0.3868,22,23.371,9.4075,0.85925,0.84267,0.0030197,53.77,NA
"1RD8_AB",15,"ASP",0.0201119707084,0,2.43854017164,0.19689,0.1533,0.0022487,1.99,0.769,0.1632,0.0325,0.0185,31,31.404,1.4431,1.0378,1.0124,0.00044548,47.66,NA
"1RD8_AB",16,"THR",0.0263963561445,0,2.2084902898,0.21512,0.30295,0.0043882,1.885,0.7229,0.0323,0.0137,0.4112,33,33.757,0.94441,1.0807,1.0393,0.00040103,35.16,NA
"1RD8_AB",17,"VAL",0.209520268586,1.34354102023e-05,0.995451229877,0,0.011663,0.00025231,1.7778,0.6617,0.0136,0.0225,0.0169,44,42.599,1.2598,1.1504,1.1092,0.00039975,30.92,NA
"1RD8_AB",18,"ASP",0.0201041683367,0,1.58462559828,0.07772,0.16623,0.0032791,1.8445,0.6845,0.0582,0.0118,0.0095,38,33.26,2.3273,1.104,1.0736,0.00041756,35.34,NA
"1RD8_AB",19,"THR",0.0170676592584,0,0.776775964291,0,0.011783,7.6194e-05,1.8356,0.8026,0.0165,0.0105,0.0101,33,30.899,1.0598,1.1465,1.1122,0.00035181,34.85,NA
"1RD8_AB",20,"VAL",0.164000378518,1.34354102023e-05,1.99136189828,0.31609,0.35961,0.0053312,2.7685,1.2021,0.0098,0.0188,0.653,23,24.363,1.9967,0.92333,0.90498,0.00078518,36.67,NA
"1RD8_AB",21,"LEU",0.208755101724,7.36023903628e-06,2.26806766593,0.72139,0.83105,0.007,3.0187,1.1888,0.0406,0.0588,0.4131,22,20.627,1.7938,0.81039,0.78897,0.00022667,34.58,NA
"1RD8_AB",22,"GLU",0.148077803873,7.36023903628e-06,1.99432070632,0.30045,0.30958,0.011616,3.0009,1.0591,0.1092,0.0242,0.348,25,23.497,4.3609,0.88002,0.86672,0.00040837,47.3,NA
"1RD8_AB",23,"LYS",0.200705287845,1.34354102023e-05,1.81693947464,0.97458,0.97139,0.008808,3.161,1.0427,0.0285,0.0287,0.4322,18,16.857,3.1049,0.84373,0.80625,0.00060805,50.59,NA
"1RD8_AB",24,"ASN",0.015971150687,0,1.92735906219,0.6359,0.48838,0.0079434,3.1522,0.8688,0.0147,0.0792,0.1529,26,24.748,3.4842,0.89447,0.89594,0.00040851,42.08,NA
"1RD8_AB",25,"VAL",0.0360516679727,0,1.48458852059,0.057471,0.048111,0.00087701,2.0858,0.6748,0.0494,0.0234,0.0839,34,36.657,2.4925,1.0392,1.0261,0.00035829,33.38,NA
"1RD8_AB",26,"THR",0.147065705611,7.36023903628e-06,2.12246248819,0.23256,0.27174,0.0036731,1.8904,0.6658,0.0277,0.0104,0.1208,34,33.736,0.86021,1.0946,1.0628,0.00032335,36.85,NA
"1RD8_AB",27,"VAL",0.0360692142778,0,1.26957305073,0,3.8314e-06,2.202e-08,1.128,0.5233,0.0128,0.0115,0.0975,43,40.883,1.4992,1.2803,1.2473,0.00025713,35.59,NA
"1RD8_AB",28,"THR",0.0170855466967,0,0.878581016639,0.005814,0.0081202,0.0001981,1.4682,0.5892,0.014,0.0157,0.105,43,37.467,2.3652,1.2695,1.2213,0.00029207,30.13,NA
"1RD8_AB",29,"HIS",0.185568803317,1.34354102023e-05,1.28208933928,0.25893,0.31313,0.0014961,1.493,0.682,0.0105,0.01,0.0443,40,37.803,1.7552,1.2318,1.1933,0.000305,35.62,NA
"1RD8_AB",30,"SER",0.208755037045,7.36023903628e-06,1.36109389929,0.019355,0.013368,0.0003065,1.4131,0.7875,0.0138,0.0185,0.0307,44,41.812,3.0587,1.236,1.2075,0.00036235,31.79,NA
"1RD8_AB",31,"VAL",0.360894361775,2.63825432642e-05,2.21314806984,0.16092,0.14707,0.0014199,1.6816,1.0151,0.0387,0.0136,0.0628,40,39.709,2.9962,1.1363,1.1064,0.00031181,30.88,NA
"1RD8_AB",32,"ASN",0.150444829956,7.36023903628e-06,1.25276027723,0.13846,0.22316,0.0022052,1.4243,0.8145,0.0203,0.0097,0.0172,38,36.999,5.9126,1.1421,1.1164,0.0003557,31.74,NA
"1RD8_AB",33,"LEU",0.29428693632,7.36023903628e-06,1.8050554064,0,3.3167e-05,1.9705e-07,1.6357,0.8777,0.0164,0.0122,0.0386,49,44.907,1.9899,1.2151,1.2046,0.00022948,32.77,NA
"1RD8_AB",34,"LEU",0.043787512939,0,0.453950468084,0,0.0039801,5.4755e-05,1.6843,0.8951,0.0222,0.0182,0.0532,41,40.235,1.2391,1.2496,1.2205,0.00028768,38.59,NA
"1RD8_AB",35,"GLU",0.0249962637797,0,1.76530535145,0.06278,0.078293,0.001354,2.2206,1.1063,0.0242,0.0152,0.0073,38,38.049,2.1264,1.2124,1.1587,0.00035015,44.15,NA
"1RD8_AB",36,"ASP",0.51285947797,0.00063255642846,1.16776381346,0.35751,0.3965,0.0028585,2.2604,1.0335,0.0245,0.0213,0.0101,36,33.757,0.99679,1.0766,1.0318,0.00037754,41.51,NA
"1RD8_AB",37,"SER",0.525473738283,0.000425959247177,1.88548876841,0.65806,0.53834,0.0032353,1.9564,1.011,0.0292,0.0233,0.2618,30,28.455,4.2348,0.98566,0.95128,0.00037292,41.64,NA
"1RD8_AB",38,"HIS",0.0356239005447,0,2.2892255539,0.3125,0.26,0.003135,1.7865,0.942,0.0339,0.0137,0.0109,32,31.453,4.1639,1.0982,1.0488,0.00080383,40.08,NA
"1RD8_AB",39,"ASN",0.145921300234,1.90249840857e-05,2.32564735746,0.38462,0.40115,0.0019308,1.9377,1.0927,0.0173,0.0133,0.0157,29,28.471,1.7904,0.97037,0.95172,0.00055344,33.72,NA
"1RD8_AB",40,"GLY",0.016773947189,0,0.502284483319,0.29808,0.31855,0.0027451,1.9995,1.0177,0.0143,0.0192,NA,29,26.179,1.5642,1.0437,0.99293,0.00038826,34.61,NA
"1RD8_AB",41,"LYS",0.148410871514,1.34354102023e-05,1.8797558617,0.39831,0.41056,0.0017438,1.9444,0.98,0.0244,0.0131,0.2226,33,31.533,0.8028,1.1469,1.1169,0.00025852,39.02,NA
"1RD8_AB",42,"LEU",0.0617620022721,0,1.65377951551,0,0.00021227,1.1108e-06,1.9322,0.855,0.0166,0.0359,0.0116,47,46.651,0.78362,1.2689,1.238,0.0001554,39.38,NA
"1RD8_AB",43,"CYS",0.0375290158105,0,0.276033485977,0.005988,0.0028543,4.1913e-05,1.7859,0.8973,0.0499,0.008,0.0137,43,41.987,0.55021,1.2443,1.2324,0.00011464,53.74,NA
"1RD8_AB",44,"LYS",0.507889402343,0.000315903362101,1.74117038112,0.13983,0.35465,0.00096237,2.0406,0.8718,0.0096,0.0199,0.0314,40,38.885,1.8606,1.2626,1.2503,0.00016929,43.44,3.28993306090171
"1RD8_AB",45,"LEU",0.244935103597,7.36023903628e-06,1.65752984717,0,0.00047098,3.4107e-06,2.2587,1.1395,0.0201,0.0076,0.0106,50,49.646,0.76119,1.2504,1.2925,0.00014096,35.98,2.91042650875055
"1RD8_AB",46,"LYS",0.168891691573,5.81520222816e-05,1.78014450981,0.54661,0.38342,0.0052557,2.9089,1.04,0.0087,0.017,0.2133,33,36.507,1.4496,1.0256,1.0813,0.00025668,47.53,2.94034377458164
"1RD8_AB",47,"GLY",0.0167400563834,0,1.71594231876,0.375,0.2979,0.005536,2.2651,1.0434,0.0178,0.0306,NA,23,28.234,1.9445,0.9663,1.0078,0.00041614,46.84,3.07622715316461
"1RD8_AB",48,"ILE",0.505668311091,0.00037227697431,2.03401622907,0.37563,0.34203,0.0046321,1.6645,0.6622,0.0407,0.0089,0.0512,34,35.299,1.5825,1.0963,1.1013,0.00036316,37.05,2.26880027696639
"1RD8_AB",49,"ALA",0.181704269206,7.36023903628e-06,1.9221179482,0.31783,0.31575,0.0036742,1.7292,0.6004,0.013,0.0121,NA,39,38.749,4.8421,1.1885,1.1578,0.00048226,36.43,NA
"1RD8_AB",50,"PRO",0.0348232755714,0,1.7716508622,0.0062893,0.022197,0.00020698,2.0167,0.7057,0.0162,0.0219,0.0294,51,51.487,4.0792,1.3539,1.2926,0.00031543,31.74,0.99152780514062
"1RD8_AB",51,"LEU",0.381871971403,1.34354102023e-05,1.66626761805,0.0099502,0.036352,0.00087239,1.9801,0.601,0.0421,0.0325,0.0127,47,46.557,2.1748,1.3082,1.2482,0.00030094,39,1.21573729886401
"1RD8_AB",52,"GLN",0.322282821715,5.07998461894e-05,2.1003936797,0.36,0.35731,0.0039942,1.9658,0.6089,0.0584,0.044,0.379,48,43.633,3.2931,1.2284,1.1752,0.00046165,53.77,1.38079885075839
"1RD8_AB",53,"LEU",0.0724983101364,0,1.3007981088,0,0.0014262,2.194e-05,2.2138,0.5011,0.058,0.0315,0.0153,47,43.055,3.5394,1.2633,1.2025,0.00064253,52.39,0.98095357710971
"1RD8_AB",54,"GLY",0.0243974246619,0,0.886975591671,0.17308,0.31481,0.0096328,2.0258,0.6323,0.0216,0.0286,NA,37,36.057,2.3449,1.1301,1.0624,0.00098931,60.66,1.06781085921839
"1RD8_AB",55,"LYS",0.207836209332,6.98952313021e-05,1.78302946398,0.45763,0.55446,0.012279,1.9868,0.6208,0.0265,0.034,0.2801,31,31.713,2.1569,1.0993,1.068,0.00095604,71.34,0.949281831439532
"1RD8_AB",56,"CYS",0.0446499328594,0,0.276033485977,0,0.0008024,1.1244e-05,2.069,0.4783,0.0515,0.0159,0.2494,34,35.721,1.4927,1.3449,1.2872,0.00084647,59.83,0.726971650063239
"1RD8_AB",57,"ASN",0.15708353567,5.64795592191e-05,0.692404463592,0.13333,0.17083,0.0023006,1.5288,0.5057,0.0307,0.0116,0.0667,43,39.635,2.971,1.3331,1.298,0.00025862,36.92,0.842539885661337
"1RD8_AB",58,"ILE",0.307777413427,0.000171633475677,1.44642213471,0,0,0,1.1789,0.4001,0.0088,0.0091,0.0191,48,46.085,2.948,1.3397,1.309,0.00012028,31.27,0.852724688464851
"1RD8_AB",59,"ALA",0.0341036967628,0,1.89320953009,0,0.019028,0.00026819,0.904,0.3316,0.01,0.0124,NA,49,50.046,3.9345,1.3705,1.3326,0.00016545,33.6,0.84757529444266
"1RD8_AB",60,"GLY",0.0219560246068,0,0.264805522451,0,0,0,1.0625,0.3586,0.0124,0.0145,NA,44,42.495,2.9306,1.468,1.4304,0.00023624,32.53,0.683767591061002
"1RD8_AB",61,"TRP",0.332668065529,7.36023903628e-06,1.86893995176,0.021053,0.018975,0.00024853,1.0061,0.3579,0.0137,0.0153,0.0092,45,45.356,2.8018,1.3729,1.3482,0.00016675,35.81,0.654472217813253
"1RD8_AB",62,"LEU",0.489115965158,7.27487380577e-05,1.76288489337,0,0.0001791,1.2889e-06,0.7952,0.3131,0.0142,0.0146,0.1208,54,52.233,4.4098,1.3523,1.3271,0.00013015,40.76,0.762587996309447
"1RD8_AB",63,"LEU",0.0512522429388,0,2.03703556961,0,0,0,0.7236,0.2669,0.0144,0.0112,0.0103,52,50.022,2.6299,1.41,1.376,0.00012927,45.9,0.616599777871562
"1RD8_AB",64,"GLY",0.0166696159317,0,0.264805522451,0.019231,0.016763,0.00029052,1.0322,0.394,0.019,0.0183,NA,49,44.509,4.1727,1.3932,1.3435,0.00022572,46.09,0.571224422654008
"1RD8_AB",65,"ASN",0.0196084544215,0,1.49646779697,0,0.0021573,2.2449e-05,1.5717,0.4192,0.0143,0.0106,0.011,44,40.338,2.5121,1.3566,1.3082,0.0002269,36.62,0.508819273785203
"1RD8_AB",66,"PRO",0.0348270999354,0,1.87435810122,0,0.0080839,0.00030652,2.243,0.5042,0.0102,0.0122,0.025,40,38.253,2.1916,1.1603,1.1103,0.00044256,52.45,0.649912249301506
"1RD8_AB",67,"GLU",0.142504815181,2.42988963704e-05,2.29471164198,0.1704,0.21283,0.0075002,2.5116,0.6991,0.011,0.0255,0.0131,38,36.718,3.3981,1.056,1.0556,0.00046816,58.35,0.756498721104431
"1RD8_AB",68,"CYS",0.0446688913982,0,0.276033485977,0.005988,0.039541,0.00050115,2.7766,0.83,0.0392,0.0183,0.4186,37,35.702,2.2067,1.2218,1.1574,0.00061095,63.75,0.693740398739954
"1RD8_AB",69,"ASP",0.148797049728,0.000112603453717,2.10775330421,0.3057,0.31249,0.0029605,2.6766,0.6595,0.0112,0.0241,0.0082,31,27.261,2.4413,1.0437,0.96784,0.00036034,77.53,1.38458008156916
"1RD8_AB",70,"LEU",0.548087297277,0.00031914309048,0.602923569484,0.63682,0.93791,0.010868,3.5876,1.1598,0.0495,0.0444,0.3142,22,18.704,1.9644,0.91114,0.84095,0.00048907,97.19,2.07854550614796
"1RD8_AB",71,"LEU",0.100643116922,0,1.55397764289,0.20398,0.197,0.0029925,2.3859,0.8071,0.0406,0.035,0.1473,25,23.865,4.3608,0.99021,0.97531,0.00073578,84.69,2.20347438174389
"1RD8_AB",72,"LEU",0.539867911228,0.000341242069314,0.993514857165,1.0149,0.9579,0.01261,2.5273,0.7358,0.0855,0.1017,0.6129,24,20.179,7.4344,0.92501,0.8817,0.00082145,69.09,3.00624701342376
"1RD8_AB",73,"THR",1.61482096766,0.000103034796607,2.33576277926,0.29651,0.43709,0.085309,2.5938,1.3226,0.0595,0.0982,0.1319,29,26.601,33.417,1.0198,0.96276,0.0043173,65.14,2.10346372535668
"1RD8_AB",74,"ALA",0.611156276803,0.000168175493425,1.08702416907,0.58915,0.23073,0.025563,1.8409,0.8074,0.0733,0.0267,NA,25,30.755,13.019,0.99115,1.0204,0.00095621,54.74,NA
"1RD8_AB",75,"SER",0.518128798838,0.000155293527933,2.13502305582,0.54839,0.53755,0.0087719,1.463,0.7369,0.1763,0.0408,0.5123,28,29.114,2.0864,1.0542,1.0283,0.00066258,44.95,1.78310591548766
"1RD8_AB",76,"SER",0.286087569821,1.47195856478e-05,2.11563677634,0.15484,0.22355,0.003195,1.5741,0.6233,0.0188,0.0176,0.4509,34,33.237,1.1524,1.1761,1.1491,0.00027034,37.64,1.36418783070063
"1RD8_AB",77,"TRP",0.0887175263467,0,0.932115493006,0,0.0011977,5.1352e-06,1.6175,0.6992,0.0092,0.011,0.0054,42,41.205,2.6783,1.306,1.2898,0.00029544,37.48,1.00484736443806
"1RD8_AB",78,"SER",0.233149798841,7.36023903628e-06,1.06405691363,0.0064516,0.001157,1.596e-05,1.6794,0.7987,0.0172,0.0123,0.1336,48,48.255,3.0869,1.3353,1.33,0.00022331,41.38,0.933166958527921
"1RD8_AB",79,"TYR",0.21053926859,7.36023903628e-06,1.62472274364,0,0,0,1.8711,0.7832,0.0123,0.0191,0.0051,54,52.301,3.2967,1.4401,1.4025,0.00012259,33.2,0.895940923522804
"1RD8_AB",80,"ILE",0.281266586718,2.07938635284e-05,1.48788859559,0,3.3841e-06,1.7178e-08,1.6983,0.5588,0.0285,0.0117,0.0215,54,52.309,3.1875,1.4286,1.3794,0.00012974,31.02,0.729778032879948
"1RD8_AB",81,"VAL",0.424914523173,0.000286827144869,1.70170925424,0,0.0084444,0.00020782,1.9726,0.5606,0.0282,0.0283,0.0255,49,47.481,2.7755,1.3634,1.3232,0.00034189,30.11,0.932540617350273
"1RD8_AB",82,"GLU",1.59767209059,0.000135526786843,1.62530430168,0.058296,0.042224,0.00048764,1.816,0.5357,0.0525,0.0346,0.1935,38,37.085,1.5639,1.2937,1.2638,0.00043085,36.03,0.925784490806127
"1RD8_AB",83,"THR",0.549763232654,0.000827688186971,1.77467995659,0.11628,0.13164,0.0032578,2.3555,0.6946,0.122,0.0228,0.4064,29,29.311,1.7983,1.1706,1.1379,0.00082706,44.73,1.08124486816243
"1RD8_AB",84,"SER",0.376269265915,3.88849252528e-05,1.99638415049,0.55484,0.53928,0.016085,2.4315,1.055,0.0194,0.0243,0.0129,22,22.234,3.208,0.95225,0.95579,0.0023542,51.31,1.52824567224881
"1RD8_AB",85,"ASN",0.540308878939,0.000102639275479,1.61727838645,0.53333,0.58291,0.031532,2.6679,0.8422,0.1775,0.5235,0.3584,22,20.531,3.3352,0.96746,0.93002,0.00086195,69.7,1.98848326355669
"1RD8_AB",86,"SER",0.368409309993,0.000116529838073,1.03536442219,0.019355,0.26972,0.074455,2.6628,1.5873,0.0702,0.4104,0.4885,32,27.093,8.5191,1.2375,1.0929,0.0078852,62.49,1.34899747689003
"1RD8_AB",87,"GLU",0.408474533004,0.000135127087602,2.11879208026,0.69955,0.55184,0.013083,3.5856,1.377,0.0959,0.0338,0.3125,23,25.587,4.4467,1.0457,0.9725,0.0023001,58.21,1.47744434948977
"1RD8_AB",88,"ASN",0.0156857455673,0,2.46298548998,0.12821,0.14415,0.0046619,2.201,0.6811,0.109,0.2802,0.0175,36,35.021,3.213,1.2002,1.1354,0.0007355,37.14,1.39175144909775
"1RD8_AB",89,"GLY",0.0167845835703,0,0.552073668798,0.067308,0.062506,0.0024128,1.7754,0.5299,0.1585,0.0291,NA,41,38.839,3.2477,1.3409,1.2869,0.00076797,39.32,1.91545150649999
"1RD8_AB",90,"THR",0.147079590631,7.36023903628e-06,1.59431158657,0.23256,0.1545,0.0027311,1.7612,0.5402,0.0175,0.0941,0.1059,47,46.042,6.3178,1.2661,1.2567,0.00039522,39.74,NA
"1RD8_AB",91,"CYS",0.0371296375705,0,0.264805522451,0.011976,0.0097764,0.00028108,2.681,0.7815,0.0494,0.0885,0.48,46,49.227,7.994,1.1955,1.2156,0.00098608,44.1,0.583370597414404
"1RD8_AB",92,"TYR",0.0444172613898,0,0.951539676571,0.0076046,0.022728,0.00012155,1.5067,0.5,0.1348,0.0111,0.008,46,46.982,1.9817,1.2137,1.1981,0.00026329,41.05,0.435441770129006
"1RD8_AB",93,"PRO",0.0348276635578,0,1.91815206076,0.012579,0.06208,0.0010916,1.6571,0.5221,0.0119,0.0197,0.0543,37,38.217,2.5812,1.1414,1.1272,0.00032281,44.46,0.520621359925502
"1RD8_AB",94,"GLY",0.0323970383926,0,0.264805522451,0.16346,0.16535,0.0026796,1.3473,0.4989,0.0428,0.0453,NA,39,35.933,3.4445,1.1852,1.153,0.00053549,41.8,0.735571185162192
"1RD8_AB",95,"ASP",1.60935747474,0.000782623790238,2.12044148961,0.51295,0.48542,0.0065743,1.5401,0.657,0.1005,0.0244,0.029,31,30.257,3.9951,1.1239,1.1013,0.00050098,55.32,0.480119659706309
"1RD8_AB",96,"PHE",0.0413659211179,0,1.10107824782,0.0625,0.061689,0.0007507,0.9101,0.3685,0.0573,0.0397,0.1499,34,34.963,1.3115,1.2282,1.2113,0.00039282,43.62,0.599758438713682
"1RD8_AB",97,"ILE",1.29605222429,9.22875071766e-05,1.91111434056,0.2335,0.31061,0.0044424,1.1481,0.4428,0.0325,0.0096,0.122,27,25.625,1.9209,1.1251,1.0987,0.00034761,30.92,0.860555547944423
"1RD8_AB",98,"ASP",0.357760279402,5.96599752801e-05,1.27102709756,0.39378,0.4152,0.0033691,0.9534,0.4316,0.0086,0.0144,0.0075,27,27.193,2.0342,1.0934,1.0693,0.00027331,36.24,0.746352234604723
"1RD8_AB",99,"TYR",0.036544254733,0,1.71198531367,0.19392,0.13261,0.00076511,0.9746,0.3596,0.0148,0.0117,0.0111,35,36.375,4.2293,1.2156,1.2066,0.0002101,28.78,0.681951064694448
"1RD8_AB",100,"GLU",0.29733049854,2.68672472614e-05,2.33838565236,0.089686,0.076317,0.00088165,1.2488,0.4682,0.0106,0.013,0.0124,29,29.037,3.0213,1.1696,1.1725,0.00028662,35.91,0.642738646660453
"1RD8_AB",101,"GLU",0.0140498559408,0,2.07638748262,0.37668,0.26679,0.0046887,1.2729,0.5214,0.0145,0.011,0.0177,28,27.455,2.1867,1.1459,1.1402,0.00034859,34.19,0.616618521092761
"1RD8_AB",102,"LEU",0.100689120321,0,1.60766745286,0,3.3167e-06,1.6501e-08,1.0817,0.4336,0.0108,0.0081,0.0135,40,37.844,3.57,1.2631,1.2567,0.0002345,26.95,0.721459743504721
"1RD8_AB",103,"ARG",0.410555005406,2.93378547052e-05,2.01714899205,0.043796,0.064929,0.0006733,1.1513,0.4166,0.0105,0.0143,0.0435,43,41.199,2.3999,1.311,1.3035,0.00019615,28.98,0.831753068885185
"1RD8_AB",104,"GLU",0.0251942337813,0,2.20545139852,0.15695,0.14636,0.0022677,1.2621,0.4532,0.015,0.0164,0.0295,33,33.718,3.6809,1.2574,1.2518,0.0004338,36.03,0.784446470888763
"1RD8_AB",105,"GLN",0.323143668134,2.63825432642e-05,2.06133564723,0.24,0.13881,0.0036251,1.273,0.4753,0.0136,0.0214,0.0282,36,41.651,5.0785,1.2178,1.2033,0.00027074,34.84,0.810908671994122
"1RD8_AB",106,"LEU",0.0725530328331,0,1.26901668319,0,3.3167e-06,1.6501e-08,1.3391,0.5447,0.0292,0.0163,0.0515,49,50.851,4.7329,1.3231,1.3037,0.00015113,35.57,0.979735858046885
"1RD8_AB",107,"SER",0.443473458827,3.16555605374e-05,0.874075145196,0,0.012654,8.1852e-05,1.3129,0.6143,0.0124,0.0175,0.0101,50,46.716,2.9586,1.4116,1.3789,0.00022764,36.28,0.984532301190573
"1RD8_AB",108,"SER",0.0394959649451,0,1.92809952373,0.03871,0.010718,5.6367e-05,1.7458,0.8001,0.0199,0.0131,0.2709,42,43.166,3.2486,1.369,1.3643,0.00020948,48,1.53779188315858
"1RD8_AB",109,"VAL",0.500432204584,5.1402468473e-05,2.04278441737,0.0057471,8.046e-05,4.5624e-07,1.9271,0.6199,0.0104,0.0196,0.0417,41,39.445,1.9977,1.3113,1.3056,0.00022387,59.67,1.40713939039125
"1RD8_AB",110,"SER",0.0433921454315,0,1.99037442602,0.43871,0.34829,0.0028664,2.61,0.7617,0.0324,0.0142,0.231,36,32.117,1.0856,1.127,1.0932,0.00033531,62.86,2.23780210546709
"1RD8_AB",111,"SER",0.288286775004,1.90249840857e-05,1.5423635738,0.25161,0.27975,0.0024389,2.1978,0.6957,0.0109,0.0134,0.1142,29,29.948,1.9759,1.0811,1.0597,0.00030745,43.87,2.0306639245192
"1RD8_AB",112,"PHE",0.185047923845,7.36023903628e-06,1.93379886806,0.0041667,0.01815,0.00031129,1.5444,0.5032,0.0204,0.0147,0.0239,33,31.469,1.3833,1.2015,1.1536,0.00026479,35.55,1.76719224650242
"1RD8_AB",113,"GLU",0.408011893713,4.34467707411e-05,1.59949329111,0.28251,0.36624,0.0051147,1.3055,0.5027,0.0115,0.0509,0.484,31,30.105,1.2666,1.077,1.0474,0.00021742,42.58,0.902407762538696
"1RD8_AB",114,"LYS",0.15593011538,7.36023903628e-06,1.67982963552,0.40254,0.32331,0.0038794,1.3786,0.4667,0.0655,0.0159,0.1678,38,34.461,1.719,1.1305,1.0975,0.0003283,37.07,0.591336594793575
"1RD8_AB",115,"PHE",0.0412246830872,0,0.873294101784,0.125,0.13234,0.0009367,1.5915,0.4578,0.0149,0.0093,0.0135,33,29.68,3.1143,1.063,1.0179,0.00022218,35.18,0.590631022260272
"1RD8_AB",116,"GLU",0.0116610944186,0,0.980878936462,0.28251,0.3042,0.0011337,1.7629,0.5869,0.0147,0.039,0.3445,30,28.568,2.3403,1.0821,1.0427,0.0003361,38.28,NA
"1RD8_AB",117,"ILE",0.14590389291,1.34354102023e-05,1.21213733278,0.015228,0.044301,0.00031233,1.8,0.5342,0.0354,0.01,0.0097,39,37.479,1.4772,1.1461,1.088,0.00027772,34.35,NA
"1RD8_AB",118,"PHE",0.0413745374437,0,0.869653072582,0.0083333,0.053997,0.00059941,1.9087,0.5995,0.0112,0.0284,0.0096,39,36.051,1.7586,1.1217,1.0743,0.00029722,37.12,NA
"1RD8_AB",119,"PRO",0.0581076443027,0,2.16751691295,0.2956,0.3529,0.0034537,1.8756,0.7208,0.0151,0.0182,0.0591,27,25.099,4.4065,1.0022,0.97602,0.00047184,35.62,2.28540257674508
"1RD8_AB",120,"LYS",0.142783293374,7.36023903628e-06,1.65796101761,0.29661,0.20697,0.0080919,1.8052,0.706,0.0143,0.0208,0.016,32,29.569,4.9819,1.0076,0.99306,0.0012253,40.88,2.80560855396176
"1RD8_AB",121,"THR",0.514416293336,0.00042481605979,1.59005423363,0.86047,0.73862,0.021509,2.6878,1.0851,0.0775,0.0729,0.4094,18,20.831,12.039,0.79823,0.8189,0.0028933,61.35,NA
"1RD8_AB",122,"SER",0.512911699092,8.03062612651e-05,2.10889776859,0.54194,0.64751,0.0038826,2.3732,0.9489,0.1968,0.0403,0.3345,18,16.224,1.6856,0.79988,0.77983,0.00030679,50.21,2.61462336118645
"1RD8_AB",123,"SER",0.196493775454,7.36023903628e-06,1.1422916684,0,0.14781,0.0039104,2.6169,0.8831,0.0441,0.0211,0.1816,29,25.891,1.8648,0.9486,0.9123,0.00039338,51.1,1.44233762814584
"1RD8_AB",124,"TRP",0.0887175263467,0,1.14004504238,0.0035088,0.0090737,8.4824e-05,2.7633,1.054,0.0159,0.0328,0.0375,36,34.339,2.6873,0.98343,0.97117,0.00043858,49.29,0.97291166847005
"1RD8_AB",125,"PRO",0.493445357839,2.20780389739e-05,1.24368158726,0.68553,0.64081,0.0067534,3.462,1.4054,0.0157,0.0233,0.0429,24,24.124,1.3815,0.79163,0.79601,0.00055342,54.05,NA
"1RD8_AB",126,"ASN",1.61965001517,0.000133066752117,1.86795855425,0.49231,0.45417,0.0034124,3.2095,1.4126,0.0483,0.0253,0.1306,27,27.23,2.5388,0.82916,0.83731,0.0003494,63.28,1.30907530522425
"1RD8_AB",127,"HIS",0.185499206432,7.36023903628e-06,0.968467376953,0,0.0040595,3.6398e-05,2.5084,1.1437,0.0495,0.0187,0.0119,38,38.197,1.6889,1.059,1.0419,0.0003167,55.57,1.09194370344479
"1RD8_AB",128,"GLU",0.533872326143,8.04537907308e-05,1.4551560622,0.10314,0.14429,0.0025837,2.2762,1.1318,0.021,0.016,0.0092,35,34.776,1.1146,1.0549,1.0255,0.00028948,51.42,1.0291311153012
"1RD8_AB",129,"THR",0.514626127989,0.000165589500926,0.559235577997,0.093023,0.044682,0.0010465,2.333,0.8345,0.0259,0.0209,0.0219,37,37.061,1.5186,1.0554,1.0809,0.00049855,53.93,0.994844281382517
"1RD8_AB",130,"THR",0.247252421154,5.07998461894e-05,1.47550955968,0.51744,0.52647,0.0070025,2.8327,0.6052,0.0602,0.0509,0.3957,27,28.995,3.5337,0.8609,0.9319,0.00080391,61.96,1.48993949742891
"1RD8_AB",131,"LYS",1.48864117659,0.00292507339833,1.88211247369,0.7161,0.71037,0.0078525,2.1839,0.9675,0.0619,0.0436,0.3553,26,24.514,3.4574,0.92048,0.9161,0.00048445,61.44,1.10917729271408
"1RD8_AB",132,"GLY",0.0166986929289,0,0.264805522451,0.057692,0.018288,0.00055736,1.9728,0.7942,0.0161,0.3725,NA,36,38.891,6.3117,1.0697,1.0764,0.00061181,43.07,1.0954759927542
"1RD8_AB",133,"VAL",0.190400605241,1.90249840857e-05,2.32836401206,0.29885,0.38452,0.015901,1.66,0.7619,0.2326,0.044,0.5924,31,32.683,6.565,1.0847,1.0377,0.00085557,28.21,NA
"1RD8_AB",134,"THR",0.402995025093,0.000298595954304,1.55107611212,0.063953,0.12484,0.0078516,1.7641,0.7587,0.0321,0.023,0.2879,36,32.885,5.0921,1.0767,1.0256,0.0012358,32.01,0.534198963775262
"1RD8_AB",135,"ALA",0.331020132893,4.40484945407e-05,2.1840868379,0.46512,0.55437,0.0099589,1.99,0.9107,0.0147,0.0333,NA,28,25.969,2.4173,0.98033,0.9328,0.0008773,40.41,0.638287193320837
"1RD8_AB",136,"ALA",0.400468799058,6.06414533464e-05,1.04865533843,0.023256,0.048202,0.0043776,1.8535,0.7842,0.0164,0.0309,NA,34,32.222,1.6525,1.0963,1.0547,0.00096454,45.81,0.524341355348265
"1RD8_AB",137,"CYS",0.044681505919,0,0.264805522451,0,0.027477,0.00085972,2.1929,0.6029,0.0475,0.3161,0.6423,39,34.413,5.7356,1.1948,1.1072,0.0016629,64.1,0.423991848961227
"1RD8_AB",138,"SER",0.34805927435,5.22324351716e-05,1.36613483356,0.25161,0.37034,0.0090914,2.4924,0.8054,0.1833,0.0225,0.5978,29,26.331,4.4456,1.0744,0.9999,0.0013112,49.86,0.917261845100724
"1RD8_AB",139,"TYR",0.440266738691,5.35919746335e-05,2.483853363,0.42966,0.45801,0.023215,2.7496,1.0507,0.0206,0.0132,0.0169,23,22.433,3.2797,0.93855,0.8799,0.0011267,54.44,1.28155366144359
"1RD8_AB",140,"ALA",0.500494601727,0.000146226252171,0.998167215705,0.72868,0.81594,0.0040216,3.3973,1.46,0.0088,0.0227,NA,17,12.991,3.2527,0.7178,0.67655,0.00057279,51.28,NA
"1RD8_AB",141,"GLY",0.033648984817,0,0.393919833648,0.93269,0.90664,0.0039466,3.5812,1.412,0.0348,0.0456,NA,14,11.875,2.3147,0.69897,0.65427,0.00055548,52.71,1.88252186308011
"1RD8_AB",142,"ALA",1.6146281568,0.00078692787973,1.79157893827,0.65891,0.67818,0.0022723,2.5949,1.0609,0.0751,0.0239,NA,16,13.941,0.94578,0.78821,0.75582,0.0002489,48.73,1.69961255310258
"1RD8_AB",143,"SER",1.28557543098,0.000139800145197,2.18119588257,0.31613,0.33841,0.0069899,2.2969,0.9775,0.0204,0.0198,0.6107,25,22.469,1.5848,0.97469,0.93955,0.0010499,47.29,0.940659699350063
"1RD8_AB",144,"SER",0.149903118191,7.36023903628e-06,0.999470939074,0.058065,0.10406,0.0020373,1.8227,0.743,0.0161,0.043,0.0833,29,30.977,3.0715,1.1045,1.0573,0.00067304,36.95,0.642876197210415
"1RD8_AB",145,"PHE",0.0349998973839,0,2.09938678747,0.025,0.035347,0.0006251,1.4307,0.5436,0.0192,0.0159,0.0222,42,41.127,3.1834,1.2155,1.1687,0.00038431,28.98,0.452320026610757
"1RD8_AB",146,"TYR",0.044428287999,0,1.58893313152,0,0.0021115,1.6979e-05,1.3843,0.3676,0.016,0.021,0.0046,48,48.303,1.3349,1.3325,1.2749,0.00020338,36.12,0.41940772811884
"1RD8_AB",147,"ARG",0.492282452408,0.000417488166472,2.27395842445,0.21168,0.24618,0.0027478,1.5446,0.3709,0.0292,0.0175,0.0139,47,45.021,4.2871,1.2161,1.181,0.00029072,39.11,0.638615049923086
"1RD8_AB",148,"ASN",0.0156857456188,0,1.33985109375,0.0051282,0.0093128,0.00014676,1.2715,0.3051,0.0203,0.022,0.0082,41,42.666,2.2052,1.342,1.3074,0.00039573,40.38,0.599530505219623
"1RD8_AB",149,"LEU",0.0723097689456,0,1.348417196,0,6.6335e-06,3.298e-08,1.2133,0.3742,0.0492,0.0194,0.0354,53,51.731,2.3544,1.3939,1.3684,0.00024961,38.8,0.404786656657929
"1RD8_AB",150,"LEU",0.657662725089,5.95837110335e-05,1.01075661487,0.014925,0.0032769,4.566e-05,1.3743,0.5406,0.0301,0.0312,0.8319,47,46.021,2.8788,1.2947,1.2768,0.00017933,39.94,0.365158257659714
"1RD8_AB",151,"TRP",0.0887175263467,0,1.89150167601,0.031579,0.01095,9.993e-05,1.4757,0.684,0.0235,0.0183,0.0137,51,47.901,4.1917,1.2826,1.2759,0.00019223,42.26,NA
"1RD8_AB",152,"LEU",0.101187299916,0,0.367535546846,0,0,0,2.0988,0.8725,0.0202,0.0173,0.0718,53,52.194,4.6942,1.2412,1.2399,0.00016955,41.07,0.398636248025667
"1RD8_AB",153,"THR",0.276285132266,4.78916222062e-05,1.34391807412,0.075581,0.0053915,0.00013289,2.0591,0.9792,0.0202,0.0097,0.0427,42,43.423,2.0187,1.1762,1.1744,0.00020881,51.69,0.425811843292023
"1RD8_AB",154,"LYS",1.61967066169,0.000475644927119,1.52203680575,0.13559,0.20721,0.0023988,2.2175,1.1386,0.0136,0.0157,0.2089,36,36.313,0.68603,1.105,1.0785,0.0003004,54.39,0.613148118512076
"1RD8_AB",155,"LYS",0.4035071396,2.07938635284e-05,1.46297616349,0.54661,0.50139,0.0028508,3.0257,1.4763,0.0267,0.0208,0.2262,28,27.457,1.2183,0.92381,0.888,0.00054135,65.71,1.31822124811
"1RD8_AB",156,"GLY",0.505982885098,9.40563866193e-05,1.21883041696,0.54808,0.81178,0.0028853,4.239,1.9355,0.0156,0.0183,NA,21,17.299,1.5385,0.74632,0.66788,0.00015404,79.28,1.73960377387933
"1RD8_AB",157,"SER",0.201635047734,4.78916222062e-05,0.976682215726,0.67097,0.62002,0.0072722,2.8925,1.6346,0.0105,0.0302,0.2331,21,18.914,2.9165,0.73149,0.71714,0.00067408,83.45,1.90611655680716
"1RD8_AB",158,"SER",0.846507062364,0.000102492456171,1.93381183827,0.48387,0.39609,0.0029306,2.7323,1.4649,0.0332,0.0213,0.3844,27,26.387,1.7638,0.85896,0.85228,0.00054776,59.62,1.34175663297914
"1RD8_AB",159,"TYR",0.0427117253665,0,0.874132743061,0.0076046,0.0056806,5.1299e-05,2.5449,1.1829,0.039,0.0138,0.0058,36,36.015,0.69892,1.0351,1.0203,0.00075413,54.07,1.36872912196122
"1RD8_AB",160,"PRO",0.034827663588,0,1.39359203409,0.42138,0.35943,0.0052279,2.8238,1.2867,0.0132,0.0182,0.0999,32,31.057,1.4264,0.86179,0.85989,0.00042097,48.84,1.19542744026955
"1RD8_AB",161,"LYS",1.6195991307,0.000163897668358,1.33493015052,0.52966,0.6461,0.0047372,2.8714,1.1871,0.0132,0.0284,0.1119,29,29.801,1.1666,0.92647,0.8946,0.00030063,55.33,1.27032625854009
"1RD8_AB",162,"LEU",0.604716153396,2.07938635284e-05,2.25132815271,0.049751,0.02324,0.00041177,3.2712,1.0667,0.0484,0.0113,0.326,35,34.055,2.1217,1.005,1.0015,0.00042924,51.81,1.44275510962439
"1RD8_AB",163,"SER",0.725757224675,6.4088195512e-05,1.81176560543,0.40645,0.6019,0.0074062,3.2084,1.0951,0.0174,0.2211,0.4934,30,28.395,2.47,0.98429,0.9147,0.00062601,50.91,1.53866097278489
"1RD8_AB",164,"LYS",0.523778242252,0.000431453071101,2.02513297843,0.37712,0.21229,0.0042798,3.2058,0.9024,0.1349,0.0331,0.2796,35,32.117,4.5746,0.9957,0.95798,0.00043631,49.86,NA
"1RD8_AB",165,"SER",0.233918640736,7.36023903628e-06,1.94504761091,0.32258,0.44257,0.0033442,3.0866,0.7804,0.0504,0.0149,0.8651,31,28.859,3.3316,1.043,0.97166,0.00035467,46.37,NA
"1RD8_AB",166,"TYR",0.0365705968294,0,1.64759883865,0.11027,0.14793,0.0007608,3.2673,0.6689,0.0188,0.0172,0.0051,41,36.301,3.8248,1.0388,0.97557,0.000236,44.98,0.682009911226126
"1RD8_AB",167,"VAL",0.516188899235,0.00055551522813,1.65342190106,0.57471,0.43468,0.0036643,3.5844,0.8548,0.0309,0.0103,0.8883,30,30.039,1.3227,0.95947,0.94754,0.00024776,61.24,0.673870849033305
"1RD8_AB",168,"ASN",0.150448824986,7.36023903628e-06,1.06784433845,0,0.00025641,4.5483e-06,3.3785,0.807,0.0123,0.0368,0.0078,34,30.082,1.2735,1.0218,1.018,0.00024054,48.85,0.81390967317761
"1RD8_AB",169,"ASN",0.174112594565,8.00277513518e-05,1.77739547461,0.78974,0.73803,0.0024361,3.1445,1.049,0.056,0.0318,0.256,21,21.131,4.6252,0.81716,0.80855,0.00020372,53.21,1.05593607854168
"1RD8_AB",170,"LYS",0.173358908702,2.07938635284e-05,1.80054996889,0.25,0.31523,0.0023076,2.7758,0.9554,0.0331,0.0147,0.0131,28,27.025,1.856,0.89544,0.8723,0.00037476,43.02,1.32129073340836
"1RD8_AB",171,"GLY",1.59335222532,0.000210317199709,1.62239518168,0.78846,0.81092,0.0034217,2.7747,1.1189,0.0149,0.0797,NA,22,20.439,1.7782,0.81911,0.78574,0.00028834,39.25,1.30496381436543
"1RD8_AB",172,"LYS",0.0115600834802,0,1.78607939361,0.15678,0.26005,0.0049955,2.0454,0.951,0.1455,0.0115,0.0569,30,28.889,1.8268,0.99708,0.99566,0.00070206,39.05,0.922904864637091
"1RD8_AB",173,"GLU",0.148547154469,1.47195856478e-05,1.6430678799,0.089686,0.097121,0.0016028,2.2141,0.7769,0.0142,0.0229,0.3012,38,33.449,1.0694,1.1501,1.1279,0.00044094,41.35,0.828512910502875
"1RD8_AB",174,"VAL",0.361441570889,2.07938635284e-05,1.92974505244,0,0,0,1.9056,0.6232,0.0342,0.0207,0.0159,44,40.075,0.64952,1.2814,1.2458,0.00019779,39.96,0.632477004075647
"1RD8_AB",175,"LEU",0.044184309484,0,1.7114804551,0,3.3167e-06,1.6501e-08,1.3582,0.4619,0.0368,0.0163,0.1255,50,46.915,2.1816,1.3279,1.2932,0.00016032,34.37,0.547282890918365
"1RD8_AB",176,"VAL",0.169880055569,1.47195856478e-05,1.68508580682,0,0,0,1.3419,0.4725,0.03,0.0132,0.3709,50,48.761,2.4607,1.3413,1.2983,0.00012374,36,0.410065638957589
"1RD8_AB",177,"LEU",0.555433887772,5.84667897327e-05,2.18004646669,0,0,0,1.0568,0.3503,0.0307,0.0121,0.4821,55,50.429,2.3865,1.3862,1.3509,0.00010727,33.7,0.377492245705347
"1RD8_AB",178,"TRP",0.0887175263467,0,0.524511365657,0,0.0075813,0.00013174,1.164,0.398,0.0116,0.0152,0.0057,55,52.003,2.7752,1.4019,1.3647,0.00015027,34.14,0.390692266260358
"1RD8_AB",179,"GLY",0.158431254123,7.36023903628e-06,0.882883732955,0,0,0,1.0754,0.3878,0.0367,0.0188,NA,54,50.733,3.5062,1.4129,1.3821,0.00013591,36.48,0.38943540231275
"1RD8_AB",180,"VAL",0.41807581117,5.64795592191e-05,0.747219803954,0,0.00032184,2.3201e-06,1.1779,0.4285,0.019,0.0174,0.2989,49,49.535,1.1109,1.3376,1.3159,0.00014446,34.96,0.287597565739715
"1RD8_AB",181,"HIS",0.0297175893571,0,0.997325141233,0.0044643,0.0026935,1.642e-05,1.138,0.4763,0.0236,0.01,0.0098,51,52.927,3.3936,1.3097,1.2838,0.00010221,39.85,0.329950335146535
"1RD8_AB",182,"HIS",0.377060815096,0.0001233140207,0.385345873206,0.0044643,0.053134,0.00076378,1.2794,0.6059,0.017,0.0145,0.0145,44,44.501,2.3783,1.2171,1.1926,0.00012857,39.9,0.483180463076184
"1RD8_AB",183,"PRO",0.252005174937,7.36023903628e-06,1.66105866566,0,4.1929e-06,2.637e-08,1.3981,0.6657,0.0117,0.009,0.0764,44,43.472,2.8231,1.1493,1.135,0.0001332,43.67,0.533064027417945
"1RD8_AB",184,"PRO",0.674498171681,0.000326402602932,0.796636555414,0.10692,0.10616,0.00085345,1.6813,0.7363,0.0105,0.0144,0.015,30,29.434,1.0277,1.0298,1.029,0.000276,45.86,0.688766486983192
"1RD8_AB",185,"THR",0.504613882742,0.000208400957903,1.57439589166,0.41279,0.41167,0.001018,1.8415,0.8112,0.017,0.007,0.1324,27,26.271,1.2586,0.88818,0.88119,0.00017449,54.24,0.788716784404384
"1RD8_AB",186,"GLY",0.429677489814,0.000145848017668,2.30713557221,0.45192,0.43244,0.0037944,1.8415,0.8287,0.0112,0.0131,NA,27,25.383,0.83828,0.85807,0.83665,0.00024511,51.33,0.819047254133413
"1RD8_AB",187,"THR",1.61966998857,0.00036957618546,1.51162526202,0.73256,0.70551,0.001991,2.0313,0.9143,0.0152,0.0133,0.3108,21,19.27,0.73626,0.79403,0.78753,0.00015342,56.72,0.91046900352136
"1RD8_AB",188,"ASP",8.79324,0.00050685089024,1.39792051548,0.20725,0.25379,0.00074196,1.7739,0.7816,0.0124,0.0105,0.0091,32,30.991,1.543,0.97335,0.96457,0.00019766,62.96,0.69194274634694
"1RD8_AB",189,"GLN",0.217719429098,7.36023903628e-06,2.08087258193,0,0.00054519,4.3411e-06,1.704,0.7465,0.01,0.0095,0.0064,38,38.277,0.89272,1.096,1.0824,0.00011133,51,0.581496351765251
"1RD8_AB",190,"GLN",1.6195820313,0.000925188254805,1.94273575702,0.48,0.39973,0.0023857,2.0513,0.9412,0.0106,0.0133,0.3398,29,28.585,1.3891,0.99659,0.97646,0.00029036,53.34,0.754370929657536
"1RD8_AB",191,"SER",1.61155396444,0.000451586697218,1.58690727346,0.41935,0.36809,0.0036669,2.127,1.0681,0.0126,0.0194,0.6863,27,29.294,2.4292,0.89927,0.89721,0.00021759,57.49,0.790101509664229
"1RD8_AB",192,"LEU",0.536241214411,0.000322375060416,1.99444155875,0.1791,0.1401,0.0018211,1.8345,0.9133,0.02,0.0144,0.0826,44,42.802,1.365,1.0796,1.0706,0.00030285,50.36,0.59896622267554
"1RD8_AB",193,"TYR",0.0372789635043,0,1.60891717255,0,0,0,1.9272,0.9213,0.0126,0.011,0.0058,46,45.511,0.67165,1.175,1.1621,0.00018088,56.29,0.594629254377417
"1RD8_AB",194,"GLN",1.12109363586,0.000196521959247,1.64280107653,0.19556,0.30336,0.0025257,2.2767,1.1523,0.0063,0.0162,0.0159,32,31.899,1.0286,1.0041,0.97737,0.00029461,66.97,0.837633816900043
"1RD8_AB",195,"ASN",0.447042493077,0.000301057538246,1.88825338483,0.28718,0.22771,0.0010857,2.3158,1.0508,0.0256,0.0187,0.0141,35,34.137,2.2408,0.94746,0.92729,0.00019609,58.09,0.985592157135333
"1RD8_AB",196,"ALA",0.227962545042,6.99454489162e-05,1.51687077885,0.49612,0.56335,0.010563,2.2943,1.0178,0.0232,0.0314,NA,31,30.197,2.4013,0.84533,0.83955,0.00045474,52.37,1.07636656851907
"1RD8_AB",197,"ASP",0.159372226055,5.52437982984e-05,1.43640153755,0.78756,0.71987,0.0034302,2.6965,0.971,0.0854,0.1952,0.7098,28,26.664,6.8397,0.77967,0.78772,0.00034911,63.01,1.50998528573015
"1RD8_AB",198,"ALA",0.321099832312,1.90249840857e-05,1.61088438565,0,0.003938,5.8004e-05,2.4266,0.7478,0.1511,0.0188,NA,36,37.231,2.0245,1.0029,1.016,0.00046109,55.52,0.83305723656867
"1RD8_AB",199,"TYR",0.469945207341,2.63825432642e-05,1.42887697066,0.13308,0.11849,0.002285,2.4619,0.6771,0.0146,0.0082,0.0082,35,35.018,1.7935,1.0816,1.0623,0.00035727,50.99,0.705026326946909
"1RD8_AB",200,"VAL",0.445475181,3.41893944964e-05,1.22728666375,0,0,0,2.2381,0.5834,0.0155,0.0113,0.0368,43,41.202,2.1493,1.2093,1.1853,0.00025807,42.8,0.481319410447316
"1RD8_AB",201,"SER",0.308026311503,5.07998461894e-05,1.94034791876,0.090323,0.047153,0.0011974,2.5569,0.6818,0.0145,0.0233,0.1553,34,34.377,1.9749,1.109,1.1123,0.00024784,55.51,0.413389271778256
"1RD8_AB",202,"VAL",0.0174484523101,0,1.27761412227,0,0.0030192,3.4683e-05,2.4336,0.6221,0.0188,0.0211,0.4916,42,39.624,1.7918,1.1611,1.1308,0.00029834,40.97,0.336588570895514
"1RD8_AB",203,"GLY",0.574373323033,0.000146746621181,1.94209981649,0.14423,0.013192,0.00041487,3.0327,0.847,0.0824,0.0528,NA,32,31.033,1.7114,1.0656,1.0705,0.00053768,48.21,0.329191140491517
"1RD8_AB",204,"SER",0.208627245922,7.36023903628e-06,1.62512993882,0.032258,0.11802,0.0025595,2.7661,0.5394,0.0495,0.0136,0.0166,32,27.025,1.9013,1.0766,0.98618,0.0010627,44,0.720952951771307
"1RD8_AB",205,"SER",0.285902167944,2.07938635284e-05,2.32556401158,0.74839,0.70014,0.023566,2.8403,0.7865,0.0136,0.0285,0.0187,22,19.257,4.0138,0.82876,0.75045,0.00095337,44.73,1.24329465624629
"1RD8_AB",206,"LYS",0.489632330953,7.65743968884e-05,2.33495496364,0.86017,0.93306,0.014358,4.3614,0.9682,0.0997,0.0787,0.7648,19,14.301,3.7877,0.83104,0.7041,0.00065465,45.19,1.28193481448773
"1RD8_AB",207,"TYR",0.0366101955814,0,1.62253986139,0.19392,0.54388,0.0073817,4.2022,0.609,0.0619,0.0196,0.0125,23,16.644,1.3101,0.95206,0.80115,0.0004751,44.77,1.08815194821183
"1RD8_AB",208,"ASN",0.498846975079,9.88399931599e-05,2.12761850001,0.7641,0.46927,0.014324,2.1308,0.5434,0.0253,0.0168,0.4344,21,19.233,2.2857,0.89468,0.89636,0.00078821,57.13,0.571317134044194
"1RD8_AB",209,"ARG",0.265255749645,4.62388991851e-05,1.77126922165,0.43796,0.36374,0.013116,2.3106,0.5782,0.0256,0.0313,0.3989,25,22.183,4.9072,0.92378,0.89448,0.00054605,61.84,0.620424328992649
"1RD8_AB",210,"ARG",0.176665504793,0.000660369053216,2.08493913545,0.54015,0.58737,0.0020821,2.2275,0.655,0.0695,0.0146,0.0871,27,24.879,2.7533,0.94226,0.93731,0.00045681,60.63,0.591999893449055
"1RD8_AB",211,"PHE",0.0414004438461,0,0.869363415767,0.029167,0.086944,0.0016945,2.4508,0.5618,0.025,0.0532,0.2565,33,30.689,4.5775,1.0399,0.99025,0.0012653,41.53,0.658093974070396
"1RD8_AB",212,"THR",0.573466345525,8.52981321421e-05,1.27588528532,0.51163,0.51705,0.006019,2.3008,0.7083,0.067,0.0401,0.4565,33,30.38,2.8655,1.0105,0.96573,0.00059167,51.76,0.658335036798041
"1RD8_AB",213,"PRO",0.260200544063,1.47195856478e-05,1.12766349078,0.050314,0.024574,0.00048733,2.0586,0.6659,0.0135,0.0318,0.0646,40,38.512,1.3067,1.0782,1.0496,0.00035962,53.62,0.76854328340903
"1RD8_AB",214,"GLU",0.0115914924911,0,0.501474510155,0.5426,0.53507,0.0016263,1.5949,0.7058,0.0478,0.0417,0.4685,31,29.937,1.4816,0.92638,0.90915,0.00033104,67.74,0.781419730021928
"1RD8_AB",215,"ILE",0.160261218,3.16555605374e-05,1.75546348482,0.30457,0.28737,0.0021026,1.5899,0.7508,0.0293,0.0358,0.0547,32,31.745,2.3624,0.96142,0.95416,0.00043358,61.25,0.923040161707631
"1RD8_AB",216,"ALA",0.589761525489,0.000111412690958,1.68215364508,0.47287,0.44571,0.0053773,1.9255,0.8304,0.0236,0.0115,NA,22,22.797,0.87551,0.84204,0.86311,0.00043347,50.19,0.986320832313219
"1RD8_AB",217,"ALA",0.508240417474,0.000107137968002,2.09978893921,0.83721,0.61565,0.0049997,2.7803,0.7973,0.0132,0.0462,NA,20,24.11,1.5336,0.76413,0.86234,0.00090874,52.3,1.08511631704692
"1RD8_AB",218,"ARG",0.0136938368104,0,1.59289383908,0.16058,0.20357,0.00069062,2.263,0.6119,0.0632,0.009,0.0096,20,22.045,1.3162,0.79249,0.84249,0.00026189,45.41,1.01522117123497
"1RD8_AB",219,"PRO",0.248033354881,7.36023903628e-06,1.49204162158,0.85535,0.87278,0.0024015,2.0466,0.8213,0.0102,0.0134,0.0677,17,16.105,0.96555,0.74112,0.73867,0.00022827,39.86,1.09402829939446
"1RD8_AB",220,"LYS",0.014627119972,0,1.88841279906,0.74153,0.76713,0.002064,2.1974,0.8553,0.0153,0.1766,0.3767,20,18.465,1.0014,0.87598,0.83339,0.00051373,46.14,1.44822833422336
"1RD8_AB",221,"VAL",0.182950701792,2.63825432642e-05,1.57654054017,0.41954,0.50237,0.0027516,2.0824,0.8353,0.2031,0.0106,0.3584,22,21.525,1.5944,0.92538,0.87267,0.00038995,31.3,NA
"1RD8_AB",222,"ARG",0.143913737092,7.36023903628e-06,0.943091724163,0.5146,0.47774,0.018233,2.0498,0.8369,0.0073,0.0114,0.0889,23,23.789,3.8088,0.9095,0.90858,0.00061464,31.44,1.04402439330649
"1RD8_AB",223,"ASP",1.61966999912,0.000202228044892,0.990740122261,0.48705,0.51615,0.0059821,2.2463,0.9061,0.0089,0.0237,0.0075,20,21.599,2.4406,0.86026,0.84598,0.00038255,41.7,0.863720820920594
"1RD8_AB",224,"GLN",1.15364789106,3.41893944964e-05,0.887646872896,0.14222,0.094498,0.0013501,1.6939,0.6573,0.0356,0.0147,0.0166,29,28.667,1.0563,1.0219,1.0031,0.00025137,44.84,0.614507725220825
"1RD8_AB",225,"ALA",0.501506045267,0.000100619357322,1.88507265078,0.15504,0.14759,0.0046497,1.7223,0.7089,0.0223,0.0128,NA,29,27.825,1.0302,0.99805,0.98915,0.0002006,41.81,0.704273828034019
"1RD8_AB",226,"GLY",0.0174818533007,0,1.31005670761,0.019231,0.0025513,2.6053e-05,1.3098,0.5884,0.0199,0.0115,NA,37,36.657,1.5692,1.1378,1.1279,0.00016027,42.77,0.562616165055207
"1RD8_AB",227,"ARG",0.0137353286418,0,1.81896178488,0.14599,0.11955,0.00050125,1.2383,0.5409,0.0105,0.0129,0.0062,39,39.427,1.2495,1.195,1.1736,0.00017897,40.99,0.489733221396023
"1RD8_AB",228,"MET",0.431670474056,6.38299339751e-05,1.59121987822,0,8.9286e-06,3.9807e-08,1.2381,0.5311,0.0223,0.0598,0.3235,48,46.917,7.6788,1.3124,1.291,0.00017994,47.01,0.470414384653863
"1RD8_AB",229,"ASN",0.444424606925,4.27643190952e-05,1.9107837938,0.071795,0.1413,0.0024468,1.1513,0.5022,0.0452,0.0277,0.0168,38,36.691,1.4504,1.2799,1.259,0.00044623,41.35,0.377716737648843
"1RD8_AB",230,"TYR",0.310899843798,7.36023903628e-06,2.08822281014,0,5.0697e-06,1.9264e-08,0.8807,0.3402,0.0307,0.0122,0.0079,46,44.48,2.8181,1.3623,1.3367,0.00016434,32.68,0.423018127811914
"1RD8_AB",231,"TYR",0.520771942209,2.07938635284e-05,0.868214359221,0.011407,0.073638,0.0011895,1.1161,0.4002,0.015,0.01,0.0129,42,40.524,2.6472,1.2736,1.2606,0.00024254,33.98,0.441500733217054
"1RD8_AB",232,"TRP",0.0887586894936,0,1.34361185135,0.05614,0.085193,0.00057579,1.1448,0.4595,0.0128,0.0082,0.0062,45,42.534,4.9455,1.2812,1.2574,0.00016918,31.4,0.477462586602299
"1RD8_AB",233,"THR",0.209508578253,1.47461715936e-05,2.14907572731,0.023256,0.1958,0.0041544,1.3587,0.5367,0.0104,0.0183,0.0504,44,42.017,3.9757,1.1853,1.153,0.00023168,35.07,0.794396141942394
"1RD8_AB",234,"LEU",0.429865612658,7.36023903628e-06,1.89230805446,0.12935,0.16083,0.0017121,1.7842,0.6949,0.0347,0.0436,0.3234,40,37.765,3.5033,1.1757,1.1442,0.00034734,41.84,0.81412311146504
"1RD8_AB",235,"LEU",0.377395674346,4.83494135848e-05,1.19353141878,0,0.024053,0.00027567,2.772,0.8663,0.0644,0.0251,0.055,38,34.517,2.1431,1.1745,1.1138,0.00027352,46.57,0.823490127732384
"1RD8_AB",236,"GLU",0.251173566364,2.68672472614e-05,1.85097973991,0.25561,0.44921,0.0027845,3.34,1.1328,0.0186,0.0086,0.1406,29,26.223,1.3437,1.0144,0.97749,0.00026465,61.27,0.955989458068188
"1RD8_AB",237,"PRO",0.370061225366,1.47195856478e-05,1.14023923132,0.37736,0.48637,0.0033722,2.9872,1.0583,0.0096,0.0292,0.0432,26,21.319,1.2622,0.95953,0.91891,0.00032931,60.2,0.948246161820459
"1RD8_AB",238,"GLY",1.5928403174,9.37137760973e-05,1.8409665762,0.71154,0.56471,0.0035494,3.0064,1.0826,0.0395,0.0198,NA,19,19.761,1.2042,0.80593,0.82704,0.00035673,50.08,1.21311275519305
"1RD8_AB",239,"ASP",0.244708131889,2.20780389739e-05,2.47570971523,0.093264,0.21189,0.0080898,3.5374,1.0742,0.0174,0.0203,0.0077,26,26.748,0.31938,0.92545,0.9519,0.00029809,50.19,0.930176046968203
"1RD8_AB",240,"THR",0.164911023473,2.68672472614e-05,2.05713033151,0.31977,0.1826,0.0065813,3.6243,0.8517,0.0405,0.0105,0.2796,31,29.229,0.84931,1.0296,1.0143,0.00064089,43.43,0.671721415595576
"1RD8_AB",241,"ILE",0.167258534091,2.20780389739e-05,1.8279801033,0,0.0019154,2.4657e-05,2.5311,0.679,0.0194,0.0176,0.1044,39,38.729,1.5134,1.161,1.1113,0.00040164,47.27,0.506326524966768
"1RD8_AB",242,"THR",0.411605376112,8.88721485654e-05,2.02228723328,0.31395,0.24096,0.0040204,2.7899,0.7857,0.0285,0.0189,0.6795,35,34.891,1.4645,1.1244,1.099,0.00035174,45.37,0.392064831686815
"1RD8_AB",243,"PHE",0.261353283388,1.47195856478e-05,1.12352774146,0,0.00012222,8.8843e-07,2.392,0.6366,0.0368,0.0259,0.0107,46,43.212,3.5868,1.1934,1.1468,0.00018897,42.25,0.27082292847568
"1RD8_AB",244,"GLU",0.159721953677,7.36023903628e-06,1.36260618871,0.15695,0.17944,0.0017494,2.8949,0.7329,0.0245,0.0133,0.1145,38,36.267,2.5803,1.1272,1.0961,0.00038226,60.13,0.39611423029545
"1RD8_AB",245,"ALA",0.167927277115,1.47195856478e-05,1.56381140692,0,0,0,2.3876,0.7351,0.0102,0.0157,NA,45,43.639,1.6812,1.1809,1.1685,0.00021487,55.57,0.37241775349022
"1RD8_AB",246,"THR",0.506097154396,0.000147787344176,1.59848895271,0.081395,0.098612,0.00073791,2.6289,0.8896,0.0201,0.014,0.028,44,40.536,1.5924,1.1156,1.0809,0.00019705,61.31,0.443116155902045
"1RD8_AB",247,"GLY",0.217159593764,1.47195856478e-05,0.264805522451,0,0,0,1.9894,0.7673,0.0219,0.012,NA,54,50.879,1.9946,1.2332,1.2118,0.00014177,52.33,0.382797138262348
"1RD8_AB",248,"ASN",0.0156891874738,0,1.68647106158,0,0,0,1.4775,0.5892,0.0076,0.0136,0.005,58,56.642,1.4842,1.2927,1.2638,9.1387e-05,45.96,0.28805667012207
"1RD8_AB",249,"LEU",0.0616523993567,0,1.08305975326,0,0,0,1.6944,0.5596,0.0152,0.013,0.0084,54,53.879,0.98327,1.3478,1.3172,0.00010469,39.99,0.311870523216241
"1RD8_AB",250,"ILE",0.160802336538,6.70523283045e-05,2.15623102359,0,0,0,1.3734,0.5543,0.0207,0.024,0.0141,59,57.96,2.376,1.412,1.3823,0.0001232,36.03,0.287847300806055
"1RD8_AB",251,"ALA",0.26872467549,3.41893944964e-05,0.959326258368,0,5.168e-06,4.0062e-08,1.6861,0.605,0.0322,0.0089,NA,55,55.65,1.7754,1.3638,1.3275,0.00012092,36.21,0.294893295926735
"1RD8_AB",252,"PRO",0.0351003679022,0,1.78459035771,0,0,0,1.2668,0.4904,0.0109,0.0252,0.0276,51,47.353,1.9483,1.3779,1.3449,0.00022046,38.39,0.379124719409879
"1RD8_AB",253,"TRP",0.473784777728,0.000490722129592,1.51331132167,0.15088,0.19164,0.0011311,1.431,0.4095,0.0543,0.0117,0.0157,39,38.897,1.2796,1.3163,1.272,0.00024489,40.12,0.430028860137819
"1RD8_AB",254,"TYR",0.269625833287,0.000581279702207,1.12783513372,0.22433,0.19923,0.0021106,1.3429,0.3918,0.0224,0.014,0.0058,38,34.541,1.6775,1.3088,1.2768,0.00019713,41.18,0.901397592688928
"1RD8_AB",255,"ALA",0.0276664689908,0,1.01527954796,0,0,0,1.3842,0.3811,0.0224,0.016,NA,44,41.366,1.461,1.3289,1.2793,0.00015625,49.93,0.73737454349292
"1RD8_AB",256,"PHE",0.0413712769846,0,1.84652653839,0,0.0038278,3.9912e-05,1.2237,0.3697,0.0282,0.0639,0.0486,48,45.611,2.2339,1.3056,1.2704,0.00016804,37.11,0.517359076661787
"1RD8_AB",257,"ALA",0.167920534551,3.41893944964e-05,1.61903571402,0,0.0004031,8.0154e-06,1.4743,0.4449,0.0838,0.0189,NA,38,38.243,2.5979,1.2415,1.2112,0.00043701,37.88,0.658775220061872
"1RD8_AB",258,"LEU",1.24701477684,4.62388991851e-05,1.27078855568,0,6.6335e-06,3.298e-08,1.4745,0.5681,0.0138,0.0322,0.147,37,36.499,3.1815,1.2252,1.21,0.00040467,40.46,0.871931866315118
"1RD8_AB",259,"ASN",0.519902429028,9.40657984349e-05,1.82973823647,0.35385,0.38028,0.0034242,1.8744,0.7684,0.0402,0.0333,0.4999,31,31.413,0.83626,1.0957,1.0861,0.00046785,40.49,NA
"1RD8_AB",260,"ARG",0.184180142425,2.63825432642e-05,2.17569984329,0.35401,0.38671,0.0036403,2.7158,0.6078,0.0291,0.0316,0.0165,35,33.722,2.7679,1.1511,1.1274,0.00085585,40.83,1.37069903108149
"1RD8_AB",261,"GLY",0.492932348185,3.42239114285e-05,0.264805522451,0.19231,0.20791,0.00383,3.1607,0.7914,0.0456,0.0327,NA,32,33.5,3.2215,1.1272,1.1386,0.00077427,52.88,2.14258711820557
"1RD8_AB",262,"SER",0.896870049777,0.000132216488,1.53237955756,0.74194,0.31728,0.0053321,4.4296,0.8867,0.0315,0.0214,0.7044,26,34.031,4.4767,0.96172,1.0531,0.00040514,75.8,2.21097977928541
"1RD8_AB",263,"GLY",0.325258049271,5.64795592191e-05,0.705979693607,0.34615,0.27446,0.0092554,3.4733,0.8389,0.017,0.0165,NA,32,35.828,1.6435,1.1085,1.1329,0.00074798,53.25,1.84558467504363
"1RD8_AB",264,"SER",0.28623751774,1.47195856478e-05,0.634262341399,0.0064516,0.013665,0.00028162,2.3673,0.8757,0.0123,0.0317,0.0341,46,46.877,1.5607,1.2951,1.296,0.00040821,35.35,1.64765612959289
"1RD8_AB",265,"GLY",0.146665488607,7.37353330047e-06,1.14755861473,0,0.1117,0.0020591,1.9297,0.8098,0.0399,0.0382,NA,45,45.608,1.2592,1.339,1.3037,0.0003332,32.02,1.24578031645888
"1RD8_AB",266,"ILE",0.168827679059,7.37353330047e-06,1.54341686868,0.050761,0.048078,0.00030738,1.7003,0.5641,0.0405,0.0192,0.0251,48,47.948,2.1481,1.3367,1.3072,0.00018378,34.36,NA
"1RD8_AB",267,"ILE",0.168843299886,7.37353330047e-06,1.81493186453,0.0050761,0.0087343,0.00010094,2.1451,0.5873,0.034,0.0428,0.0231,53,49.129,5.2107,1.3002,1.2799,0.000282,38.8,NA
"1RD8_AB",268,"THR",0.601340176427,0.000773314742445,2.2376786426,0.52907,0.47964,0.0063132,1.9851,0.5932,0.0649,0.084,0.1224,43,37.313,2.9678,1.2007,1.168,0.00065654,39.5,NA
"1RD8_AB",269,"SER",0.0394813706831,0,0.631002648551,0.025806,0.051006,0.0010828,2.391,0.6823,0.0458,0.0162,0.0424,38,34.183,2.973,1.17,1.1238,0.0010305,46.6,NA
"1RD8_AB",270,"ASP",0.50127184679,9.28298393672e-05,1.31832012757,0.45596,0.54411,0.0096076,2.3881,0.636,0.0362,0.0171,0.1451,27,26.771,4.5064,0.99037,0.9617,0.00079038,49.04,NA
"1RD8_AB",271,"ALA",0.502150375633,5.49671399771e-05,1.95071123962,0.14729,0.12946,0.0017399,1.9715,0.7646,0.0141,0.0134,NA,29,27.723,2.1055,1.0319,1.0032,0.00045718,41.31,NA
"1RD8_AB",272,"PRO",1.56026705916,0.000312508395871,1.6003581958,0.58491,0.63855,0.0031557,1.9874,0.8117,0.014,0.0195,0.077,33,29.853,2.4575,0.96736,0.93584,0.00032433,42.26,NA
"1RD8_AB",273,"VAL",0.492585097854,7.21582199067e-05,1.70065402802,0.14368,0.32894,0.0067058,2.1714,0.8192,0.0281,0.0183,0.7035,38,36.549,3.0403,1.0818,1.0339,0.00045749,37.96,NA
"1RD8_AB",274,"HIS",1.20734622329,0.000529943368096,2.19754083516,0.42857,0.37146,0.0036747,1.8423,0.759,0.02,0.0182,0.0154,26,26.675,2.6012,0.94971,0.96317,0.00036398,47.22,NA
"1RD8_AB",275,"ASP",0.514985665464,0.00073425867249,1.31436548567,0.68394,0.56354,0.0021471,1.888,0.8597,0.0213,0.0281,0.0431,22,21.911,2.7787,0.8699,0.87414,0.00032231,62.2,NA
"1RD8_AB",276,"CYS",0.0371312656474,0,0.276033485977,0.2515,0.4029,0.0034898,2.0545,0.8224,0.0263,0.013,0.164,26,25.603,0.37157,0.9382,0.9142,0.00023437,56.91,NA
"1RD8_AB",277,"ASN",0.304008020593,5.07998461894e-05,1.81792037494,0.53846,0.56391,0.0020808,1.8719,0.8311,0.0183,0.0198,0.3083,31,27.407,0.96727,1.0344,1.038,0.00025766,41.44,NA
"1RD8_AB",278,"THR",0.988880971239,9.84059095589e-05,1.21854349652,0.069767,0.04505,0.00053461,1.8201,0.9168,0.0175,0.0113,0.0086,38,36.808,1.3774,1.1741,1.1864,0.00027245,45.42,NA
"1RD8_AB",279,"LYS",0.21206633229,5.07998461894e-05,1.9149825294,0.68644,0.37707,0.0071217,1.7921,1.0072,0.0193,0.011,0.2351,40,39.741,1.5931,1.167,1.1871,0.00031869,37.43,NA
"1RD8_AB",280,"CYS",0.198154031691,7.36023903628e-06,0.264805522451,0,0,0,1.6862,0.8266,0.014,0.0107,0.0104,56,56.667,2.066,1.3633,1.3604,0.0001755,35.4,NA
"1RD8_AB",281,"GLN",0.0470154908217,0,1.59381836753,0,0,0,1.7337,0.9078,0.0186,0.0185,0.0054,61,57.84,2.9284,1.3865,1.3692,8.9612e-05,38.82,NA
"1RD8_AB",282,"THR",0.0170736514128,0,2.00851987232,0,2.7132e-05,3.3751e-07,1.9011,0.8232,0.0394,0.0076,0.0111,55,50.527,1.5676,1.3427,1.2982,0.00014653,37.55,NA
"1RD8_AB",283,"PRO",0.0493363601825,0,1.96168870296,0.056604,0.05995,0.0010721,1.982,0.621,0.0101,0.0231,0.0457,43,39.926,2.0592,1.2281,1.1927,0.00025128,38.75,NA
"1RD8_AB",284,"HIS",1.61710443679,9.54853929698e-05,2.11093570554,0.52679,0.45526,0.0057288,2.1891,0.5615,0.0506,0.0299,0.0945,33,33.178,2.4413,1.1038,1.1062,0.00038222,52.54,NA
"1RD8_AB",285,"GLY",0.0166878129495,0,0.264805522451,0,0,0,1.7078,0.7317,0.026,0.0195,NA,44,42.063,1.9646,1.286,1.256,0.00018716,40.27,NA
"1RD8_AB",286,"ALA",0.217373453593,1.47195856478e-05,0.946023036125,0.015504,0.03214,0.00050916,1.7075,0.8045,0.022,0.0122,NA,46,46.428,2.1729,1.306,1.2767,0.00026237,31.5,NA
"1RD8_AB",287,"ILE",0.145866129027,1.34354102023e-05,1.36145286331,0.010152,0.012504,0.00013083,1.6169,0.6356,0.0231,0.0204,0.4107,43,45.838,1.0912,1.2294,1.2286,0.00033518,32.92,NA
"1RD8_AB",288,"ASN",0.0197057941887,0,1.72317953438,0.59487,0.51496,0.0029666,2.3351,0.6534,0.019,0.0186,0.0285,40,40.727,2.7311,1.1025,1.1102,0.0005274,44.96,NA
"1RD8_AB",289,"SER",0.271434176083,5.81520222816e-05,1.35428955518,0.070968,0.0032043,0.00011476,1.7649,0.975,0.0108,0.0281,0.1435,42,43.604,1.3121,1.1857,1.1933,0.00037707,35.85,NA
"1RD8_AB",290,"SER",0.17231129646,1.34354102023e-05,1.77257703986,0.61935,0.36768,0.0033779,2.7425,1.3201,0.0327,0.0236,0.721,34,34.019,1.6714,1.0328,1.0525,0.00034627,47.43,NA
"1RD8_AB",291,"LEU",0.208894329086,7.36023903628e-06,1.10951292227,0.14925,0.16024,0.00091533,2.2679,1.1459,0.0284,0.0151,0.0161,40,40.362,1.1611,1.1847,1.1892,0.00025996,35.23,NA
"1RD8_AB",292,"PRO",0.048607503096,0,1.84876294348,0,0.0022474,2.3075e-05,1.9284,1.0259,0.014,0.017,0.1006,47,44.849,1.4529,1.233,1.2254,0.00020573,36.03,NA
"1RD8_AB",293,"PHE",0.0413163319058,0,1.71468815294,0.0083333,0.0091139,0.00014517,1.7414,0.9851,0.0181,0.0095,0.0074,53,49.079,1.3499,1.321,1.2809,0.00017125,30.24,NA
"1RD8_AB",294,"GLN",0.0736923366396,0,1.85966841071,0,1.4815e-05,6.5668e-08,1.7391,0.847,0.0111,0.0103,0.0108,45,44.984,1.3807,1.3366,1.2806,0.00014584,25.48,NA
"1RD8_AB",295,"ASN",0.0170669311574,0,1.49088397843,0.14359,0.1652,0.0016501,1.8162,0.9352,0.0189,0.2384,0.1375,42,35.017,2.2892,1.1953,1.1386,0.0002002,25.09,NA
"1RD8_AB",296,"ILE",0.421772476111,6.47251611644e-05,1.86665757305,0.11675,0.29243,0.0059477,2.4145,0.9302,0.1898,0.0286,0.9129,37,32.805,2.6603,1.1248,1.0447,0.00047082,29.22,NA
"1RD8_AB",297,"HIS",0.0354967293898,0,1.22844252125,0.23661,0.19654,0.0063642,2.3069,0.839,0.0142,0.0113,0.0239,39,31.871,1.7151,1.1374,1.0622,0.00036832,34.74,NA
"1RD8_AB",298,"PRO",0.0348666496151,0,2.26414703291,0.30189,0.43087,0.0099915,2.5767,0.8819,0.0123,0.0269,0.0683,44,34.486,5.6309,1.1534,1.0483,0.00039686,30.34,NA
"1RD8_AB",299,"VAL",0.49808157779,3.88849252528e-05,2.08218892592,0.27586,0.52321,0.0034001,2.2867,0.805,0.0501,0.0736,0.0213,42,36.561,2.6107,1.1897,1.1155,0.00021675,27.81,NA
"1RD8_AB",300,"THR",0.164318712391,1.47195856478e-05,1.98332566615,0.023256,0.088434,0.00090157,1.84,0.8281,0.0644,0.0157,0.0922,49,46.67,2.3013,1.3271,1.269,0.00017277,33.12,NA
"1RD8_AB",301,"ILE",0.0101445635344,0,2.14520590115,0.0050761,0.046494,0.00080188,1.5452,0.8225,0.0168,0.0116,0.1087,51,50.067,1.6959,1.3593,1.3192,0.00024149,30.32,NA
"1RD8_AB",302,"GLY",0.14685779333,7.36023903628e-06,0.264805522451,0,0.0012436,2.263e-05,1.6056,0.7756,0.0224,0.013,NA,49,47.467,2.4492,1.3323,1.3094,0.00025211,36.55,NA
"1RD8_AB",303,"GLU",0.157311534051,7.36023903628e-06,1.79201126906,0.16143,0.18279,0.0030827,1.6761,0.8513,0.0148,0.0205,0.0174,38,39.073,1.8198,1.2288,1.2307,0.00020599,51.76,NA
"1RD8_AB",304,"CYS",0.0372578101045,0,0.264805522451,0,0.080435,0.0013469,1.658,0.6416,0.0273,0.0168,0.0125,44,43.355,1.6715,1.2998,1.2645,0.00023767,43.26,NA
"1RD8_AB",305,"PRO",0.035407594376,0,0.88406874741,0.012579,0.0012621,1.4951e-05,1.5883,0.7436,0.011,0.0217,0.0551,51,45.481,3.0877,1.2992,1.2497,0.00031439,34.12,NA
"1RD8_AB",306,"LYS",0.198789535789,1.47195856478e-05,2.22946337945,0.088983,0.27961,0.0075171,1.5074,0.7747,0.0178,0.013,0.2674,54,48.867,2.0983,1.2374,1.1696,0.0002461,27.93,NA
"1RD8_AB",307,"TYR",0.270138695179,1.47195856478e-05,0.985460666254,0.17871,0.17396,0.00083428,1.5263,0.7927,0.0152,0.009,0.0057,52,45.391,2.1301,1.2642,1.188,0.00016185,32.86,NA
"1RD8_AB",308,"VAL",0.177600111213,7.36023903628e-06,0.97795209604,0,0,0,1.8023,0.8683,0.0116,0.0124,0.0204,37,37.29,0.94253,1.2225,1.1503,0.00015745,32.61,NA
"1RD8_AB",309,"ARG",0.215062797654,6.06414533464e-05,2.15910199054,0.58759,0.56756,0.0039845,1.8426,0.8114,0.0187,0.0586,0.4144,31,29.366,0.57376,1.0147,0.97142,0.00017456,39.52,NA
"1RD8_AB",310,"SER",0.0189981733224,0,1.84489870095,0.045161,0.088409,0.003441,1.5418,0.7168,0.0601,0.0207,0.4459,33,32.211,1.9049,1.0315,1.0064,0.00050956,33.26,NA
"1RD8_AB",311,"THR",0.501635400128,0.000504087678567,1.7251397273,0.71512,0.79271,0.0083201,1.7126,0.7825,0.0468,0.0385,0.3181,25,23.743,2.282,0.91865,0.89649,0.00065088,39.04,NA
"1RD8_AB",312,"LYS",0.148376292908,1.34354102023e-05,2.17742323801,0.47881,0.49885,0.015192,1.6937,0.6696,0.0162,0.0306,0.5411,34,33.942,2.8605,1.0189,0.98825,0.00033343,45.18,NA
"1RD8_AB",313,"LEU",0.0512302311687,0,1.85469296391,0.014925,0.0040498,4.077e-05,1.3453,0.6924,0.0143,0.0311,0.0126,45,41.894,1.3383,1.1734,1.1442,0.00026101,36.26,NA
"1RD8_AB",314,"ARG",0.193016287415,1.47195856478e-05,2.08922174456,0.30657,0.27157,0.0023759,1.3794,0.6419,0.0357,0.0285,0.7957,47,44.87,2.8243,1.2227,1.1965,0.00048028,36.69,NA
"1RD8_AB",315,"MET",0.387296741085,3.42239114285e-05,1.9203512244,0,1.4881e-05,6.6256e-08,1.4178,0.6723,0.0358,0.0129,0.3962,51,51.037,3.7872,1.2691,1.248,0.00019341,39.77,NA
"1RD8_AB",316,"ALA",0.47981123736,0.000199297029761,0.962674979143,0,0,0,1.3509,0.5174,0.0139,0.0345,NA,55,50.376,2.2068,1.3144,1.2939,0.00014903,28.31,NA
"1RD8_AB",317,"THR",0.147068387732,7.36023903628e-06,1.24892712341,0,1.5504e-05,2.2526e-07,1.811,0.5745,0.0469,0.0148,0.028,56,53.117,2.596,1.3037,1.2563,0.00015397,30.18,NA
"1RD8_AB",318,"GLY",0.0167360580689,0,0.264805522451,0,0,0,1.484,0.4943,0.0198,0.0171,NA,58,54.957,3.0549,1.3869,1.328,0.00023188,31.07,NA
"1RD8_AB",319,"LEU",0.258579213262,7.36023903628e-06,2.11798984161,0,8.2919e-05,5.05e-07,0.7971,0.3395,0.0178,0.0097,0.0274,56,54.194,2.6902,1.3097,1.2824,0.00010668,30.79,NA
"1RD8_AB",320,"ARG",0.0270603580967,0,2.1719773375,0.021898,0.043847,0.0010366,1.0509,0.4128,0.0113,0.0163,0.2899,53,50.777,2.9381,1.2246,1.2144,0.00018673,31.89,NA
"1RD8_AB",321,"ASN",0.150394950701,7.36023903628e-06,2.03803114744,0.13846,0.15857,0.0052299,1.3973,0.5854,0.0211,0.0269,0.2595,41,38.7,2.7745,1.0828,1.0987,0.00073707,38.58,NA
"1RD8_AB",322,"ILE",0.334807871121,8.60894319369e-05,1.18718083472,0.67513,0.6724,0.006663,2.1321,0.6535,0.0527,0.0166,0.0955,33,34.167,2.8986,0.92845,0.94204,0.00032245,38.78,NA
"1RD8_AB",323,"PRO",0.183698453021,7.36023903628e-06,2.35311311197,0.10063,0.18805,0.007512,2.2089,0.5949,0.012,0.0149,0.0858,34,37.631,6.5626,1.0157,1.0228,0.0006512,34.3,NA
"1RD8_AB",324,"SER",0.233840530788,7.36023903628e-06,1.46426616491,0.025806,0.026275,0.00084771,2.8524,0.5953,0.0151,0.0164,0.3054,34,36.142,6.0752,0.97476,0.99326,0.00043081,29.74,NA
"1RD8_AB",325,"ILE",0.469070340225,3.80419208329e-05,1.76815121824,0.80203,0.71022,0.016994,3.7673,0.93,0.0111,0.0133,0.5652,20,22.569,5.549,0.80868,0.83775,0.00031229,38.57,NA
"1RD8_AB",326,"GLN",0.217733339255,7.36023903628e-06,1.83787892986,0.55556,0.33087,0.0067884,3.5346,0.7117,0.0133,0.0181,0.213,25,27.351,2.2572,0.85587,0.93635,0.00073416,44.35,NA
"1RD8_AB",327,"SER",0.34632849173,1.34354102023e-05,1.92404034407,0,0.051105,0.0029249,2.0031,0.6879,0.0486,0.0452,0.0127,32,30.811,6.7189,1.0277,1.0443,0.0013005,40.68,NA
"1RD8_AB",328,"ARG",0.0137458938516,0,1.6788676512,0.55839,0.805,0.018526,3.4056,1.2052,0.0648,0.133,0.4466,22,17.823,4.762,0.88505,0.77957,0.0012314,43.44,NA
"1RD8_AB",329,"GLY",0.0244109985725,0,0.276033485977,0.40385,0.57146,0.011486,6.0012,1.153,0.0652,0.1614,NA,23,23.463,1.6631,0.8626,0.87558,0.001045,35.25,NA
"1RD8_AB",330,"LEU",0.284644777456,7.36023903628e-06,2.06049717102,0.42289,0.27748,0.011002,4.5495,0.8998,0.0963,0.0367,0.4027,32,33.017,3.4687,1.0023,1.0059,0.001001,42.9,NA
"1RD8_AB",331,"PHE",0.376464194747,2.07938635284e-05,1.58604045946,0.0041667,0.0043694,0.00020416,3.0704,0.729,0.0344,0.0233,0.0608,41,41.559,1.1993,1.1825,1.1953,0.00095769,39.3,NA
"1RD8_AB",332,"GLY",0.0167014398605,0,2.24429686413,0.21154,0.088974,0.0047175,3.175,0.6968,0.076,0.0621,NA,43,41.87,5.1058,1.0973,1.1387,0.0019756,39.17,NA
"1RD8_AB",333,"ALA",0.0342087346362,0,2.28858123393,0.29457,0.45519,0.0099032,2.9247,0.6747,0.1122,0.1048,NA,43,43.504,5.3789,1.1204,1.0851,0.0014037,35.02,NA
"1RD8_AB",334,"ILE",0.156828783493,7.36023903628e-06,1.86778795281,0.015228,0.023821,0.00027097,1.9721,0.6978,0.0765,0.0174,0.0306,44,40.818,2.6186,1.159,1.1082,0.00072211,52.31,NA
"1RD8_AB",335,"ALA",0.0340320739402,0,1.45912583271,0.65891,0.68021,0.0082291,1.9215,0.7609,0.1109,0.6321,NA,33,31.553,2.0952,0.92606,0.90822,0.00086588,83.75,NA
"1RD8_AB",336,"GLY",0.0244013656271,0,2.20182243776,0.019231,0.021981,0.0025119,2.1515,0.8649,0.6911,0.3575,NA,32,30.669,5.7347,0.96039,0.96325,0.0037451,89.74,NA
"1RD8_AB",337,"PHE",0.0413570517972,0,2.16645900156,1,0.77878,0.0046367,2.2455,0.9547,0.0521,0.0221,0.0093,18,21.185,6.4562,0.76884,0.76842,0.0014595,97.08,NA
"1RD8_AB",338,"ILE",0.194282866228,1.47195856478e-05,0.456870354408,0.38579,0.85724,0.0038157,4.4914,1.3625,0.0134,0.1058,0.8931,22,17.705,2.3334,0.86415,0.70958,0.00065547,108.27,NA
"1RD8_AB",339,"GLU",0.0116445442557,0,2.04256412869,0.47085,0.30908,0.0036122,4.7406,0.9563,0.0671,0.4754,0.0206,23,25.326,2.476,0.83792,0.85158,0.0011563,108.45,NA
"1RD8_AB",340,"GLY",0.1785188739,7.36023903628e-06,1.87590402981,0.92308,0.18513,0.022182,5.2935,0.973,0.2924,0.0829,NA,19,28.731,12.635,0.79047,0.89364,0.0032303,103.21,NA
"1RD8_AB",341,"GLY",0.0335323972643,0,0.567565208313,0.38462,0.61229,0.037657,2.7185,0.8728,0.2214,0.3721,NA,30,26.598,20.489,0.91895,0.83626,0.0035241,105.11,NA
"1RD8_AB",342,"TRP",0.0887175263467,0,1.67078445778,0.25263,0.50195,0.021515,3.1337,0.6751,0.1795,0.0222,0.1365,33,24.412,8.8175,0.96083,0.82271,0.00065125,91.72,NA
"1RD8_AB",343,"THR",0.308639279678,2.07938635284e-05,1.97279870036,0.59302,0.3216,0.014624,2.2823,0.7661,0.0104,0.0368,0.0113,30,26.59,10.75,0.91921,0.87561,0.0011262,95.55,NA
"1RD8_AB",344,"GLY",0.0166708837987,0,1.39346027024,0.32692,0.65971,0.0041129,2.9676,0.7344,0.0313,0.0257,NA,32,24.184,2.2463,0.9919,0.8689,0.00038358,71.7,NA
"1RD8_AB",345,"MET",0.142799689669,7.36023903628e-06,0.377950318208,0.13839,0.26019,0.0039084,3.5703,0.7606,0.0094,0.0682,0.2591,41,34.251,4.4164,1.1486,1.0081,0.00067724,53.55,NA
"1RD8_AB",346,"ILE",0.30126036993,0.000348998594628,2.11041473248,0,0.0028088,2.9441e-05,3.0056,0.6162,0.1266,0.0902,0.4155,51,44.347,3.0314,1.2952,1.1694,0.00041186,47.78,NA
"1RD8_AB",347,"ASP",0.0159658716335,0,1.75327105226,0.15544,0.20979,0.0028655,1.9766,0.7481,0.0947,0.1116,0.1196,42,40.979,3.6387,1.229,1.1462,0.00070579,48.62,NA
"1RD8_AB",348,"GLY",0.0246757133963,0,0.264805522451,0,0.0095641,0.00031801,2.3878,0.6751,0.1285,0.025,NA,51,50.859,5.7701,1.2663,1.2169,0.00065772,33.69,NA
"1RD8_AB",349,"TRP",0.0887175263467,0,1.66846318161,0.017544,0.0064772,8.4673e-05,2.0109,0.6338,0.0131,0.0122,0.0058,55,54.675,5.8621,1.2627,1.223,0.00028782,30.8,NA
"1RD8_AB",350,"TYR",0.0365936955758,0,1.9390509728,0,0,0,1.3201,0.4958,0.0195,0.0099,0.0317,53,55.625,4.2278,1.3121,1.2851,0.00014972,28.83,NA
"1RD8_AB",351,"GLY",0.0243736169165,0,0.276033485977,0,0,0,1.2157,0.4981,0.0272,0.0317,NA,51,52.131,3.427,1.3106,1.2791,0.00024493,24.74,NA
"1RD8_AB",352,"TYR",0.0366849668568,0,2.06503898255,0.0038023,0.0099062,0.00034972,1.2886,0.5323,0.0468,0.0136,0.1923,50,50.487,3.9364,1.2494,1.225,0.00017043,25.58,NA
"1RD8_AB",353,"HIS",0.173230749756,7.36023903628e-06,2.32750777413,0.13393,0.26354,0.0031094,2.4336,0.7072,0.0342,0.019,0.3215,42,42.93,1.8236,1.1529,1.1355,0.00019082,34.83,NA
"1RD8_AB",354,"HIS",0.0302049138736,0,1.8208545391,0.053571,0.068616,0.00064347,2.9101,0.8745,0.0201,0.015,0.0568,41,41.605,1.7467,1.1085,1.0732,0.00010504,39.45,NA
"1RD8_AB",355,"GLN",0.0731741805183,0,1.93457536378,0.43111,0.47181,0.0071384,3.7953,1.0473,0.0104,0.0139,0.4248,31,29.944,1.5379,0.97711,0.94945,0.00015223,38.89,NA
"1RD8_AB",356,"ASN",0.0156944546295,0,1.6965792807,0.030769,0.017819,0.00027158,4.224,1.0946,0.0193,0.01,0.0151,28,27.293,0.30483,0.92727,0.89508,0.00023292,36.11,NA
"1RD8_AB",357,"GLU",0.194579312431,1.34354102023e-05,1.91803236725,0.46637,0.6085,0.0054965,5.5008,1.3307,0.0118,0.0225,0.5089,20,20.41,0.82111,0.68992,0.66924,0.00019408,52.73,NA
"1RD8_AB",358,"GLN",0.218200873497,7.36023903628e-06,2.40068349001,0.55111,0.58374,0.014466,5.797,1.3851,0.0411,0.03,0.0237,17,17.563,0.77326,0.6662,0.64677,0.00059544,36.03,NA
"1RD8_AB",359,"GLY",0.0167471759268,0,0.264805522451,0.44231,0.44307,0.0033401,4.9382,1.4236,0.0522,0.0502,NA,19,19.32,1.157,0.73558,0.70742,0.00018595,36.45,NA
"1RD8_AB",360,"SER",0.308154637525,1.47195856478e-05,2.03605357182,0.46452,0.47773,0.0068704,4.512,1.2569,0.0322,0.0203,0.4844,24,23.885,1.2864,0.85263,0.8312,0.00016784,39.1,NA
"1RD8_AB",361,"GLY",0.174029331599,7.36023903628e-06,2.22392250056,0.18269,0.26346,0.0022071,4.6237,1.3801,0.0309,0.0362,NA,32,30.359,2.8266,0.90876,0.8608,0.00027135,39.76,NA
"1RD8_AB",362,"TYR",0.0365425989785,0,1.93601781193,0.38403,0.25539,0.0036152,3.3938,0.9628,0.0468,0.0118,0.0075,36,35.727,2.08,1.0065,1.0161,0.00044386,46.79,NA
"1RD8_AB",363,"ALA",0.0276809897547,0,2.11229759906,0.28682,0.2543,0.0044551,2.9342,0.9855,0.0129,0.0214,NA,38,39.999,2.5437,1.0232,1.022,0.00061746,32.8,NA
"1RD8_AB",364,"ALA",0.018976465621,0,1.97187541397,0.13953,0.091121,0.0028844,2.3181,0.8407,0.0279,0.0216,NA,45,41.424,3.5439,1.1476,1.1145,0.00054599,36.09,NA
"1RD8_AB",365,"ASP",0.0162327077294,0,1.5508463136,0.020725,0.010936,0.00057686,2.4036,0.8117,0.0557,0.0434,0.0105,43,41.955,4.2528,1.1273,1.1017,0.00055347,37.46,NA
"1RD8_AB",366,"GLN",0.432490745204,9.73133069493e-05,1.94414064965,0.67556,0.52682,0.011917,3.611,1.0377,0.0239,0.0342,0.5524,31,28.911,4.7013,0.95818,0.91529,0.0010241,41.63,NA
"1RD8_AB",367,"LYS",0.14856175383,2.07938635284e-05,1.77770736341,0.66525,0.54786,0.017109,3.7905,1.238,0.1919,0.0517,0.8274,26,27.233,3.138,0.9071,0.92823,0.00038547,33.45,NA
"1RD8_AB",368,"SER",0.0237441421499,0,2.19843978443,0.019355,0.042787,0.0013135,2.8474,0.7862,0.0125,0.0181,0.1794,39,40.431,3.9211,1.0714,1.0836,0.00098309,32.53,NA
"1RD8_AB",369,"THR",0.0170702629709,0,1.58953110412,0,0.0053178,0.00014709,2.5682,0.715,0.0116,0.0118,0.0151,45,43.053,1.4368,1.1878,1.1518,0.00038422,32.44,NA
"1RD8_AB",370,"GLN",0.0471027280231,0,1.82578431262,0.30222,0.36554,0.009854,3.2812,1.0773,0.012,0.0192,0.4351,30,29.601,2.7589,1.0328,0.9885,0.00059626,34.43,NA
"1RD8_AB",371,"ASN",0.15931155313,1.47195856478e-05,1.65846802829,0.53846,0.44032,0.0084499,3.4541,1.1847,0.0327,0.0161,0.2625,28,27.699,7.6623,0.98518,0.97368,0.0014395,36.11,NA
"1RD8_AB",372,"ALA",0.181746795358,7.36023903628e-06,2.38613962121,0,0.01985,0.00069824,2.8095,0.774,0.0137,0.0237,NA,41,40.979,6.3398,1.1401,1.1231,0.0012617,35.4,NA
"1RD8_AB",373,"ILE",0.0236286351786,0,2.15414241271,0.020305,0.11636,0.0055104,2.3977,0.8081,0.0112,0.0094,0.0102,35,34.282,2.9991,1.1376,1.0908,0.00068851,33.29,NA
"1RD8_AB",374,"ASP",0.482591604491,0.00019120011048,2.08218556761,0.35751,0.49053,0.0065037,2.4445,0.888,0.0102,0.0152,0.1843,26,24.633,1.6562,0.97922,0.95133,0.00052632,40.78,NA
"1RD8_AB",375,"GLY",0.254383124462,1.90249840857e-05,2.16487133908,0.29808,0.19762,0.004517,2.4455,0.8009,0.0167,0.0138,NA,28,29.192,6.0792,1.0292,1.0126,0.00064894,34.96,NA
"1RD8_AB",376,"ILE",0.194875875547,1.34354102023e-05,2.24124160855,0.0050761,0.0024772,2.181e-05,2.5421,0.8174,0.012,0.0105,0.038,38,39.388,1.3277,1.1707,1.1445,0.00021867,30.53,NA
"1RD8_AB",377,"THR",0.164419865531,7.36023903628e-06,2.0557350141,0.25581,0.32517,0.0036334,2.3084,0.7883,0.0115,0.0102,0.0242,29,29.081,2.1036,1.0858,1.0298,0.00030171,30.35,NA
"1RD8_AB",378,"ASN",0.353265936302,2.81514227069e-05,2.28905120893,0.57436,0.58096,0.0021376,2.0025,0.8381,0.0101,0.0106,0.2213,22,21.091,2.3293,0.98192,0.95886,0.00027362,39.62,NA
"1RD8_AB",379,"LYS",0.0246420272847,0,2.19722926863,0.19915,0.20258,0.0070499,2.1956,0.8383,0.0112,0.011,0.3348,31,33.302,6.1255,1.0725,1.0681,0.0003904,33.45,NA
"1RD8_AB",380,"VAL",0.186646763216,7.36023903628e-06,2.60943966274,0.022989,0.075387,0.0012006,2.3312,0.9085,0.0111,0.0102,0.028,39,36.337,3.6791,1.1427,1.1158,0.00021644,35.77,NA
"1RD8_AB",381,"ASN",0.145756681787,7.36023903628e-06,2.14825377941,0.37949,0.38003,0.0042542,2.0054,0.8805,0.01,0.0196,0.1346,26,24.361,4.7751,1.0398,1.0143,0.00049526,33.75,3.46937640370924
"1RD8_AB",382,"SER",0.308315780162,1.47195856478e-05,2.20869260832,0.29677,0.30246,0.0073786,2.0302,0.8755,0.0231,0.0551,0.4375,24,22.822,6.2798,0.9925,0.97686,0.00066129,34.31,3.87109357806765
"1RD8_AB",383,"VAL",0.564908312241,0.000142515860542,2.23635056018,0.091954,0.037582,0.0011234,2.0713,0.8751,0.0658,0.0748,0.2977,37,36.529,6.1973,1.0792,1.0747,0.0004975,28.62,3.71302695677693
"1RD8_AB",384,"ILE",0.157557871524,7.36023903628e-06,1.78316106067,0.11168,0.073919,0.0026925,2.4815,1.0977,0.0878,0.0191,0.0193,33,34.455,3.5023,1.1251,1.1359,0.00056712,28.07,3.20833947470632
"1RD8_AB",385,"GLU",0.295836041041,3.24550319857e-05,2.16942810944,0.39462,0.44413,0.0033689,3.7845,1.4396,0.013,0.0202,0.1739,20,22.735,3.4062,0.97399,1.0117,0.0013006,40.23,3.5282368034035
"1RD8_AB",386,"LYS",0.0121265240675,0,2.16896314919,0.87288,0.74916,0.0047505,3.775,1.4452,0.0227,0.0357,0.3444,19,20.597,1.1241,0.90482,0.94283,0.00061558,33.88,3.8870462691372
"1RD8_AB",387,"MET",0.0121383116638,0,2.2337827271,0.044643,0.25419,0.0070026,2.7897,1.0646,0.0667,0.0184,0.3421,27,27.1,2.7785,1.028,1.0474,0.00046307,38.51,3.65411940939087
"1RD8_AB",388,"ASN",0.0197101431013,0,1.74783721082,0.44615,0.07521,0.002463,4.1232,1.26,0.0202,0.0188,0.0812,25,29.998,1.1134,0.99712,1.104,0.00058395,59.8,3.47600576412943
"1RD8_AB",389,"THR",0.308931740919,2.07938635284e-05,1.83524127283,0.63372,0.74544,0.0042727,4.5822,1.2124,0.0128,0.043,0.0652,22,24.592,0.56725,0.90614,0.93034,0.00035796,58.85,3.33769433738116
"1RD8_AB",390,"GLN",0.0469509506818,0,1.86365621742,0.088889,0.072919,0.0015593,2.9873,0.8766,0.0299,0.0235,0.0115,26,28.591,1.8082,1.0421,1.0467,0.00035292,57.75,2.84585130495323
"1RD8_AB",391,"PHE",0.041398807956,0,1.78418652629,0.7625,0.78571,0.0072663,2.0865,0.7089,0.0955,0.0125,0.1423,24,23.664,1.5188,1.0012,0.973,0.00035061,51.3,3.23499767410707
"1RD8_AB",392,"THR",0.0170762559519,0,2.21778600148,0.14535,0.21595,0.0047705,1.7814,0.5389,0.016,0.0326,0.0439,32,27.978,1.5052,1.1379,1.096,0.00046536,34.1,NA
"1RD8_AB",393,"ALA",0.0239176696786,0,1.30114244274,0.36434,0.22791,0.010415,1.9516,0.7385,0.0327,0.0472,NA,35,30.775,14.548,1.1309,1.1212,0.0021303,30.51,NA
"1RD8_AB",394,"VAL",0.0340286422241,0,0.38609695511,0.16092,0.79411,0.01329,3.1138,1.138,0.0918,0.1085,0.7438,41,26.777,9.4531,1.2093,1.0367,0.0019191,35.38,NA
"1RD8_AB",395,"GLY",0.234253318354,1.34354102023e-05,1.81531702363,0.057692,0.50801,0.013277,3.2387,0.9363,0.164,0.1153,NA,39,28.854,7.0947,1.1314,1.0232,0.0016354,42.04,NA
"1RD8_AB",396,"LYS",0.142428924148,7.36023903628e-06,1.81925864924,0.35169,0.48906,0.0072973,2.5676,0.7419,0.1544,0.0259,0.1088,37,29.037,5.2835,1.0782,1.0324,0.0013611,42.92,NA
"1RD8_AB",397,"GLU",0.169075944333,2.07938635284e-05,2.02785145469,0.23318,0.27254,0.0026988,1.3496,0.5755,0.037,0.0342,0.5079,31,30.905,3.2057,1.0546,1.0502,0.00030339,41.66,NA
"1RD8_AB",398,"PHE",0.201837170672,7.36023903628e-06,1.63020418141,0.15417,0.24025,0.0075622,1.4915,0.5037,0.0641,0.0174,0.0093,25,24.237,0.79185,1.0084,0.98748,0.00029182,42.41,NA
"1RD8_AB",399,"ASN",0.355800572655,0.000187456283418,2.344705451,0.28205,0.17499,0.0034173,1.6278,0.5182,0.0201,0.0121,0.0259,22,21.743,0.61787,0.93915,0.97398,0.00038901,33.88,NA
"1RD8_AB",400,"ASN",0.484870663571,8.8117128092e-05,1.8319998091,0.70256,0.6531,0.010496,2.746,1.0613,0.0131,0.0155,0.6798,14,16.817,1.1932,0.79221,0.8676,0.0005389,43.35,NA
"1RD8_AB",401,"LEU",0.0673996716692,0,1.94191840592,0.8806,0.8782,0.0057749,2.6246,1.3884,0.0207,0.0284,0.3851,14,15.139,1.1047,0.76504,0.78587,0.00036009,31.37,NA
"1RD8_AB",402,"GLU",0.0123061276383,0,2.17549343213,0.19731,0.34692,0.003134,2.1482,1.118,0.0376,0.0183,0.0232,18,16.397,1.6459,0.88705,0.8595,0.00045706,35.29,NA
"1RD8_AB",403,"ARG",0.507726955608,6.87366390053e-05,1.67555266517,0.62044,0.59709,0.0086058,3.2398,1.2697,0.0122,0.0112,0.0476,15,14.717,0.67655,0.83384,0.85955,0.00063071,39.88,NA
"1RD8_AB",404,"ARG",0.0270701467962,0,1.64508100592,0.83577,0.82485,0.0063902,4.9259,1.5753,0.0144,0.0149,0.3798,15,13.918,0.39954,0.77993,0.75233,0.00030374,30.69,NA
"1RD8_AB",405,"ILE",0.172457152905,5.95837110335e-05,1.93997530945,0.41624,0.47306,0.00382,4.2045,1.2859,0.0164,0.0101,0.0674,19,16.643,0.32701,0.88782,0.82843,0.00033984,37.18,NA
"1RD8_AB",406,"GLU",0.142516369104,7.36023903628e-06,1.86349839647,0.06278,0.18059,0.0031927,2.4391,0.963,0.0093,0.0095,0.0195,20,19.19,0.40884,0.98234,0.93819,0.00027349,42.81,NA
"1RD8_AB",407,"ASN",0.241012369567,4.33131454847e-05,2.10437342388,0.42051,0.39743,0.0075969,4.0127,1.2899,0.0117,0.014,0.3758,20,18.086,0.40554,0.8868,0.84651,0.00029604,39.72,NA
"1RD8_AB",408,"LEU",0.0572951018401,0,2.09776799911,0.48259,0.49693,0.01008,5.1533,1.4949,0.0147,0.013,0.4488,18,15.035,0.68592,0.87252,0.81105,0.00038152,28.66,NA
"1RD8_AB",409,"ASN",0.20161668213,2.20780389739e-05,2.40777119703,0.082051,0.3064,0.0033706,3.7257,1.1236,0.0136,0.0107,0.1781,23,19.441,1.11,0.98954,0.89224,0.00049465,33.11,NA
"1RD8_AB",410,"LYS",0.172634149188,3.37392074313e-05,1.92172872882,0.49576,0.51574,0.0053027,2.8383,1.1168,0.0113,0.0111,0.0889,23,20.829,1.4665,0.98142,0.92415,0.00028792,34.04,NA
"1RD8_AB",411,"LYS",0.142801577525,7.36023903628e-06,2.09763032197,0.76695,0.75413,0.0038909,4.8046,1.5012,0.0113,0.012,0.1914,19,15.658,0.3973,0.88763,0.83154,0.00040677,26.07,NA
"1RD8_AB",412,"VAL",0.162307086414,7.36023903628e-06,2.0540433657,0.36782,0.49266,0.0037441,5.1019,1.4238,0.0158,0.0106,0.0823,22,15.885,0.68197,0.95068,0.84454,0.0004648,25.16,NA
"1RD8_AB",413,"ASP",0.0159658716338,0,2.28893790411,0.12435,0.37047,0.0025088,3.3337,0.9629,0.0103,0.0124,0.013,28,22.771,2.84,1.0533,0.95317,0.00037698,29.37,NA
"1RD8_AB",414,"ASP",0.0161911596283,0,1.92837176914,0.3057,0.22454,0.0046184,3.2556,1.1822,0.0116,0.014,0.0076,24,20.731,0.85706,0.98825,0.91771,0.00032101,31.59,NA
"1RD8_AB",415,"GLY",0.173935061671,7.36023903628e-06,2.187104486,0.25962,0.36053,0.0037566,4.4259,1.5193,0.018,0.017,NA,21,18.422,0.7284,0.92512,0.85178,0.00038704,34.95,NA
"1RD8_AB",416,"PHE",0.034979214534,0,2.125907226,0.55,0.53143,0.001739,3.8204,1.2407,0.0134,0.0122,0.007,25,20.66,0.6008,1.0224,0.93211,0.00057259,30.44,NA
"1RD8_AB",417,"LEU",0.16251655967,0.000659222013482,2.46059427411,0.049751,0.079804,0.0012561,2.4743,0.9606,0.0106,0.0091,0.0125,30,26.949,1.0128,1.1116,1.0313,0.00025887,26.71,NA
"1RD8_AB",418,"ASP",0.0200759477913,0,1.98946205601,0.35233,0.34298,0.0023028,2.8482,1.256,0.0103,0.0171,0.0901,24,22.231,1.1596,0.96214,0.92617,0.0003278,32.93,NA
"1RD8_AB",419,"ILE",0.470065157636,0.000237456363093,2.1206604808,0.50254,0.50259,0.0023844,3.0701,1.2455,0.0139,0.0112,0.1385,22,20.707,0.35152,0.95888,0.90839,0.00028165,23.82,NA
"1RD8_AB",420,"TRP",0.0887175263467,0,2.19527413356,0.23158,0.35629,0.0042631,2.5772,0.8568,0.0115,0.0114,0.0138,31,27.819,1.5148,1.1127,1.0455,0.00037976,27.23,NA
"1RD8_AB",421,"THR",0.0176640857815,0,2.1495718407,0.05814,0.10793,0.0012709,1.8921,0.8881,0.0105,0.0118,0.0155,32,30.798,0.95783,1.1366,1.0958,0.00019342,30.33,NA
"1RD8_AB",422,"TYR",0.0366118557022,0,2.15496118578,0.64639,0.59282,0.0014641,1.764,0.939,0.0144,0.0104,0.0096,24,25.211,0.90289,0.9749,0.9557,0.00021423,27.98,NA
"1RD8_AB",423,"ASN",0.0165213008234,0,2.12892405727,0.36923,0.30712,0.0025904,1.9106,0.7158,0.0122,0.0135,0.2211,27,24.885,1.4091,1.0137,0.98084,0.00025,33.69,NA
"1RD8_AB",424,"ALA",0.0181301161816,0,1.66841076962,0,0.00059432,6.4215e-06,1.8681,0.7128,0.0115,0.0122,NA,41,40.151,2.1846,1.1525,1.1159,0.00021648,30.56,NA
"1RD8_AB",425,"GLU",0.0119079952535,0,1.84536091652,0.22422,0.22269,0.0010694,1.3907,0.6923,0.0129,0.0103,0.013,39,36.583,2.9998,1.1087,1.0792,0.00027514,35.86,NA
"1RD8_AB",426,"LEU",0.315632094055,7.36023903628e-06,2.18238471848,0.29851,0.35458,0.0036353,1.6047,0.6993,0.0109,0.0141,0.1713,29,28.903,2.5704,1.0121,0.99676,0.00039884,31.67,NA
"1RD8_AB",427,"LEU",0.0721555821664,0,2.18262766878,0.28856,0.21803,0.0031023,1.8244,0.5784,0.0128,0.0134,0.0516,34,34.786,5.3891,1.0779,1.0528,0.00032364,34.16,NA
"1RD8_AB",428,"VAL",0.162294426301,7.36023903628e-06,2.11471061906,0.0057471,0.00068966,4.8564e-06,1.4602,0.5109,0.013,0.0099,0.3648,44,44.327,2.5803,1.2102,1.1893,0.00018018,26.5,NA
"1RD8_AB",429,"LEU",0.0610426256624,0,1.78700957235,0.19403,0.14244,0.001093,1.5001,0.6913,0.0086,0.0087,0.0096,35,33.853,1.6694,1.1762,1.1635,0.00027123,24.99,NA
"1RD8_AB",430,"LEU",0.100985795256,0,2.07260742244,0.37313,0.31427,0.0043609,2.3384,0.8524,0.0137,0.0111,0.0261,28,29.642,1.0359,1.0421,1.0608,0.00024349,24.53,NA
"1RD8_AB",431,"GLU",0.0115892792064,0,2.26196734734,0.089686,0.039384,0.00085736,2.4343,0.6384,0.0097,0.0111,0.0104,36,39.421,2.3174,1.1235,1.1478,0.00023424,37,NA
"1RD8_AB",432,"ASN",0.0156857455673,0,1.06555418846,0,8.2051e-05,4.845e-07,1.5702,0.524,0.0104,0.0112,0.0116,46,46.592,0.85544,1.2633,1.2558,0.00014114,29.23,NA
"1RD8_AB",433,"GLU",0.148839717972,3.41893944964e-05,2.07760420108,0.11659,0.10403,0.0028489,2.2201,0.8682,0.0116,0.0117,0.0294,36,37.013,2.6763,1.1175,1.1238,0.00027701,29.64,NA
"1RD8_AB",434,"ARG",0.0273586246074,0,2.1475047566,0.63504,0.52662,0.0031922,2.6088,0.8408,0.0136,0.0287,0.0098,33,34.342,3.945,1.0829,1.0707,0.00029039,44.11,NA
"1RD8_AB",435,"THR",0.210598070939,1.47195856478e-05,2.22217322773,0,0.0029302,3.5696e-05,1.9185,0.5565,0.0315,0.0119,0.1766,46,46.895,2.973,1.2177,1.2136,0.00019905,31.67,NA
"1RD8_AB",436,"LEU",0.0726003139936,0,1.72510828403,0,0.00072305,1.2753e-05,1.5117,0.58,0.0117,0.0113,0.0144,50,50.778,5.0041,1.2199,1.2095,0.00024997,29.65,NA
"1RD8_AB",437,"ASP",0.212402638692,2.07938635284e-05,2.02932713724,0.26943,0.32115,0.0033944,2.3377,0.6486,0.0112,0.0146,0.0071,33,35.283,4.2256,1.0819,1.0856,0.00032185,36.84,NA
"1RD8_AB",438,"PHE",0.487730120791,5.81520222816e-05,2.25903083098,0.2875,0.24651,0.0027089,2.4461,0.613,0.0124,0.0089,0.0075,37,37.053,3.9138,1.1196,1.1299,0.00020416,27.25,NA
"1RD8_AB",439,"HIS",0.0297071246341,0,1.78534398673,0.0044643,2.9762e-06,1.3287e-08,1.6024,0.467,0.0091,0.0084,0.011,52,52.347,2.5549,1.2377,1.2303,0.00012768,30.09,NA
"1RD8_AB",440,"ASP",0.513154952312,4.78916222062e-05,2.26119435826,0.031088,0.025275,0.00064089,2.2132,0.4886,0.0102,0.0127,0.0082,48,45.624,3.0967,1.1727,1.1608,0.00020652,33.81,NA
"1RD8_AB",441,"SER",0.229114051249,7.36023903628e-06,2.21646435605,0.4129,0.34097,0.004211,3.2284,0.6496,0.0152,0.0092,0.4639,35,33.45,3.9915,1.0724,1.0638,0.00026599,32.25,NA
"1RD8_AB",442,"ASN",0.16318759235,1.47195856478e-05,2.33537703741,0.071795,0.047829,0.001165,2.6754,0.6099,0.0104,0.0112,0.2562,45,41.589,6.7278,1.1488,1.1497,0.00028838,30.12,NA
"1RD8_AB",443,"VAL",0.468780244017,2.68672472614e-05,2.0475691908,0,0.00015326,2.841e-06,1.8245,0.5039,0.0125,0.0084,0.0826,52,49.514,2.3794,1.2532,1.2395,0.00020959,27.64,NA
"1RD8_AB",444,"ARG",0.159019929069,7.36023903628e-06,1.91591992828,0.33577,0.46283,0.0050538,3.2335,0.7116,0.0092,0.0086,0.0174,40,38.025,4.5304,1.1239,1.1011,0.00038921,30.24,NA
"1RD8_AB",445,"ASN",0.506093687885,5.11518234142e-05,2.06285355035,0.29744,0.43439,0.0042887,3.6665,0.8107,0.0104,0.0142,0.3525,31,31.685,1.9599,1.0404,1.0332,0.00027724,32.74,NA
"1RD8_AB",446,"LEU",0.590307305311,7.36023903628e-06,2.25537698756,0.0199,0.0029884,3.5531e-05,2.2558,0.6466,0.0123,0.0085,0.0363,45,44.883,3.0678,1.1506,1.1577,0.0003219,24.11,NA
"1RD8_AB",447,"TYR",0.0365442546913,0,2.1249484533,0.0038023,0.051711,0.0011689,2.2948,0.8117,0.0097,0.0088,0.0068,46,43.464,2.0501,1.1589,1.1499,0.00023528,23.53,NA
"1RD8_AB",448,"GLU",0.202747777429,1.47195856478e-05,2.05280772191,0.26457,0.31862,0.0054895,3.7654,1.0209,0.0098,0.0102,0.4367,31,30.661,3.6144,0.98698,0.98131,0.00022749,31.9,NA
"1RD8_AB",449,"LYS",0.011509652394,0,1.89712872183,0.40678,0.31709,0.010664,3.4237,0.8709,0.0117,0.02,0.2863,34,34.02,5.4499,0.99956,1.0016,0.00035336,26.25,NA
"1RD8_AB",450,"VAL",0.0177120155172,0,2.4479090555,0,0.0011341,1.3212e-05,2.042,0.7152,0.0157,0.011,0.2944,48,48.429,5.2164,1.0988,1.0989,0.00017386,22.17,NA
"1RD8_AB",451,"LYS",0.225853777777,5.22324351716e-05,1.98177163206,0.40678,0.37434,0.00298,2.8593,1.1674,0.0102,0.0108,0.0229,36,36.709,2.0956,1.0167,1.0094,0.00016846,37.94,NA
"1RD8_AB",452,"SER",1.61965584911,0.000477732731228,2.25727086956,0.51613,0.3687,0.0053627,3.5419,1.2681,0.0133,0.0191,0.6665,25,25.695,1.896,0.88101,0.87951,0.00020553,32.5,NA
"1RD8_AB",453,"GLN",0.0545985953367,0,1.54879874687,0.12,0.16991,0.002472,3.2383,0.9042,0.0177,0.0157,0.3636,34,33.675,3.0402,0.93452,0.94994,0.00036377,36.06,NA
"1RD8_AB",454,"LEU",0.0523212105568,0,1.50633307259,0,0.0014892,7.3413e-06,2.4991,1.0376,0.0156,0.0104,0.0117,44,43.216,2.044,1.0133,1.0009,0.00013571,33.49,NA
"1RD8_AB",455,"LYS",0.514093927053,4.62388991851e-05,0.264805522451,0.55085,0.60163,0.0059272,4.2228,1.4242,0.0116,0.0797,0.4263,30,28.33,1.6182,0.86889,0.84408,0.00024273,33.98,NA
"1RD8_AB",456,"ASN",0.0157541173359,0,1.63652970298,0.39487,0.4291,0.0067472,4.0707,1.5421,0.0942,0.0233,0.9115,31,29.647,2.9316,0.80743,0.79771,0.00024234,37.66,NA
"1RD8_AB",457,"ASN",0.0156848372529,0,1.76919546259,0,0.00043761,2.7558e-06,2.731,1.3959,0.0171,0.0123,0.01,41,39.547,1.4154,0.98962,0.94717,0.00021157,31.15,NA
"1RD8_AB",458,"ALA",0.0317680351281,0,0.891125360568,0.023256,0.011556,0.00017771,2.4525,1.2721,0.0157,0.0191,NA,47,40.718,3.5742,1.052,1.0193,0.00030932,29.44,NA
"1RD8_AB",459,"LYS",0.0115557652337,0,2.06597560044,0.38983,0.49686,0.015034,3.4466,1.3711,0.0312,0.0175,0.0662,34,30.792,4.0501,0.91816,0.87518,0.00034578,32.47,NA
"1RD8_AB",460,"GLU",0.0116001582891,0,1.82641201926,0.33632,0.28999,0.0037882,3.7498,1.4307,0.0187,0.0606,0.2007,32,30.222,1.3336,0.90127,0.89557,0.00046348,31.62,NA
"1RD8_AB",461,"ILE",0.146575290395,1.47195856478e-05,1.5213502677,0.35025,0.48439,0.0042019,4.4725,1.4385,0.0658,0.0837,0.7686,25,24.827,2.8981,0.8356,0.81637,0.00034031,25.76,NA
"1RD8_AB",462,"GLY",0.0174384393631,0,0.264805522451,0.41346,0.32412,0.0050852,5.046,1.3411,0.0796,0.0192,NA,24,25.035,2.2703,0.86823,0.86105,0.0010097,32.48,NA
"1RD8_AB",463,"ASN",0.147990597025,1.34354102023e-05,1.37765197341,0.54359,0.35613,0.010628,4.7511,1.0997,0.0096,0.0179,0.1879,32,33.086,6.7111,1.0119,1.0229,0.0021719,35.17,NA
"1RD8_AB",464,"GLY",0.254510235243,1.34354102023e-05,0.329444141319,0,0.0031282,0.00010863,3.0489,0.8966,0.0194,0.032,NA,41,41.604,2.4715,1.155,1.1574,0.0021822,33.77,NA
"1RD8_AB",465,"CYS",0.0372209193445,0,0.591059439197,0.071856,0.13002,0.0024037,2.7938,0.8439,0.0404,0.0136,0.2073,39,39.178,4.6588,1.132,1.0998,0.00057799,51.39,NA
"1RD8_AB",466,"PHE",0.183754567223,7.36023903628e-06,1.06771223219,0.0041667,0.010172,9.5177e-05,2.4732,0.9006,0.0194,0.0336,0.016,44,42.254,1.3917,1.1137,1.0879,0.00017858,35.58,NA
"1RD8_AB",467,"GLU",0.0116259042726,0,2.01094902913,0.11211,0.16022,0.0023617,2.9477,1.0788,0.0372,0.0147,0.3964,36,35.599,2.1989,1.0302,1.009,0.00021806,41.25,NA
"1RD8_AB",468,"PHE",0.200500263929,7.37353330047e-06,1.11529603556,0,0.0017417,1.5136e-05,2.6228,1.0304,0.0162,0.0165,0.0055,45,41.456,2.5671,1.062,1.0197,0.00019598,28.53,NA
"1RD8_AB",469,"TYR",0.0367310487995,0,1.58453951028,0.04943,0.10061,0.0032161,3.1984,1.3474,0.0189,0.0535,0.0079,37,34.973,1.8739,0.96235,0.89772,0.00038279,31.86,NA
"1RD8_AB",470,"HIS",0.185719638778,7.37353330047e-06,0.641331139855,0.022321,0.25222,0.0053674,2.8522,1.1531,0.0877,0.0225,0.1128,41,34.137,2.0879,0.8973,0.83609,0.00044576,36.37,NA
"1RD8_AB",471,"LYS",0.0241737638249,0,1.52873276833,0.72881,0.49053,0.017956,3.3246,1.0262,0.0219,0.0273,0.4564,35,31.431,4.5482,0.8008,0.77324,0.00045925,50.28,NA
"1RD8_AB",472,"CYS",0.0371642960518,0,0.840829716257,0,0.0034571,5.3582e-05,2.8196,0.8408,0.0384,0.1556,0.0199,38,37.077,1.5724,0.93891,0.89569,0.0006695,46.5,NA
"1RD8_AB",473,"ASP",0.489398767221,8.80200425166e-05,1.93764802768,0.29016,0.26133,0.0028641,3.4454,1.1026,0.1707,0.0113,0.102,27,27.941,1.0039,0.85138,0.81966,0.00028129,47.86,NA
"1RD8_AB",474,"ASP",0.510304954348,0.000543181083531,2.21707503279,0.27979,0.32381,0.0021681,3.7871,1.2285,0.0131,0.0155,0.0101,29,26.918,1.1614,0.84437,0.8237,0.00026567,39.8,NA
"1RD8_AB",475,"ALA",0.229475096745,5.82551420867e-05,1.1371958748,0.56589,0.7146,0.0018359,3.5646,1.4564,0.0162,0.0138,NA,23,22.009,2.6443,0.78227,0.76292,0.00025352,29.58,NA
"1RD8_AB",476,"CYS",0.0447540450141,0,0.833542801311,0,0.026475,0.0003664,2.487,1.1342,0.0136,0.0089,0.0449,36,33.222,3.8833,0.93396,0.902,0.00023736,38.77,NA
"1RD8_AB",477,"MET",0.149691959037,1.47461715936e-05,1.8231783044,0,1.1905e-05,5.304e-08,2.4264,0.9941,0.0097,0.0094,0.3509,45,44.157,1.876,1.0511,1.026,0.00013303,36.09,NA
"1RD8_AB",478,"GLU",0.0215825740442,0,2.1576760321,0.43498,0.34736,0.001802,3.1911,1.2945,0.0086,0.0088,0.0109,31,32.848,3.9422,0.95887,0.94558,0.00027809,58.86,NA
"1RD8_AB",479,"SER",0.0190152715274,0,1.55823651666,0.12258,0.12731,0.00077364,2.9472,1.2556,0.0091,0.0103,0.4765,26,25.308,2.32,0.97965,0.9659,0.00026825,39.51,NA
"1RD8_AB",480,"VAL",0.160985429529,7.37353330047e-06,2.08002452483,0,0.00037548,2.8556e-06,2.0407,0.8652,0.0109,0.0094,0.0322,44,43.955,4.5143,1.0904,1.071,0.00021219,34.37,NA
"1RD8_AB",481,"ARG",0.195269578094,1.90589737216e-05,2.39373477105,0.10949,0.081083,0.0010998,2.4508,0.874,0.0114,0.0221,0.01,43,41.185,3.544,1.0596,1.0457,0.0005367,37.45,NA
"1RD8_AB",482,"ASN",0.145661267107,7.37353330047e-06,2.2151057027,0.51282,0.33382,0.013995,3.7063,1.0815,0.0306,0.0228,0.6097,30,27.027,4.9325,0.91399,0.90078,0.00080407,38.78,NA
"1RD8_AB",483,"GLY",0.146749696458,7.37353330047e-06,1.98070726545,0.47115,0.22699,0.007525,3.5401,0.9842,0.0246,0.036,NA,27,27.853,4.498,0.88992,0.89782,0.000704,34.83,NA
"1RD8_AB",484,"THR",0.210308145701,7.37353330047e-06,1.42722160593,0.64535,0.69679,0.0027032,3.8697,1.2008,0.0646,0.0297,0.3365,20,21.61,1.6777,0.81409,0.78927,0.00036865,36.52,NA
"1RD8_AB",485,"TYR",0.0366021257289,0,0.764481209731,0.022814,0.021693,0.00011076,3.0174,0.9456,0.0226,0.0112,0.0058,31,29.225,1.0509,0.93206,0.89893,0.00033674,35,NA
"1RD8_AB",486,"ASP",0.150771326767,7.38686431643e-06,0.483788170392,0.36269,0.38541,0.0034458,3.3272,1.1315,0.0155,0.0249,0.0794,30,27.669,2.0469,0.77762,0.75851,0.00020422,48.06,NA
"1RD8_AB",487,"TYR",0.0366615791155,0,1.25405511101,0.17871,0.21989,0.0023548,3.2646,1.0535,0.0153,0.0089,0.0046,30,29.26,1.0718,0.83359,0.82798,0.00016472,42.2,NA
"1RD8_AB",488,"PRO",0.260924393718,1.47728310329e-05,0.643273046132,0.62893,0.69433,0.0030848,3.4318,1.3903,0.0091,0.0213,0.0602,19,18.262,1.6905,0.68899,0.67884,0.0001938,47.04,NA
"1RD8_AB",489,"LYS",0.148473550595,2.64772254616e-05,1.28811475249,0.66525,0.69799,0.0069903,2.588,1.1687,0.0199,0.0193,0.2134,22,20.513,2.4515,0.68451,0.67702,0.00022873,43.14,NA
"1RD8_AB",490,"TYR",0.0366715491022,0,1.41892234236,0.064639,0.14042,0.0024824,2.5429,1.2137,0.041,0.0145,0.0104,29,30.093,0.61249,0.83349,0.84119,0.00041592,40.01,NA
"1RD8_AB",491,"SER",0.0525389596209,0,1.32859790287,0.13548,0.084869,0.0035197,3.0895,1.4783,0.0126,0.0153,0.3225,25,26.079,1.0804,0.8172,0.82819,0.00034312,43.43,NA
"1RD8_AB",492,"GLU",0.438020829081,0.000109973259564,1.66339945122,0.42152,0.49721,0.0030497,4.0463,1.6936,0.0129,0.0189,0.0207,23,20.435,1.8684,0.68586,0.68797,0.00034657,48.67,NA
"1RD8_AB",493,"GLU",0.0116450338033,0,2.05235779604,0.25112,0.27579,0.0062877,3.3552,1.6753,0.0203,0.0189,0.2106,23,23.35,1.2697,0.7516,0.75324,0.00046752,48.83,NA
"1RD8_AB",494,"SER",0.286681621307,3.43714777332e-05,0.481261350857,0,0.0021806,2.8479e-05,3.2179,1.6574,0.029,0.0181,0.1773,31,29.952,1.0504,0.94229,0.89489,0.00038391,47.29,NA
"1RD8_AB",495,"LYS",0.473353436665,3.39213880919e-05,1.8576068031,0.54237,0.53757,0.0055834,4.1549,1.9087,0.0121,0.0143,0.3678,26,24.391,1.187,0.77551,0.74152,0.00038834,44.52,NA
"1RD8_AB",496,"LEU",0.0546327161395,0,2.107018626,0.59204,0.70653,0.0034283,4.8964,1.9779,0.0149,0.016,0.1488,20,19.731,1.4414,0.68738,0.66409,0.00032481,48.65,NA
"1RD8_AB",497,"ASN",0.447845247339,0.00031210699968,1.981841183,0.24103,0.24803,0.0037877,4.5826,1.8674,0.0164,0.0185,0.2458,24,22.935,1.8951,0.77129,0.73318,0.00051909,44.76,NA
"1RD8_AB",498,"ARG",0.321722821334,2.09063716619e-05,1.67012491025,0.21168,0.28989,0.0065898,5.2103,1.6716,0.0179,0.0267,0.3158,25,22.621,1.4244,0.8169,0.74254,0.00062685,50.86,NA
"1RD8_AB",499,"GLU",0.283628981621,5.10701270766e-05,1.93034608858,0.3991,0.54366,0.0058683,5.8153,1.6992,0.0227,0.0215,0.3179,18,15.219,2.6766,0.64663,0.62125,0.00038078,74.2,NA
"1RD8_AB",500,"GLU",0.435804613592,0.000132354656456,1.35028779167,0.59641,0.66368,0.014039,5.6108,2.0171,0.0243,0.0275,0.074,13,12.494,0.91591,0.59125,0.56344,0.0013458,76.48,NA
"1RD8_AB",501,"ILE",0.0234483060959,0,1.54389125491,0.62437,0.69637,0.033322,7.5875,1.9722,0.1776,0.0327,0.4732,18,13.261,7.4443,0.6386,0.56003,0.0017927,78.69,NA
"1RD8_AB",502,"ASP",0.160330153434,2.65247619111e-05,1.4455534122,0.28497,0.51288,0.024712,9.3005,2.2081,0.149,0.598,0.5181,20,10.792,3.9327,0.6245,0.52678,0.00093879,84.27,NA
"1RD8_AB",503,"GLY",0.146829560883,7.4002322211e-06,0.264805522451,1.3462,1.1388,0.1277,8.8678,2.5746,0.5021,NA,NA,11,8.928,7.233,0.48636,0.42836,0.0043667,86.23,NA
