"protein","res_num","res_name","entropy","desent","rsa_cr","rsa_avg_md","rsa_var_md","rmsf_avg_md","rmsf_std_md","phi_var_md","psi_var_md","chi1_var_md","cn13_cr","cn13_avg_md","cn13_var_md","wcn_cr","wcn_avg_md","wcn_var_md","bfca","rmsfHS"
"4GHA_A",1,"LEU",0,1.91548277782,0.65174,0.65821,0.0073036,1.5683,0.8103,NA,0.0755,0.2307,24,22.712,4.3399,0.55037,0.53805,0.0013596,36.57,NA
"4GHA_A",2,"SER",0,1.80096882722,0.35484,0.33656,0.0060994,1.163,0.6212,0.028,0.018,0.3305,26,24.623,3.1491,0.65268,0.64021,0.0005476,33.53,NA
"4GHA_A",3,"ALA",0,1.64695375495,0.14729,0.081276,0.0016075,0.8241,0.4212,0.0104,0.0132,NA,29,29.202,1.0899,0.8378,0.8181,0.0006455,29.17,NA
"4GHA_A",4,"LYS",0,2.04739507026,0.78814,0.72817,0.0087371,0.9416,0.4229,0.0145,0.0142,0.1636,25,24.273,1.7665,0.71751,0.7,0.00052017,26.45,NA
"4GHA_A",5,"ASP",0,2.05598684417,0.30052,0.32299,0.0037826,0.9368,0.4405,0.014,0.0122,0.0096,22,22.068,0.94267,0.69876,0.68848,0.00022214,24.17,NA
"4GHA_A",6,"LEU",0,1.05536744239,0,0.00022886,2.0116e-06,0.7805,0.3487,0.0125,0.0092,0.0203,36,34.544,2.6859,0.87209,0.84808,0.0002784,20.49,NA
"4GHA_A",7,"ALA",0,1.25460443095,0,0.014088,0.00052973,0.7898,0.3517,0.0098,0.0115,NA,35,34.63,2.0198,0.94443,0.91355,0.00045025,17.04,NA
"4GHA_A",8,"LEU",0,2.2311992153,0.45771,0.57862,0.0067418,1.099,0.4892,0.0117,0.0176,0.3819,28,26.887,2.7725,0.76761,0.73901,0.00038993,14.65,NA
"4GHA_A",9,"LEU",0,2.33359052997,0.26368,0.38603,0.0042256,1.0888,0.4799,0.016,0.0204,0.4418,30,27.821,2.8273,0.75255,0.72764,0.00027266,12.89,NA
"4GHA_A",10,"LEU",0,1.62356100415,0,9.9502e-06,8.2462e-08,0.8876,0.4286,0.0215,0.0111,0.258,47,42.16,2.935,0.88526,0.85901,0.0002708,11.4,NA
"4GHA_A",11,"PHE",0,2.0865295485,0.17917,0.22655,0.0031179,1.0081,0.4299,0.0116,0.0154,0.01,33,31.472,2.4335,0.8329,0.80172,0.00026205,10.91,NA
"4GHA_A",12,"THR",0,2.0258545256,0.76163,0.72212,0.0038459,1.1749,0.617,0.0266,0.0233,0.4469,23,21.481,2.6154,0.65652,0.63796,0.00017403,10.56,NA
"4GHA_A",13,"HIS",0,1.67715659576,0.33482,0.34743,0.0051129,0.9136,0.5122,0.0413,0.0435,0.0431,29,27.507,2.3689,0.71818,0.68768,0.00026731,10.54,NA
"4GHA_A",14,"LEU",0,1.45944109303,0.039801,0.014597,0.00024495,0.88,0.5135,0.0809,0.0778,0.2583,29,29.084,3.6527,0.76702,0.75483,0.00042611,10.5,NA
"4GHA_A",15,"PRO",0,1.72059350922,0.66667,0.74018,0.012843,1.6353,0.9658,0.0172,0.0232,0.0915,21,20.069,2.0953,0.59743,0.58726,0.00030142,10.91,NA
"4GHA_A",16,"GLY",0,0.264805522451,0.57692,0.66317,0.005248,1.4556,0.7779,0.0257,0.0213,NA,19,18.865,2.178,0.57158,0.55742,0.00026311,12.69,NA
"4GHA_A",17,"ASN",0,2.08046151076,0.69744,0.60534,0.0033172,0.9017,0.4266,0.0154,0.0259,0.5876,24,22.801,1.626,0.63675,0.63275,0.00029677,14.37,NA
"4GHA_A",18,"ASN",0,1.42852737944,0.42051,0.3653,0.0031395,0.8816,0.3991,0.0091,0.0261,0.0213,28,25.695,4.6616,0.75244,0.72577,0.00037035,13.72,NA
"4GHA_A",19,"THR",0,1.80298474759,0.093023,0.1961,0.0030163,0.6858,0.2842,0.0203,0.0065,0.0106,34,30.468,2.8816,0.85422,0.81821,0.00026761,11.1,NA
"4GHA_A",20,"PRO",0,1.80192662421,0.10063,0.086717,0.00080168,0.4807,0.206,0.0076,0.0091,0.015,42,40.065,1.9824,0.92867,0.90577,0.00017801,9.55,NA
"4GHA_A",21,"PHE",0,2.1356380747,0.1625,0.18573,0.0023601,0.5202,0.2143,0.0117,0.0084,0.0126,45,42.827,2.0713,0.9564,0.92613,0.00021121,9.47,NA
"4GHA_A",22,"HIS",0,2.01637079552,0.013393,0.013631,0.00021496,0.5468,0.2259,0.0103,0.0113,0.0107,41,40.379,2.6104,0.9645,0.93,0.00025798,8.69,NA
"4GHA_A",23,"ILE",0,2.49346370346,0.030457,0.08712,0.0013456,0.4992,0.2157,0.0101,0.01,0.0217,51,49.182,2.4425,0.97804,0.94875,0.00019232,8.38,NA
"4GHA_A",24,"LEU",0,1.17447387065,0,4.9751e-05,2.7823e-07,0.4521,0.1867,0.0095,0.0093,0.0078,57,52.523,3.5452,1.066,1.0351,0.00012608,8.43,NA
"4GHA_A",25,"ALA",0,0.769300379373,0,0,0,0.5428,0.2178,0.0095,0.0119,NA,53,51.059,1.9899,1.0493,1.0153,0.00017127,9.07,NA
"4GHA_A",26,"GLN",0,1.77133336103,0.36,0.25788,0.004676,0.6255,0.2688,0.0134,0.0119,0.2717,43,41.413,3.9691,0.97815,0.95801,0.00029988,9.88,NA
"4GHA_A",27,"VAL",0,2.00244723525,0.017241,0.015165,0.00030245,0.5325,0.2417,0.0114,0.009,0.2276,52,48.979,2.9148,0.99394,0.97235,0.0002382,10.08,NA
"4GHA_A",28,"LEU",0,1.61236471223,0,0,0,0.476,0.2011,0.0076,0.0087,0.0089,60,59.421,1.825,1.0336,1.0128,0.00010707,11.17,NA
"4GHA_A",29,"SER",0,0.447337013931,0,1.2903e-05,8.3136e-08,0.5072,0.2241,0.0104,0.0117,0.3325,46,44.778,1.962,1.0281,1.0094,0.00015919,13.18,NA
"4GHA_A",30,"LYS",0,1.90356770428,0.50424,0.4564,0.005456,0.5993,0.2804,0.0104,0.0111,0.4011,38,38.087,1.933,0.90403,0.89423,0.000277,15.11,NA
"4GHA_A",31,"ILE",0,2.47267703354,0.081218,0.064914,0.001457,0.6126,0.2559,0.0108,0.0088,0.011,42,41.585,2.2029,0.88727,0.88824,0.00020511,16.95,NA
"4GHA_A",32,"ALA",0,0.793050848115,0,0,0,0.6734,0.2951,0.0091,0.0109,NA,40,39.387,1.4488,0.95579,0.94885,0.00015887,20.59,NA
"4GHA_A",33,"TYR",0,1.38790715101,0.44487,0.45955,0.0031342,0.7222,0.3617,0.0138,0.0125,0.0083,26,26.888,0.92941,0.85961,0.84454,0.00028953,25,NA
"4GHA_A",34,"LYS",0,2.12831787034,0.64407,0.82714,0.0065606,0.869,0.4198,0.0123,0.0195,0.2885,23,23.883,1.3912,0.67386,0.67618,0.00019258,27.81,NA
"4GHA_A",35,"SER",0,2.42252432897,0.34194,0.33723,0.0025906,0.7759,0.3753,0.0242,0.0197,0.141,24,22.697,0.85189,0.68585,0.66946,0.00027621,28.63,NA
"4GHA_A",36,"GLY",0,0.525966125205,0.71154,0.69841,0.0044097,0.8721,0.4309,0.0185,0.0441,NA,21,20.966,0.5292,0.63415,0.62769,0.000316,28.59,NA
"4GHA_A",37,"LYS",0,1.93240820697,0.43644,0.42503,0.0030579,0.7803,0.3452,0.0913,0.0249,0.3277,26,25.823,0.69702,0.76733,0.74297,0.00040256,27.73,NA
"4GHA_A",38,"SER",0,1.74388175679,0.051613,0.068194,0.0017867,0.7858,0.2914,0.0168,0.0193,0.174,35,35.084,1.2778,0.84239,0.84783,0.00064277,25.53,NA
"4GHA_A",39,"GLY",0,2.10378595632,0.45192,0.42508,0.0076542,1.0742,0.4491,0.016,0.0183,NA,28,28.788,1.5801,0.68467,0.68703,0.00056266,22.58,NA
"4GHA_A",40,"ALA",0,1.69216673125,0.43411,0.45281,0.0027069,0.875,0.3822,0.018,0.0116,NA,27,26.737,2.538,0.71209,0.70242,0.000211,20.22,NA
"4GHA_A",41,"PHE",0,1.53604052263,0,0,0,0.6355,0.2604,0.0113,0.0093,0.0063,43,42.34,2.5688,0.88276,0.87408,0.00014427,19.06,NA
"4GHA_A",42,"LEU",0,2.08693218289,0.1393,0.11782,0.001507,0.7189,0.2743,0.0107,0.0097,0.2171,41,40.499,2.4049,0.83273,0.82696,0.00021367,19.12,NA
"4GHA_A",43,"ASP",0,2.15675246379,0.49741,0.51693,0.0016437,0.6777,0.29,0.0115,0.0118,0.0631,25,23.737,1.3039,0.71893,0.71141,0.00016184,19.55,NA
"4GHA_A",44,"ALA",0,1.67808147425,0.21705,0.14595,0.0026203,0.5778,0.2534,0.0111,0.0102,NA,33,32.225,2.2984,0.78231,0.77752,0.00024511,18.8,NA
"4GHA_A",45,"PHE",0,1.0174199028,0,0.00054167,7.2462e-06,0.5565,0.2178,0.0107,0.0083,0.006,40,40.78,3.6834,0.88437,0.87377,0.00018184,18.25,NA
"4GHA_A",46,"HIS",0,1.96689786441,0.31696,0.38696,0.010572,0.7124,0.2857,0.0098,0.0107,0.1997,28,28.101,2.2659,0.7492,0.73445,0.00023684,19.45,NA
"4GHA_A",47,"GLN",0,2.2147844834,0.56889,0.60859,0.0033441,0.7739,0.3395,0.0107,0.0158,0.1996,22,22.339,0.89524,0.6835,0.67361,0.00024408,19.77,NA
"4GHA_A",48,"ILE",0,2.03009082273,0.010152,0.057739,0.0010392,0.8434,0.4011,0.0151,0.0104,0.0412,27,26.246,1.0462,0.76732,0.75864,0.00045094,18,NA
"4GHA_A",49,"LEU",0,1.29540147403,0.15423,0.19912,0.0018785,0.9156,0.4571,0.0095,0.0153,0.2636,24,24.296,0.9797,0.76021,0.75055,0.00049964,17.64,NA
"4GHA_A",50,"SER",0,2.15530642003,0.64516,0.63018,0.0069071,1.1521,0.584,0.0151,0.0229,0.6951,16,16.39,3.0439,0.578,0.57706,0.00029073,19.36,NA
"4GHA_A",51,"GLU",0,2.26990441114,0.39013,0.48679,0.0033485,1.2651,0.6316,0.0179,0.0456,0.4146,15,15.595,1.678,0.54991,0.53944,0.00029209,21.21,NA
"4GHA_A",52,"GLY",0,0.286249402965,0.82692,0.81812,0.0036908,1.2525,0.6525,0.083,0.0282,NA,13,14.845,1.8898,0.52783,0.52437,0.00034345,20.68,NA
"4GHA_A",53,"GLU",0,2.02312384176,0.26906,0.25429,0.0036541,0.9737,0.4275,0.0269,0.0203,0.0104,20,19.709,0.35203,0.66431,0.65166,0.00047154,19.26,NA
"4GHA_A",54,"ASN",0,1.90045562193,0.5641,0.56346,0.0036756,1.0822,0.5442,0.029,0.0169,0.1718,25,23.347,1.8586,0.69881,0.66531,0.0002542,16.78,NA
"4GHA_A",55,"ALA",0.00267895081237,1.56620242091,0.031008,0.061457,0.0019515,0.7942,0.4276,0.0116,0.0134,NA,37,34.984,6.0238,0.84008,0.80772,0.00053575,15.28,NA
"4GHA_A",56,"GLN",0,2.19810413153,0.19556,0.22617,0.0037432,0.6168,0.2779,0.0137,0.0128,0.0183,34,34.066,2.8329,0.8308,0.80985,0.00028153,14.32,NA
"4GHA_A",57,"ALA",0,2.42672585253,0.23256,0.24785,0.0026451,0.7633,0.3596,0.0128,0.0146,NA,32,30.323,2.204,0.78151,0.77341,0.0002827,12.8,NA
"4GHA_A",58,"ALA",0,0.766708773298,0,0,0,0.7116,0.3201,0.0111,0.012,NA,36,34.843,2.3644,0.91925,0.89871,0.00023896,11.48,NA
"4GHA_A",59,"LEU",0,1.03042632965,0,0,0,0.5665,0.255,0.011,0.0111,0.0741,49,49.083,3.5468,0.98664,0.95821,0.00013497,10.78,NA
"4GHA_A",60,"THR",0,2.21607930783,0.087209,0.15647,0.004388,0.6673,0.2769,0.0153,0.0318,0.5713,41,37.706,3.2017,0.90584,0.88091,0.00037236,11.02,NA
"4GHA_A",61,"ARG",0,2.32756685376,0.28467,0.29242,0.0044658,0.7514,0.3062,0.0214,0.019,0.2821,36,34.928,1.3891,0.83719,0.80069,0.00027203,11.79,NA
"4GHA_A",62,"LEU",0,1.01084267853,0,0.0068126,9.3317e-05,0.8192,0.3788,0.0191,0.0152,0.3778,46,42.169,4.1207,0.94434,0.90652,0.00031038,12.24,NA
"4GHA_A",63,"SER",0,1.25105446593,0,0.00045591,3.0686e-06,0.8071,0.3879,0.0132,0.0195,0.0827,46,44.297,2.3502,0.99635,0.9616,0.00017784,13.7,NA
"4GHA_A",64,"ARG",0,2.28568333267,0.4781,0.53132,0.0030164,0.6988,0.3059,0.0719,0.0349,0.5196,30,29.573,3.7445,0.84804,0.82152,0.00046007,15.83,NA
"4GHA_A",65,"THR",0,2.26943442529,0.53488,0.48354,0.0051411,0.7448,0.3024,0.0211,0.0289,0.0282,27,25.372,1.3105,0.72721,0.70097,0.00020787,17.05,NA
"4GHA_A",66,"PHE",0,1.43854397794,0.075,0.12419,0.00099124,0.9175,0.2812,0.0356,0.0107,0.0114,35,32.947,1.7751,0.81406,0.76543,0.00020639,18.35,NA
"4GHA_A",67,"ASP",0,1.75875889611,0.46632,0.48005,0.0028797,1.028,0.3721,0.0157,0.0471,0.011,25,24.923,2.9688,0.68109,0.6599,0.0002028,19.6,NA
"4GHA_A",68,"ALA",0,1.74106003308,0.13178,0.11453,0.0022296,0.7109,0.3175,0.0347,0.0209,NA,33,32.568,2.7219,0.76263,0.75471,0.00056264,18.51,NA
"4GHA_A",69,"PHE",0,1.20629754884,0,5.5556e-06,4.6296e-08,0.5721,0.2487,0.0335,0.0127,0.0091,42,40.873,1.6669,0.90227,0.88595,0.00021387,17.14,NA
"4GHA_A",70,"LEU",0,2.28534056591,0.47264,0.48473,0.0022826,0.6682,0.3228,0.0155,0.0152,0.129,27,26.514,1.1372,0.77395,0.75988,0.00036664,17.05,NA
"4GHA_A",71,"GLY",0,0.529259974346,0.51923,0.47274,0.0030873,0.7442,0.3733,0.0158,0.0178,NA,23,22.887,1.0972,0.6778,0.67153,0.00023465,16.05,NA
"4GHA_A",72,"VAL",0.0149113117247,2.27195463568,0.31034,0.31975,0.0022224,0.5644,0.2703,0.0179,0.0102,0.0157,32,30.978,1.189,0.78918,0.77151,0.00015667,14.76,NA
"4GHA_A",73,"VAL",0,2.1203399532,0.58621,0.57907,0.0049691,0.6196,0.2911,0.0156,0.0116,0.4481,33,31.585,2.0362,0.80351,0.76953,0.00028626,13.77,NA
"4GHA_A",74,"PRO",0,0.358358987199,0,0.00174,2.1907e-05,0.6513,0.2945,0.0117,0.024,0.0735,42,40.844,2.9243,0.93935,0.89805,0.00037957,12.97,NA
"4GHA_A",75,"PRO",0,2.30037389847,0.16981,0.26857,0.0067646,0.6406,0.2936,0.0129,0.0173,0.0673,36,33.039,3.1105,0.80949,0.7795,0.000353,12.56,NA
"4GHA_A",76,"VAL",0,2.02925799428,0.54598,0.57839,0.0053209,0.6503,0.2793,0.0369,0.0189,0.4564,29,28.247,3.9925,0.77505,0.75043,0.00023943,13.11,NA
"4GHA_A",77,"ILE",0,2.20364521521,0.34518,0.38588,0.0094529,0.9334,0.4607,0.03,0.0258,0.6308,31,27.967,4.3058,0.76587,0.73143,0.00048334,14.83,NA
"4GHA_A",78,"ARG",0.0123709485507,2.11694054711,0.84307,0.63092,0.0072769,1.0812,0.5627,0.0281,0.0164,0.1713,25,22.845,0.7806,0.6859,0.66844,0.00024441,17.29,NA
"4GHA_A",79,"VAL",0,1.536085209,0.11494,0.10475,0.0014421,1.2007,0.5565,0.0203,0.0134,0.0263,24,22.761,1.1188,0.70539,0.68031,0.00027219,19.13,NA
"4GHA_A",80,"LYS",0,1.95345549132,0.71186,0.77662,0.0032474,1.3733,0.5449,0.0188,0.0177,0.2295,18,16.775,0.42381,0.5871,0.56237,0.00019442,20.38,NA
"4GHA_A",81,"ASN",0,1.82552584304,0.27179,0.33768,0.0073547,1.4188,0.3833,0.0161,0.0237,0.6375,22,20.17,0.9951,0.67002,0.62001,0.0005698,19.36,NA
"4GHA_A",82,"PHE",0.00267895081237,2.34270595878,0.0625,0.0896,0.0025197,1.3092,0.3467,0.0116,0.0135,0.0083,31,29.445,0.74351,0.7169,0.66756,0.00027008,18.19,NA
"4GHA_A",83,"GLN",0,2.23154130521,0.64889,0.65028,0.0096487,1.1977,0.4486,0.0193,0.0145,0.4537,23,21.161,1.6284,0.60014,0.56885,0.0002212,18.14,NA
"4GHA_A",84,"THR",0,2.3087169361,0.43605,0.50986,0.0059078,0.934,0.3655,0.0192,0.0301,0.2199,22,21.389,2.2859,0.64909,0.61884,0.00026664,16.93,NA
"4GHA_A",85,"VAL",0,1.22397778168,0,0.0023295,2.8723e-05,0.8085,0.3337,0.0325,0.0101,0.0129,35,32.36,2.0531,0.77015,0.73647,0.00029429,15.19,NA
"4GHA_A",86,"PRO",0,2.0272947916,0.25786,0.26634,0.0036647,1,0.4429,0.0113,0.0129,0.072,28,25.934,5.3986,0.73002,0.69646,0.00033115,14.4,NA
"4GHA_A",87,"ARG",0,1.6147135199,0.82482,0.76194,0.017698,0.9676,0.4414,0.0118,0.0094,0.3807,21,19.513,1.6483,0.65043,0.62384,0.00027398,14.53,NA
"4GHA_A",88,"PRO",0,1.92430049588,0.40252,0.41463,0.0048103,0.9171,0.4838,0.0111,0.0291,0.0388,24,22.901,0.98292,0.70175,0.6832,0.00031797,12.22,NA
"4GHA_A",89,"CYS",0.00267895081237,2.30204463841,0,0,0,0.6533,0.2541,0.0342,0.0258,0.0141,31,30.965,0.64189,0.86019,0.84124,0.00039228,11.14,NA
"4GHA_A",90,"GLN",0,2.12934499635,0.17333,0.17788,0.0040967,0.7335,0.3152,0.0128,0.0132,0.2618,30,29.219,4.7717,0.76316,0.74189,0.00067795,10.99,NA
"4GHA_A",91,"LYS",0,2.20398377152,1.0085,0.94653,0.014528,0.7887,0.3933,0.0173,0.0307,0.4038,21,21.094,0.89109,0.62403,0.61545,0.00036645,10.77,NA
"4GHA_A",92,"SER",0,1.98381017175,0.14194,0.15273,0.0031199,0.5947,0.2851,0.0499,0.0184,0.0621,30,29.82,0.75477,0.76888,0.75402,0.00038683,10.31,NA
"4GHA_A",93,"LEU",0,0.384244793794,0.10945,0.06932,0.0014226,0.5306,0.2375,0.0159,0.029,0.138,35,34.405,2.8229,0.83113,0.81906,0.00034968,10.62,NA
"4GHA_A",94,"ARG",0,1.69529608366,0.51825,0.5224,0.0071932,0.5517,0.2519,0.0332,0.0104,0.0479,27,26.887,0.94245,0.72453,0.70376,0.00015777,11.67,NA
"4GHA_A",95,"ALA",0,1.91642599357,0.62791,0.75805,0.0037293,0.7284,0.3105,0.0124,0.0167,NA,25,23.159,1.6799,0.6525,0.62645,0.00022564,10.68,NA
"4GHA_A",96,"VAL",0,1.72811932387,0.21264,0.28088,0.0028521,0.6712,0.2752,0.0238,0.0112,0.3096,30,27.714,1.76,0.72308,0.68896,0.00039048,9.94,NA
"4GHA_A",97,"PRO",0,1.97065851082,0.20755,0.26932,0.0037402,0.8036,0.3245,0.0135,0.0093,0.1022,23,22.285,1.4849,0.60429,0.58472,0.0002636,10.62,NA
"4GHA_A",98,"PRO",0,1.65370291838,0.99371,1.1271,0.0018275,0.9956,0.4708,0.0129,0.0186,0.0579,15,14.549,0.82818,0.49781,0.48188,9.0983e-05,12.61,NA
"4GHA_A",99,"ASN",0,2.03773322286,0.75385,0.59988,0.0077004,0.8983,0.4683,0.0174,0.0315,0.1501,21,21.617,3.2411,0.57492,0.56956,0.00020406,14.74,NA
"4GHA_A",100,"PRO",0,1.38477198635,0.069182,0.071635,0.00066373,0.6635,0.3078,0.0132,0.0183,0.0091,31,30.283,1.6762,0.7735,0.75029,0.00029079,14.54,NA
"4GHA_A",101,"THR",0,1.86224041504,0.13372,0.05157,0.0018988,0.5607,0.2537,0.0142,0.0087,0.0255,36,33.547,1.3554,0.89426,0.87224,0.00024526,14.07,NA
"4GHA_A",102,"ILE",0,2.42625608027,0,1.0152e-05,5.1466e-08,0.5544,0.2309,0.0098,0.0097,0.0246,46,44.221,1.7852,1.0104,0.98181,0.00011938,14.38,NA
"4GHA_A",103,"ASP",0,2.26202510569,0.093264,0.075123,0.001919,0.5629,0.254,0.011,0.0243,0.0091,33,31.788,1.2532,0.90444,0.88911,0.00035854,15.09,NA
"4GHA_A",104,"LYS",0,1.69782246466,0.7161,0.68221,0.0061014,0.6233,0.282,0.035,0.0239,0.0734,32,30.225,1.2964,0.76887,0.74791,0.00020823,14.84,NA
"4GHA_A",105,"GLY",0,0.264805522451,0.028846,0.075173,0.0019272,0.6194,0.2734,0.0261,0.0182,NA,44,41.865,1.7123,0.88129,0.86212,0.00050765,13.34,NA
"4GHA_A",106,"TRP",0.00267895081237,1.44548241416,0.11579,0.083864,0.00074156,0.5088,0.2316,0.0173,0.0452,0.005,46,43.928,1.3731,0.99659,0.97355,0.00013883,11.82,NA
"4GHA_A",107,"VAL",0,1.15223863487,0,0,0,0.5587,0.2444,0.0492,0.0174,0.0148,53,49.899,1.9198,1.0395,1.009,0.00010977,11.07,NA
"4GHA_A",108,"CYS",0,1.84424488656,0,0.0056128,9.3961e-05,0.6264,0.2734,0.0134,0.0206,0.1143,51,48.515,1.8017,1.0165,0.97394,0.00020561,10.88,NA
"4GHA_A",109,"VAL",0,1.28612795683,0.028736,0.05736,0.00047022,0.5374,0.212,0.0317,0.033,0.021,43,41.648,1.5571,0.96294,0.93095,0.0001454,11.55,NA
"4GHA_A",110,"TYR",0,0.996522024945,0.011407,0.028989,0.00031519,0.6352,0.2636,0.0481,0.0333,0.0085,41,38.927,1.6277,0.91444,0.88187,0.00015325,14.3,NA
"4GHA_A",111,"SER",0,2.44671641431,0.14194,0.084817,0.0025696,0.7433,0.3572,0.0547,0.0213,0.0415,28,28.55,0.48783,0.81218,0.79303,0.00024279,19.19,NA
"4GHA_A",112,"SER",0,1.93004483273,0,0.0048559,7.8894e-05,0.8767,0.4416,0.0336,0.0134,0.0903,23,22.721,2.4253,0.76188,0.74343,0.00020284,25.36,NA
"4GHA_A",113,"GLU",0,2.19139366677,0.58296,0.41399,0.0062,1.0625,0.5439,0.0102,0.0121,0.0552,18,17.714,0.91014,0.55597,0.56205,0.00020907,31.13,NA
"4GHA_A",114,"GLN",0,2.29562572001,0.69778,0.60757,0.0082783,1.7535,0.611,0.0166,0.0376,0.2162,14,14.585,0.58189,0.49359,0.48711,0.00019138,32.99,NA
"4GHA_A",115,"GLY",0.00267895081237,0.286249402965,0.65385,0.69824,0.0078652,2.082,0.7241,0.0525,0.1289,NA,18,14.435,1.9258,0.53855,0.49667,0.00024016,29,NA
"4GHA_A",116,"GLU",0,2.18720716162,0.39013,0.38561,0.002524,1.0657,0.3916,0.1699,0.0166,0.2338,22,21.659,0.756,0.61052,0.57878,9.8252e-05,23.28,NA
"4GHA_A",117,"THR",0,2.35357337458,0.3314,0.35931,0.0023467,0.868,0.2824,0.0274,0.0163,0.4779,33,29.327,1.5452,0.75225,0.71582,0.00017666,18.01,NA
"4GHA_A",118,"ARG",0,1.28635913266,0.34307,0.36571,0.0024149,0.7973,0.2428,0.0152,0.0375,0.0327,38,37.399,0.99906,0.86489,0.81642,0.00021491,15.46,NA
"4GHA_A",119,"ALA",0,1.43850049549,0,0,0,0.6393,0.2068,0.063,0.0174,NA,41,41.243,0.7713,0.97359,0.94021,0.00013342,13.75,NA
"4GHA_A",120,"LEU",0,0.34130353708,0,0,0,0.5202,0.2067,0.0298,0.0113,0.0126,46,43.935,1.3206,0.98923,0.96394,0.00014997,13.66,NA
"4GHA_A",121,"LYS",0,1.98195996882,0.24153,0.30465,0.0036094,0.6536,0.2458,0.0269,0.0182,0.0815,38,38.071,2.8129,0.88581,0.88492,0.00027601,15.49,NA
"4GHA_A",122,"ILE",0,1.95977959107,0.27411,0.29499,0.0025651,0.5972,0.2906,0.0212,NA,NA,38,36.151,2.5541,0.75744,0.73742,0.00031031,17.8,NA
