"protein","res_num","res_name","entropy","desent","rsa_cr","rsa_avg_md","rsa_var_md","rmsf_avg_md","rmsf_std_md","phi_var_md","psi_var_md","chi1_var_md","cn13_cr","cn13_avg_md","cn13_var_md","wcn_cr","wcn_avg_md","wcn_var_md","bfca"
"3LYF_A",1,"MET",0,2.04513030976,0.77679,0.90164,0.020451,7.427,1.2352,NA,0.0397,0.0909,13,14.471,5.2193,0.58452,0.61076,0.0012689,28.98
"3LYF_A",2,"ASP",0,1.65836199298,0.37306,0.24664,0.0051652,4.3359,0.7077,0.0348,0.0421,0.0428,18,23.192,3.1919,0.76615,0.76309,0.00049296,25.83
"3LYF_A",3,"ASN",0,2.14670262553,0.35385,0.39702,0.0051252,1.0479,0.438,0.0154,0.0261,0.0134,22,23.853,4.0283,0.84326,0.80916,0.00032042,21.99
"3LYF_A",4,"TYR",0,2.17286192088,0.057034,0.0026413,4.0818e-05,1.0815,0.351,0.0149,0.0124,0.0079,36,35.789,0.93758,1.047,1.0229,0.00037209,18.93
"3LYF_A",5,"GLN",0,1.53244617981,0.22222,0.37738,0.0038629,1.1174,0.3876,0.0122,0.0113,0.18,28,29.483,1.9524,1.0037,0.94123,0.00039024,18.72
"3LYF_A",6,"GLU",0,1.80969452157,0.36323,0.51371,0.0023833,1.2582,0.3941,0.0118,0.0123,0.4311,23,23.619,2.5681,0.89513,0.84222,0.00032689,18.69
"3LYF_A",7,"LEU",0,1.55074541847,0.024876,0.044458,0.0010844,1.0936,0.3034,0.0141,0.0119,0.0173,36,37.181,4.443,1.0519,1.0134,0.00049636,16.53
"3LYF_A",8,"ALA",0.000614802788772,0.33211522872,0,1.0336e-05,8.007e-08,1.0059,0.2852,0.0111,0.0099,NA,40,39.768,3.7447,1.1202,1.0967,0.00029442,16.9
"3LYF_A",9,"ILE",0.000614802788772,2.03043517142,0.48223,0.43105,0.018093,1.174,0.3265,0.0119,0.0132,0.153,33,29.455,1.9359,0.92667,0.91073,0.00057605,18.56
"3LYF_A",10,"GLN",0,1.91781852051,0.084444,0.25104,0.0039895,1.174,0.391,0.014,0.018,0.4042,33,31.679,1.1882,0.94441,0.94649,0.00089528,20.69
"3LYF_A",11,"PHE",0,1.03825991148,0,0.00013333,1.0246e-06,0.8343,0.2742,0.023,0.0119,0.0057,44,43.144,2.633,1.0943,1.0915,0.00052079,20.1
"3LYF_A",12,"ALA",0,1.47226938044,0.24806,0.055266,0.0026813,1.1622,0.3897,0.0161,0.0181,NA,39,38.693,4.3555,0.988,0.99013,0.00046356,23.69
"3LYF_A",13,"ALA",0,2.29698069266,0.12403,0.29257,0.012953,1.3729,0.4917,0.0217,0.2475,NA,32,29.29,5.2814,0.92807,0.8891,0.00043906,30.42
"3LYF_A",14,"GLN",0.000614802788772,1.95924899431,0.63111,0.60243,0.01327,1.7884,0.763,0.2165,0.043,0.8959,20,20.639,2.3562,0.7127,0.74816,0.0010426,39.91
"3LYF_A",15,"ALA",0,1.95736963941,0.68217,0.63717,0.028908,7.6595,1.7195,0.0627,0.83,NA,16,17.096,3.4037,0.66365,0.66599,0.0026437,45.04
"3LYF_A",16,"VAL",0,0.297469636158,0.71264,1.0294,0.045076,12.9267,1.632,0.5588,0.5458,0.5717,20,14.357,7.2091,0.667,0.52909,0.0029965,47.84
"3LYF_A",17,"ARG",0,0.264805522451,0.40146,0.90666,0.06337,8.66,1.2297,0.6168,0.8276,0.3059,13,21.919,24.872,0.58844,0.71356,0.0044025,51.64
"3LYF_A",18,"ASN",0,1.68794838087,0.47692,0.18415,0.010673,7.8913,0.6158,0.1245,0.0407,0.2061,21,30.419,16.185,0.7276,0.90796,0.0030975,49.06
"3LYF_A",19,"GLU",0,2.29358820854,0.19731,0.23078,0.0063176,1.486,0.4342,0.0573,0.0875,0.2863,30,31.22,7.3952,0.89894,0.89543,0.00062213,44.41
"3LYF_A",20,"ILE",0,2.27340503232,0.28426,0.41681,0.008773,1.2825,0.3841,0.0199,0.017,0.4028,27,26.342,2.2585,0.93596,0.92199,0.00054574,40.58
"3LYF_A",21,"GLU",0,2.2023388062,0.30045,0.20661,0.0023204,1.2755,0.3864,0.0106,0.013,0.425,27,25.411,1.3829,0.9162,0.8941,0.00020159,36.71
"3LYF_A",22,"GLN",0,1.93819063827,0,0.0010222,9.5359e-06,1.2419,0.2965,0.014,0.0105,0.0082,39,38.814,3.886,1.1191,1.1105,0.0003308,31.83
"3LYF_A",23,"TRP",0,1.32069677532,0.014035,0.0054035,7.0474e-05,1.2347,0.3034,0.0138,0.0105,0.009,39,42.451,2.3731,1.1668,1.1376,0.00014084,32.75
"3LYF_A",24,"VAL",0,1.90097112601,0.18966,0.27529,0.0042101,1.2416,0.3285,0.0126,0.0193,0.014,33,31.446,3.867,1.0492,0.98508,0.00033539,37.33
"3LYF_A",25,"ARG",0,2.3046543506,0.46715,0.5191,0.010153,1.3236,0.3337,0.0477,0.0358,0.7117,36,28.895,3.2751,1.0217,0.95768,0.00042232,41.36
"3LYF_A",26,"GLU",0,1.70057113349,0.03139,0.0022123,1.3723e-05,1.0545,0.3189,0.0248,0.0193,0.3388,44,42.672,3.4427,1.1493,1.1396,0.00033211,42.23
"3LYF_A",27,"PHE",0,2.01275056159,0.058333,0.055178,0.00071496,1.1586,0.359,0.0212,0.0208,0.0131,41,46.183,6.1627,1.0851,1.1113,0.00065794,42.71
"3LYF_A",28,"ALA",0,2.45615701335,0.4031,0.42137,0.0042205,3.0303,0.4876,0.0254,0.0176,NA,30,33.614,4.1664,0.94808,1.0205,0.00068832,44.31
"3LYF_A",29,"TYR",0,2.24346774271,0.6654,0.21093,0.0035706,4.4433,0.4879,0.0167,0.015,0.0068,26,37.479,4.0629,0.88075,1.0757,0.0005753,44.95
"3LYF_A",30,"GLN",0,1.83756233297,0.11111,0.013529,0.00020492,3.401,0.4115,0.029,0.0508,0.0109,37,46.452,3.1004,0.96703,1.0952,0.00075697,42.92
"3LYF_A",31,"GLY",0,0.979848638265,0.20192,0.14271,0.0057056,3.5825,0.653,0.0309,0.0567,NA,27,39.547,5.8837,0.84823,0.9603,0.00076533,38.9
"3LYF_A",32,"PHE",0,1.17714126934,0.175,0.015794,0.00044076,1.8803,0.5757,0.041,0.0129,0.0252,34,35.859,2.0574,0.94959,1.0052,0.00049823,35.27
"3LYF_A",33,"ASP",0,2.30061278457,0.34715,0.23442,0.0036634,2.5389,0.3935,0.0193,0.0946,0.3397,34,27.912,3.1077,0.933,0.89568,0.00057949,29.57
"3LYF_A",34,"ALA",0,2.32106846285,0.069767,0.11935,0.015349,2.7054,1.0162,0.0186,0.0323,NA,37,32.061,12.027,1.0885,0.97306,0.0041186,21.84
"3LYF_A",35,"ARG",0,2.18689803433,0.4562,0.70443,0.013063,2.3007,0.5658,0.0791,0.0198,0.0845,29,25.001,2.3669,0.91135,0.84209,0.0010777,19.34
"3LYF_A",36,"ARG",0,1.90095093364,0.27372,0.45946,0.0073684,2.4171,0.4892,0.0174,0.0135,0.1999,26,24.167,3.6533,0.93599,0.86904,0.00072465,16.58
"3LYF_A",37,"VAL",0,1.15567876025,0,0.00058621,6.9936e-06,1.8708,0.4527,0.0126,0.0152,0.2625,40,38.291,3.4594,1.1228,1.0482,0.00053427,15.5
"3LYF_A",38,"ILE",0,1.91090546855,0.081218,0.11319,0.0050952,1.5002,0.4567,0.0224,0.0088,0.0457,39,36.38,4.9242,1.0303,0.9902,0.00052772,16.37
"3LYF_A",39,"GLU",0,2.14497252598,0.38117,0.26326,0.0048348,2.1025,0.4903,0.0105,0.0123,0.0104,27,25.472,1.8091,0.88114,0.85616,0.00027461,18.19
"3LYF_A",40,"LEU",0,0.712931345254,0,0.10404,0.0069808,1.9168,0.559,0.0114,0.0118,0.4289,34,32.457,4.8113,0.96515,0.91733,0.00054038,15.49
"3LYF_A",41,"LEU",0,0.858707467971,0,1.99e-05,9.8677e-08,1.581,0.4398,0.012,0.0079,0.1255,42,39.201,1.7602,1.0656,1.0236,0.00019283,15.21
"3LYF_A",42,"LYS",0.00107482077315,1.67023375101,0.52119,0.4463,0.002846,1.735,0.4686,0.011,0.0145,0.2734,26,23.985,2.2226,0.90458,0.88833,0.00033288,16.64
"3LYF_A",43,"GLN",0.000614802788772,1.90761942253,0.60444,0.63861,0.0053713,2.1251,0.718,0.0151,0.0246,0.0306,23,20.614,1.9129,0.77729,0.75786,0.00027288,17.66
"3LYF_A",44,"TYR",0.00122842679654,1.32797915936,0.20532,0.35551,0.0093896,2.0945,0.641,0.0349,0.0228,0.007,28,26.173,0.59125,0.84388,0.80963,0.00058612,17.32
"3LYF_A",45,"GLY",0,0.374201296062,0,0.035814,0.0010454,1.9657,0.4686,0.0453,0.0266,NA,29,26.576,1.6987,0.91839,0.88447,0.00050972,18.47
"3LYF_A",46,"GLY",0,0.264805522451,0.51923,0.51649,0.0039065,1.8747,0.5236,0.0163,0.0306,NA,18,17.043,0.062221,0.73496,0.71339,0.0003909,19.63
"3LYF_A",47,"ALA",0.000614802788772,1.39789352402,0.9845,0.96422,0.0047948,1.9564,0.5286,0.0306,0.0338,NA,15,14.774,0.45656,0.66195,0.63373,0.00039695,22.53
"3LYF_A",48,"ASP",0.000614802788772,1.90746768811,0.26943,0.40432,0.0063226,1.9617,0.4835,0.0645,0.0799,0.0834,21,18.495,2.6464,0.80189,0.75657,0.0006412,21.73
"3LYF_A",49,"TRP",0,1.33984455163,0.1193,0.16257,0.0020767,1.4923,0.3716,0.0441,0.0161,0.0137,28,26.173,1.3442,1.0108,0.97551,0.00043796,17.73
"3LYF_A",50,"GLU",0,1.92863225527,0.3722,0.20518,0.0034752,0.9092,0.4335,0.0123,0.0099,0.1759,30,31.766,2.4142,0.94632,0.94657,0.00040328,19.13
"3LYF_A",51,"LYS",0,1.55566288812,0.66525,0.55899,0.0056732,0.8907,0.368,0.0124,0.0126,0.447,27,27.703,3.7101,0.91519,0.90993,0.00049166,20.83
"3LYF_A",52,"ASP",0,2.22155119857,0.031088,0.043378,0.00085852,0.7361,0.2875,0.0172,0.0097,0.0101,42,41.203,4.1461,1.0588,1.0351,0.00034592,17.91
"3LYF_A",53,"ALA",0,0.662627727216,0,0,0,0.7447,0.2669,0.0091,0.0107,NA,49,49.641,2.2569,1.1875,1.1675,0.00027881,16.7
"3LYF_A",54,"LYS",0,1.90702149148,0.24153,0.11005,0.0017295,0.7256,0.3274,0.0106,0.0109,0.371,46,45.278,3.3963,1.1538,1.1461,0.0004216,16.21
"3LYF_A",55,"LYS",0,1.51875316145,0.23729,0.21024,0.0024538,0.7279,0.2415,0.0113,0.0092,0.2503,53,50.495,6.589,1.1752,1.1474,0.00023166,13.83
"3LYF_A",56,"MET",0,1.77051546304,0,0,0,0.5905,0.2143,0.0105,0.0097,0.0107,59,55.243,2.6566,1.2966,1.2702,0.00020039,13.61
"3LYF_A",57,"ILE",0,0.92752433679,0,0,0,0.7058,0.2381,0.0108,0.009,0.0182,54,53.652,2.4846,1.3595,1.3461,0.00025411,12.81
"3LYF_A",58,"VAL",0,0.846029721909,0,0,0,0.7262,0.2208,0.0099,0.0137,0.0342,57,54.785,2.2528,1.3037,1.2861,0.00012437,13.3
"3LYF_A",59,"LEU",0,1.3736394439,0,0,0,0.5138,0.1888,0.01,0.0086,0.0132,56,58.235,2.8108,1.3182,1.2991,0.00012075,14.55
"3LYF_A",60,"ALA",0,1.20096620752,0.0077519,0,0,0.5857,0.1991,0.0105,0.0189,NA,59,57.851,3.0758,1.382,1.3874,0.00010955,15.4
"3LYF_A",61,"LEU",0,1.76899078679,0,0,0,0.6527,0.2102,0.0236,0.0191,0.0092,60,60.399,1.7089,1.3191,1.317,0.00010565,14.59
"3LYF_A",62,"THR",0,0.743113675675,0.023256,0.022233,0.00032516,0.7775,0.2554,0.0277,0.0163,0.0086,50,51.345,1.9781,1.2399,1.2285,0.00019849,14.79
"3LYF_A",63,"ARG",0,2.21174335761,0.025547,0.048832,0.00076853,0.5409,0.2147,0.0188,0.0344,0.0077,50,51.842,2.6962,1.1945,1.1868,0.00018764,17.52
"3LYF_A",64,"GLY",0,0.264805522451,0,6.4103e-06,6.1637e-08,0.8233,0.2599,0.0439,0.0324,NA,47,51.94,2.8316,1.2657,1.2714,0.00023248,19.99
"3LYF_A",65,"ASN",0,2.08061216279,0.0051282,0.00019829,1.0484e-06,0.8222,0.2417,0.0501,0.0219,0.0096,46,48.119,1.5443,1.2309,1.2521,0.00013904,22.59
"3LYF_A",66,"LYS",0,1.81731131656,0.063559,0.15142,0.0022796,1.0126,0.236,0.0166,0.0106,0.2676,43,40.115,3.2397,1.1048,1.1046,0.00025821,22.75
"3LYF_A",67,"PRO",0,2.07950977563,0.0062893,0.0038323,2.9108e-05,0.9355,0.2422,0.012,0.0149,0.0285,49,46.13,2.1172,1.1089,1.0718,0.00020189,24.52
"3LYF_A",68,"ARG",0,2.01796891566,0.4781,0.49621,0.0018322,1.2272,0.3647,0.0125,0.0134,0.009,36,32.693,2.3825,0.91374,0.87967,0.00024355,29.64
"3LYF_A",69,"ARG",0,2.24284864387,0.31752,0.38008,0.0038633,1.5537,0.3049,0.0146,0.0138,0.0588,34,29.208,3.5711,0.91334,0.89191,0.00025494,30.82
"3LYF_A",70,"MET",0,1.71959260728,0,0.00094048,6.0817e-06,1.0424,0.2762,0.0134,0.0097,0.0093,46,41.281,3.5122,1.0602,1.0322,0.00025484,29.37
"3LYF_A",71,"MET",0,2.09353714873,0.075893,0.02303,0.00061473,1.5938,0.3108,0.0101,0.0172,0.0245,36,34.155,2.0699,1.0053,0.96272,0.00032121,36.04
"3LYF_A",72,"MET",0,1.75986424556,0.40625,0.65579,0.0067207,2.0278,0.3856,0.0143,0.0276,0.4407,29,23.871,2.3577,0.80321,0.76171,0.00027156,42.37
"3LYF_A",73,"LYS",0,1.71055130409,0.4661,0.65337,0.009511,1.8994,0.4123,0.0273,0.0297,0.3882,27,28.08,3.1984,0.83457,0.82623,0.00068072,41.69
"3LYF_A",74,"MET",0,2.03625964045,0,0.041063,0.00071014,1.5759,0.3522,0.0163,0.0192,0.2043,29,30.898,2.2611,0.96226,0.97089,0.00049053,36.09
"3LYF_A",75,"SER",0,0.997891081713,0.24516,0.093914,0.0081903,1.6669,0.4449,0.0152,0.0174,0.476,22,24.543,1.796,0.80268,0.87335,0.0017897,36.34
"3LYF_A",76,"LYS",0,1.93467000044,0.99576,0.83174,0.0044444,1.7229,0.6111,0.0139,0.0213,0.4879,20,22.229,0.89431,0.70459,0.73075,0.00053704,35.61
"3LYF_A",77,"GLU",0,2.09369788557,0.56502,0.46955,0.0050595,1.5499,0.6033,0.0131,0.0207,0.259,24,23.873,2.2886,0.76291,0.76904,0.00058349,34.43
"3LYF_A",78,"GLY",0,0.851843412731,0,0.00029487,5.464e-06,0.968,0.3833,0.0436,0.0176,NA,33,35.318,1.5192,1.0052,1.0016,0.00099402,30.41
"3LYF_A",79,"LYS",0,1.54296487911,0.36017,0.42886,0.0027858,0.9514,0.3981,0.0099,0.0104,0.1827,33,32.498,2.1901,0.96631,0.95709,0.00032492,28.7
"3LYF_A",80,"ALA",0.000614802788772,2.20936256972,0.44961,0.47156,0.0052484,1.1505,0.4955,0.01,0.013,NA,23,24.089,2.0288,0.83162,0.81674,0.00026398,26.78
"3LYF_A",81,"THR",0,1.75442490146,0.098837,0.16641,0.0029323,1.0301,0.3818,0.015,0.0127,0.023,34,32.413,3.5956,0.92929,0.92667,0.00033624,23.95
"3LYF_A",82,"VAL",0,2.07300877242,0,0,0,0.975,0.3232,0.0114,0.0084,0.0198,46,45.458,1.4105,1.0705,1.0414,0.00016227,22.47
"3LYF_A",83,"GLU",0,1.84114268637,0.32735,0.31367,0.0015547,0.9645,0.32,0.0089,0.0106,0.0151,30,29.433,1.2663,0.91922,0.88355,0.0002269,25.5
"3LYF_A",84,"ALA",0.000614802788772,2.13307016201,0.4031,0.43196,0.00357,0.8191,0.3557,0.0124,0.0196,NA,26,24.06,1.6015,0.87044,0.85222,0.00040814,21.28
"3LYF_A",85,"LEU",0,1.36225861993,0.0049751,0.0093831,7.6741e-05,0.8353,0.3379,0.0249,0.0097,0.2153,42,38.103,4.2963,1.0475,1.0118,0.00034217,18.69
"3LYF_A",86,"ILE",0,2.22076666781,0.040609,0.089868,0.0010939,1.0071,0.3276,0.0099,0.0108,0.1434,35,33.386,2.3559,1.0344,0.98588,0.0002104,19.98
"3LYF_A",87,"ASN",0,2.03299261606,0.39487,0.53927,0.0091181,1.0737,0.3308,0.0147,0.0239,0.395,23,20.336,2.35,0.83046,0.78752,0.00022498,20.99
"3LYF_A",88,"LYS",0.00107482077315,2.21087287899,0.4661,0.43266,0.0033289,0.9912,0.3389,0.0186,0.0243,0.0122,29,26.033,1.7427,0.86199,0.82243,0.00024686,18.68
"3LYF_A",89,"TYR",0,0.520466559878,0,0.001417,1.9932e-05,1.1274,0.3469,0.0369,0.0129,0.0062,38,36.626,1.798,1.0093,0.95344,0.00031583,17.36
"3LYF_A",90,"LYS",0,1.70483440564,0.43644,0.56185,0.0082802,1.1127,0.3277,0.0086,0.0127,0.0596,32,27.795,4.797,0.90904,0.85914,0.00029633,19.39
"3LYF_A",91,"LEU",0,0.728563594227,0.0099502,0.0047164,5.3499e-05,1.2324,0.3645,0.0174,0.0247,0.3799,44,40.235,2.8885,1.0778,1.0422,0.00032083,18.02
"3LYF_A",92,"LYS",0,0.890591819599,0.42797,0.41306,0.0024493,1.149,0.3049,0.0301,0.0149,0.0388,35,35.487,2.4942,0.9772,0.9821,0.00023522,23.16
"3LYF_A",93,"GLU",0,1.36374372456,0.2287,0.3087,0.0012659,1.3296,0.3165,0.0417,0.0132,0.2138,35,38.004,2.3669,0.99163,1.0426,0.00030278,30.63
"3LYF_A",94,"GLY",0,0.264805522451,0.038462,0.031923,0.00068231,2.3285,0.3353,0.0141,0.0143,NA,33,37.697,4.2768,0.93628,1.0398,0.00054972,34.04
"3LYF_A",95,"ASN",0,1.85154655499,0.34359,0.29162,0.0061322,2.1377,0.3332,0.0161,0.0119,0.0108,28,34.825,3.7564,0.91993,0.97665,0.00044511,34.27
"3LYF_A",96,"PRO",0,1.54954578906,0.1761,0.31328,0.0030601,1.5712,0.3799,0.0112,0.0118,0.0379,25,25.269,0.87974,0.84814,0.83581,0.00027007,30.67
"3LYF_A",97,"SER",0,1.24207888209,0.65161,0.60357,0.0028819,1.6643,0.4671,0.0151,0.0184,0.579,20,19.705,0.87536,0.75407,0.75586,0.0001482,28.83
"3LYF_A",98,"ARG",0,1.62268769531,0.73723,0.55023,0.0092101,1.7068,0.4159,0.013,0.0209,0.6358,25,23.575,7.1532,0.83976,0.86516,0.00083792,27.16
"3LYF_A",99,"ASP",0,1.78097367594,0.19171,0.3106,0.0093826,1.664,0.4821,0.0484,0.0595,0.4602,28,26.754,2.5659,0.80257,0.82952,0.0012255,21.89
"3LYF_A",100,"GLU",0,1.5981910363,0.13453,0.16684,0.0012864,1.1776,0.3418,0.0536,0.0214,0.0101,35,31.789,2.3172,0.94279,0.93487,0.00038034,19.32
"3LYF_A",101,"LEU",0,0.367268797447,0,0.0022023,2.8898e-05,0.9114,0.2708,0.034,0.0142,0.2689,50,46.898,3.2871,1.1197,1.0958,0.00024831,16.25
"3LYF_A",102,"THR",0,1.21733054235,0,0,0,0.8381,0.2401,0.0153,0.0096,0.009,53,51.587,3.1365,1.2243,1.2261,0.00012328,16.39
"3LYF_A",103,"LEU",0,1.60874315737,0,0,0,0.6483,0.2151,0.0101,0.0083,0.0128,54,53.324,1.8576,1.3184,1.3224,0.00014167,16.28
"3LYF_A",104,"SER",0,2.26897817083,0.0064516,0.0018151,3.9243e-05,0.8887,0.2721,0.0103,0.0124,0.4464,54,53.091,2.2493,1.311,1.3336,0.00015474,18.55
"3LYF_A",105,"ARG",0,1.2707775398,0,0.0048735,2.1915e-05,1.0445,0.2892,0.0114,0.0113,0.1392,60,56.334,2.5255,1.273,1.2877,0.00015093,15.55
"3LYF_A",106,"VAL",0,1.2378830182,0,0,0,1.1285,0.3019,0.0101,0.0103,0.249,58,58.117,3.7255,1.3133,1.3032,0.00021304,15.44
"3LYF_A",107,"ALA",0,1.00074896547,0,0,0,0.8778,0.2541,0.0099,0.0181,NA,51,51.887,2.9291,1.3862,1.3763,0.00016875,15.25
"3LYF_A",108,"ALA",0,2.25847726415,0.12403,0.014574,0.00026035,1.1653,0.3951,0.0238,0.0185,NA,54,56.062,5.251,1.3389,1.3156,0.00023349,16.64
"3LYF_A",109,"ALA",0,0.539860782649,0,0.01032,0.00020679,1.3823,0.4142,0.021,0.0257,NA,48,48.447,4.1312,1.2346,1.1842,0.00031475,18.09
"3LYF_A",110,"LEU",0,1.49707711738,0.054726,0.094139,0.0015351,1.374,0.361,0.039,0.0164,0.2628,52,46.322,4.6841,1.2096,1.1621,0.00031191,19.19
"3LYF_A",111,"ALA",0,0.948173677674,0,0.0071008,0.00018382,1.6181,0.3945,0.0169,0.0148,NA,49,48.742,2.884,1.3264,1.2547,0.00044094,18.63
"3LYF_A",112,"GLY",0,2.36518025771,0.0096154,0.06784,0.0029621,1.987,0.4781,0.0123,0.0208,NA,44,39.191,3.5731,1.1592,1.0934,0.00053726,18.44
"3LYF_A",113,"ARG",0.000614802788772,2.26449233888,0.20438,0.33906,0.0042428,1.6276,0.3911,0.0167,0.011,0.0178,44,42.215,4.0877,1.1467,1.1273,0.00039249,16.9
"3LYF_A",114,"THR",0,1.1407934835,0,0.00065116,4.2209e-06,0.8975,0.2861,0.0109,0.0091,0.0174,46,48.563,2.3636,1.3348,1.3162,0.00020551,14.25
"3LYF_A",115,"CYS",0,1.41344176838,0,0.00034331,2.1784e-06,1.6022,0.4189,0.0109,0.0167,0.1268,48,45.127,2.3949,1.3382,1.2565,0.00035932,17.18
"3LYF_A",116,"GLN",0,2.21506153302,0.35556,0.27491,0.0055615,2.0416,0.5046,0.0154,0.0137,0.3486,39,36.091,2.4734,1.1439,1.0888,0.0003146,20.47
"3LYF_A",117,"ALA",0,1.66910622909,0,0,0,1.3559,0.3346,0.0144,0.0113,NA,45,45.018,1.7869,1.1927,1.2004,0.00026129,18.45
"3LYF_A",118,"LEU",0,0.994771227823,0,0.00018905,9.0543e-07,0.9068,0.2097,0.0094,0.012,0.0127,46,46.055,2.5174,1.2884,1.2734,0.00017928,18.04
"3LYF_A",119,"VAL",0,2.38321742142,0.36207,0.39228,0.0042167,0.9689,0.3104,0.0142,0.0384,0.371,36,36.609,2.2702,1.0726,1.0715,0.00041374,19.88
"3LYF_A",120,"VAL",0,1.90246001261,0.22989,0.25723,0.0056235,0.9064,0.3622,0.0664,0.0378,0.6108,33,32.613,1.0807,1.0027,0.98655,0.00026527,17.85
"3LYF_A",121,"LEU",0,0.297469636158,0,0.00069652,5.1948e-06,0.9252,0.2798,0.0366,0.0137,0.0088,43,42.49,1.9619,1.1572,1.1315,0.0003259,16.68
"3LYF_A",122,"SER",0,1.76511177875,0.045161,0.078675,0.0025988,1.0541,0.3952,0.0146,0.0202,0.6526,36,36.165,4.1083,1.1545,1.1354,0.00094715,18.13
"3LYF_A",123,"GLU",0,2.36651264259,0.45291,0.47684,0.0039732,1.1868,0.3618,0.032,0.0203,0.4318,27,29.549,1.9009,0.97195,0.97367,0.00067179,18.47
"3LYF_A",124,"TRP",0,1.63882554437,0.24211,0.19835,0.0036753,1.0829,0.3948,0.0225,0.0164,0.0077,35,37.987,1.5822,1.0609,1.0697,0.00027288,17.56
"3LYF_A",125,"LEU",0,1.22954707787,0.014925,0.0055522,0.00010062,0.8031,0.4509,0.0237,0.0093,0.0223,46,46.527,2.603,1.1915,1.1913,0.00035464,17.06
"3LYF_A",126,"PRO",0,2.38623060434,0.22013,0.035132,0.0022827,1.055,0.3721,0.0106,0.0184,0.0945,43,42.954,5.5316,1.0838,1.1026,0.00085805,20.15
"3LYF_A",127,"VAL",0.000614802788772,1.85317102685,0.0057471,0.024211,0.00033014,1.0334,0.3033,0.026,0.0196,0.3762,38,41.046,3.5956,1.1134,1.0864,0.00033796,19.25
"3LYF_A",128,"THR",0,1.8500130173,0.19767,0.19401,0.006568,1.2959,0.4012,0.0202,0.0119,0.3753,35,35.293,2.8569,1.1152,1.0703,0.00094073,19.08
"3LYF_A",129,"GLY",0,2.27731631174,0,0.0015897,5.6189e-05,1.1802,0.4126,0.0127,0.0176,NA,37,33.963,2.6838,1.1009,1.0746,0.00056748,21.07
"3LYF_A",130,"THR",0,1.91939121284,0.62791,0.64489,0.0034858,0.8973,0.4509,0.0121,0.0151,0.4669,26,25.009,1.1767,0.89354,0.87579,0.00032515,23.3
"3LYF_A",131,"THR",0,2.10145421451,0.42442,0.3801,0.0038034,0.7862,0.327,0.0167,0.0149,0.2407,27,27.652,2.2938,0.94272,0.93121,0.00042345,24.44
"3LYF_A",132,"MET",0,1.65638302801,0,1.1905e-05,1.3281e-07,0.6596,0.2594,0.013,0.0085,0.0125,41,40.461,2.5062,1.1092,1.0914,0.00029085,23.94
"3LYF_A",133,"ASP",0,2.00250000008,0.18653,0.19355,0.0013393,0.8284,0.3047,0.0093,0.0124,0.0073,28,27.283,1.5361,1.0014,0.99099,0.00033351,28.89
"3LYF_A",134,"GLY",0,2.100346825,0.72115,0.73419,0.0025004,0.8605,0.3872,0.0188,0.0331,NA,22,21.188,1.2922,0.80946,0.80724,0.00031528,31.91
"3LYF_A",135,"LEU",0,2.36581906592,0.39801,0.32947,0.0030027,0.7957,0.3593,0.0446,0.012,0.2129,34,34.505,4.0126,0.91132,0.90177,0.00054024,33.04
"3LYF_A",136,"SER",0,1.29391020527,0.0064516,0.035359,0.00094677,0.7704,0.3611,0.0122,0.0212,0.0358,34,32.784,2.8085,0.98452,0.96027,0.00066238,32.37
"3LYF_A",137,"PRO",0.000614802788772,1.50542032639,0.74843,0.77314,0.00221,1.0911,0.4716,0.0124,0.0224,0.0942,26,24.981,1.508,0.85665,0.84368,0.00040226,29.83
"3LYF_A",138,"ALA",0.000614802788772,1.06705302384,0.63566,0.69211,0.0020691,1.1303,0.4311,0.0113,0.0206,NA,32,29.781,2.4431,0.88832,0.8664,0.00023438,26.82
"3LYF_A",139,"TYR",0.000614802788772,1.36256310072,0,0.00023321,9.2933e-07,0.7173,0.2485,0.0124,0.0088,0.0064,45,42.37,1.9184,1.1224,1.0919,0.00023991,23.21
"3LYF_A",140,"PRO",0,2.02201267526,0.09434,0.048352,0.00061758,0.9028,0.2462,0.0116,0.0135,0.0841,53,50.879,3.367,1.1482,1.1226,0.00035212,21.48
"3LYF_A",141,"ARG",0,1.85429218475,0.21898,0.14714,0.00059587,1.039,0.2584,0.0104,0.0089,0.0297,51,48.738,3.1088,1.2057,1.1953,0.00022127,20.64
"3LYF_A",142,"HIS",0,1.55091273341,0.09375,0.1251,0.00066254,1.306,0.2646,0.0138,0.0115,0.0224,52,52.839,2.8252,1.2707,1.2565,0.00024412,18.6
"3LYF_A",143,"MET",0,1.78459681043,0,0,0,1.4923,0.2458,0.0143,0.0101,0.0208,63,57.107,1.9504,1.3297,1.3063,0.00012894,17.39
"3LYF_A",144,"MET",0,0.905831457705,0,0,0,1.3601,0.2228,0.008,0.0144,0.0074,59,56.435,4.5542,1.324,1.2943,8.6238e-05,14.45
"3LYF_A",145,"HIS",0,0.535823655741,0,0.00024107,1.524e-06,1.4203,0.2208,0.0163,0.0061,0.0075,62,66.054,4.1525,1.3361,1.3076,8.4611e-05,15.62
"3LYF_A",146,"PRO",0.000614802788772,1.47639416285,0.044025,0.049631,0.00054325,1.3801,0.3423,0.0104,0.0181,0.0741,59,60.588,2.8041,1.2988,1.2778,0.00011924,15.83
"3LYF_A",147,"SER",0,0.298477821406,0.019355,0.015802,0.00026071,1.2987,0.313,0.0174,0.0096,0.0085,55,56.604,2.4502,1.3614,1.3245,0.00021374,16.45
"3LYF_A",148,"PHE",0,1.6474772295,0,0.000825,4.8434e-06,1.2311,0.2636,0.0099,0.0098,0.0042,57,59.337,2.9053,1.3725,1.3316,0.00012621,14.76
"3LYF_A",149,"ALA",0,1.16552073189,0.0077519,0.0048217,3.9314e-05,0.7264,0.2366,0.009,0.0112,NA,52,56.365,3.1591,1.3277,1.2942,0.00012918,16.34
"3LYF_A",150,"GLY",0,1.74240020292,0.0096154,0.0099936,0.00014918,0.9714,0.2832,0.0136,0.0153,NA,52,52.741,2.4841,1.2913,1.2615,0.00024701,16.64
"3LYF_A",151,"MET",0,1.90156369477,0,0.00054167,6.4073e-06,1.005,0.2987,0.0311,0.019,0.3962,54,52.726,1.544,1.2691,1.2351,0.0001751,18.36
"3LYF_A",152,"VAL",0,1.71292563908,0,0,0,0.8128,0.2328,0.0171,0.0133,0.0181,58,56.187,2.7216,1.2231,1.2064,0.00017363,19.82
"3LYF_A",153,"ASP",0,0.366765260528,0,1.3817e-05,7.1447e-08,0.9183,0.2868,0.0206,0.0071,0.006,44,43.627,2.1714,1.1003,1.1012,0.00031598,19.38
"3LYF_A",154,"PRO",0,1.84523304121,0.14465,0.29569,0.0022966,1.3851,0.351,0.0087,0.0132,0.0233,35,35.591,1.3852,0.94693,0.93252,0.00031899,20.81
"3LYF_A",155,"SER",0,1.43981325486,0.45806,0.45799,0.0017477,1.0786,0.3559,0.017,0.0121,0.0234,28,28.963,3.5783,0.79454,0.78812,0.00023651,20.19
"3LYF_A",156,"LEU",0,1.2252096012,0.0049751,0.015264,7.8583e-05,1.3535,0.373,0.0111,0.014,0.0144,33,33.245,1.307,0.91347,0.89392,0.00051128,20.54
"3LYF_A",157,"PRO",0,1.81417881881,0.5283,0.52941,0.0033122,1.6778,0.5214,0.0107,0.0146,0.0697,22,20.706,0.98555,0.76336,0.75458,0.00023031,23.56
"3LYF_A",158,"GLY",0.00377316848736,1.97293546383,0.33654,0.61289,0.0038201,1.708,0.5059,0.0308,0.0313,NA,17,18.099,0.98879,0.76821,0.75312,0.00036618,26.01
"3LYF_A",159,"ASP",0,1.76454014656,0.46632,0.65228,0.0016661,1.7517,0.5399,0.0142,0.017,0.0697,24,21.809,1.9013,0.786,0.77755,0.0002593,28.79
"3LYF_A",160,"TYR",0.000614802788772,1.7587100803,0.22433,0.24563,0.0016319,1.4614,0.4016,0.0193,0.011,0.0078,36,33.273,2.0223,0.98263,0.96199,0.00031192,26.32
"3LYF_A",161,"LEU",0,1.97032794668,0.12935,0.15068,0.0011846,1.2223,0.3324,0.0108,0.0086,0.0156,39,38,1.9106,1.0688,1.0511,0.00014011,24.43
"3LYF_A",162,"ARG",0,1.88197267701,0.60949,0.42868,0.0041272,1.2722,0.3464,0.0104,0.012,0.0243,35,34.878,2.1192,0.9872,0.99386,0.00026285,25.91
"3LYF_A",163,"ALA",0,2.3700494137,0.015504,0.047933,0.0010115,1.0385,0.2957,0.0094,0.011,NA,38,37.291,1.6262,1.1068,1.0971,0.00022531,23.48
"3LYF_A",164,"ILE",0,1.79954733994,0,0,0,1.0674,0.2368,0.0112,0.0121,0.2085,57,55.685,2.7737,1.2175,1.2027,9.7788e-05,21.86
"3LYF_A",165,"LEU",0,2.37109300124,0.079602,0.013353,0.00030112,1.0868,0.2396,0.0126,0.0111,0.0236,58,54.116,2.9792,1.1986,1.1861,0.000215,22.54
"3LYF_A",166,"ASP",0,1.85068285888,0.088083,0.030725,0.00098169,0.9867,0.2188,0.0108,0.0091,0.0059,46,45.677,2.2481,1.1836,1.1823,0.00020646,25.14
"3LYF_A",167,"ALA",0,0.840210789127,0,0,0,0.9279,0.2169,0.0094,0.0083,NA,52,51.644,1.4195,1.3227,1.2977,0.0001437,23.42
"3LYF_A",168,"HIS",0,1.09603354258,0,0.00092857,3.9767e-06,1.0807,0.2126,0.0108,0.008,0.0091,57,54.925,2.1031,1.3252,1.3018,9.4561e-05,20.6
"3LYF_A",169,"SER",0,2.02666053006,0.012903,0.0020817,2.021e-05,0.9511,0.1797,0.0093,0.0091,0.0076,57,55.523,1.7426,1.2596,1.245,0.00013807,21.34
"3LYF_A",170,"LEU",0,0.932301629226,0.0049751,0.00048756,3.8407e-06,0.7006,0.1857,0.0091,0.0081,0.0078,57,54.441,2.8912,1.2339,1.2188,0.00012356,21.5
"3LYF_A",171,"TYR",0,1.36501262027,0,0,0,0.8442,0.1788,0.0104,0.008,0.0061,58,54.807,3.1523,1.2847,1.2618,0.00012168,19.94
"3LYF_A",172,"LEU",0,2.25384812438,0,0.0022023,1.1494e-05,1.1249,0.1921,0.008,0.0075,0.0112,58,56.034,3.0789,1.2906,1.2568,9.3266e-05,19.55
"3LYF_A",173,"LEU",0,1.58485928328,0,0.0018806,1.4608e-05,0.8735,0.1865,0.0098,0.0095,0.0112,51,49.749,0.93112,1.1823,1.1637,0.00014581,22.9
"3LYF_A",174,"GLN",0,2.54768763582,0.075556,0.17298,0.0020508,1.0399,0.2363,0.0106,0.0105,0.3854,50,48.938,2.9228,1.1344,1.1047,0.00020459,24.64
"3LYF_A",175,"PHE",0,2.03103533011,0,5.5556e-06,2.3133e-08,1.3827,0.2482,0.0134,0.0102,0.008,42,42.905,2.6661,1.2337,1.1866,0.00017646,24.37
"3LYF_A",176,"SER",0,1.98384321021,0,0.0039527,5.6811e-05,1.6477,0.2809,0.0099,0.0116,0.3918,43,42.757,2.6606,1.1927,1.1261,0.00016493,27.93
"3LYF_A",177,"ARG",0,1.93923016149,0.14599,0.094243,0.00128,1.6853,0.3181,0.0116,0.0211,0.0149,35,34.7,1.9273,1.0919,1.0386,0.00023398,31.74
"3LYF_A",178,"VAL",0,2.09373542293,0.31609,0.22994,0.0055729,1.7758,0.372,0.0302,0.0257,0.264,32,30.319,2.3734,1.0326,0.96806,0.0003285,32.18
"3LYF_A",179,"ILE",0,2.34004574159,0,0.01224,0.00027024,2.7657,0.3841,0.0224,0.0252,0.4014,39,30.04,1.4167,1.1152,0.98523,0.00051286,34.52
"3LYF_A",180,"ASN",0,1.83257443818,0.13846,0.22152,0.006184,3.2572,0.496,0.0272,0.0304,0.4395,32,28.675,4.2434,1.0213,0.88238,0.00063287,37.87
"3LYF_A",181,"PRO",0,1.69982614087,0.27044,0.55501,0.0076207,3.5444,0.5724,0.0137,0.017,0.0637,26,18.38,2.4132,0.84073,0.76137,0.00093128,40.49
"3LYF_A",182,"ASN",0,1.92542403677,0.59487,0.64071,0.010721,4.1604,0.8144,0.0143,0.0295,0.4846,22,17.957,1.6139,0.74614,0.69275,0.00029121,43.96
"3LYF_A",183,"LEU",0,2.30715834515,0.079602,0.10063,0.0019907,2.5562,0.6061,0.0275,0.0137,0.017,28,24.712,1.1245,0.91454,0.87699,0.0005472,46.1
"3LYF_A",184,"ARG",0,1.80054969446,0.4927,0.55411,0.0024074,3.0281,0.8151,0.0133,0.0203,0.1403,23,22.211,0.6938,0.85007,0.80272,0.0009024,49.55
"3LYF_A",185,"GLY",0,1.72545501347,0.94231,0.78688,0.0060568,2.8072,0.7908,0.0284,0.0636,NA,18,17.828,0.79495,0.6605,0.64378,0.00037089,51.54
"3LYF_A",186,"ARG",0.000614802788772,1.96369470122,0.57299,0.53827,0.003252,2.1309,0.5678,0.0737,0.0157,0.0731,21,20.601,0.408,0.76113,0.729,0.00028542,52.36
"3LYF_A",187,"THR",0.000614802788772,1.60915904103,0.49419,0.54516,0.0033277,1.7023,0.4745,0.0175,0.0124,0.3091,22,22.533,1.1697,0.76689,0.75198,0.00026124,50.72
"3LYF_A",188,"LYS",0,1.95232657935,0.11864,0.12611,0.0015173,1.046,0.3312,0.0184,0.0145,0.2752,29,30.628,1.1917,0.90731,0.9046,0.00034202,48.79
"3LYF_A",189,"GLU",0,1.60685216057,0.57848,0.52673,0.0040184,1.2172,0.5403,0.0117,0.0155,0.1413,27,26.175,1.571,0.80565,0.80986,0.00063322,47.92
"3LYF_A",190,"GLU",0,2.1334934592,0.30942,0.34724,0.0050007,1.461,0.5386,0.0183,0.0165,0.4625,24,22.647,1.6603,0.8236,0.80237,0.00031178,45.13
"3LYF_A",191,"VAL",0.000614802788772,1.92471091128,0,0.00017625,1.7757e-06,1.2059,0.3647,0.0171,0.0096,0.0239,34,33.403,1.5389,1.023,0.98636,0.00031771,40.75
"3LYF_A",192,"ALA",0,2.34934490778,0.093023,0.039628,0.0010123,0.7389,0.3337,0.0108,0.0135,NA,36,35.942,1.2021,1.034,1.028,0.00034748,38.31
"3LYF_A",193,"ALA",0,2.14731962535,0.6124,0.54181,0.004654,0.9579,0.4216,0.0104,0.0194,NA,22,22.464,1.2188,0.87187,0.8644,0.00026041,36.08
"3LYF_A",194,"THR",0,2.39633686756,0.30814,0.39164,0.0056558,1.0458,0.4281,0.027,0.0216,0.013,35,32.638,4.2591,0.96278,0.9246,0.00053292,34.36
"3LYF_A",195,"PHE",0,2.00491873901,0,0.0011083,5.2682e-06,1.0246,0.3408,0.0331,0.0162,0.0057,42,40.008,2.4002,1.1232,1.0862,0.00045921,33.45
"3LYF_A",196,"THR",0,1.87812027138,0.2907,0.28398,0.0062545,1.155,0.4029,0.0165,0.0192,0.5133,36,32.569,6.8405,1.0397,0.9976,0.00085178,33.92
"3LYF_A",197,"GLN",0,2.15930764439,0.70667,0.66505,0.0033254,1.3203,0.2871,0.0139,0.0117,0.4213,28,25.156,2.9109,0.94243,0.90612,0.00031158,32.53
"3LYF_A",198,"PRO",0,2.23159606538,0.13836,0.14856,0.0020684,1.2706,0.3107,0.0115,0.0125,0.0737,35,31.093,2.2915,1.0876,1.0937,0.00048266,28.39
"3LYF_A",199,"MET",0,1.87985007677,0.026786,0.012259,9.0518e-05,1.0009,0.2647,0.0096,0.0108,0.44,46,41.893,2.0198,1.2029,1.1762,0.0002352,25.36
"3LYF_A",200,"ASN",0,1.93384675772,0.31795,0.28575,0.0064992,1.0686,0.3577,0.0111,0.0117,0.3345,33,35.721,1.4209,1.044,1.0193,0.00043813,26.37
"3LYF_A",201,"ALA",0,2.31427204809,0.47287,0.24732,0.0044442,1.0023,0.2838,0.011,0.0135,NA,32,28.867,0.90634,1.0123,1.006,0.00022238,25.41
"3LYF_A",202,"ALA",0,2.27952344124,0.17054,0.015168,0.00037018,0.9829,0.2886,0.0155,0.011,NA,41,39.488,2.5009,1.1887,1.1889,0.00028391,23.18
"3LYF_A",203,"VAL",0,2.21855309641,0,0.015345,0.00038877,1.0061,0.3069,0.0118,0.0108,0.1471,39,39.814,2.9627,1.163,1.1348,0.00046444,21.64
"3LYF_A",204,"ASN",0,2.22058758104,0.52821,0.56378,0.0071194,1.3816,0.4462,0.0182,0.0353,0.1564,27,28.449,2.2729,0.92905,0.91227,0.00030972,24.57
"3LYF_A",205,"SER",0,1.06689291719,0.27742,0.1084,0.0013411,1.0522,0.3724,0.0229,0.0146,0.1513,31,31.945,1.4586,0.94042,0.95571,0.00051137,25.56
"3LYF_A",206,"ASN",0.00107482077315,1.50700608259,0.76923,0.8891,0.0052985,1.1883,0.5208,0.0144,0.0387,0.6515,26,26.782,1.9758,0.80107,0.80646,0.0003963,28.36
"3LYF_A",207,"PHE",0,1.86212306743,0.091667,0.11049,0.0040268,1.0424,0.3861,0.046,0.0124,0.0081,33,35.229,4.1191,0.93672,0.93617,0.00086207,24.34
"3LYF_A",208,"ILE",0,1.94945255758,0.13198,0.15477,0.0045296,1.0238,0.3879,0.0075,0.0128,0.0171,33,33.555,3.0611,0.93705,0.9411,0.00050914,20.31
"3LYF_A",209,"SER",0,0.925736461089,0.40645,0.38702,0.0037181,1.2001,0.3846,0.0133,0.011,0.2625,26,24.3,1.9153,0.85741,0.85373,0.00026374,20.33
"3LYF_A",210,"HIS",0,1.07254870843,0.45089,0.54244,0.0028373,1.2646,0.3807,0.0115,0.0095,0.0207,27,27.083,1.182,0.91033,0.91459,0.00042472,19.92
"3LYF_A",211,"GLU",0,1.21014550658,0.53812,0.45895,0.0026829,1.2906,0.433,0.0114,0.0134,0.1816,23,24.183,2.1058,0.81516,0.80963,0.00021404,22.13
"3LYF_A",212,"LYS",0,2.1098848499,0.57203,0.60279,0.0031171,1.1005,0.3904,0.0138,0.0097,0.016,26,27.091,2.4019,0.91486,0.91723,0.00023256,22.5
"3LYF_A",213,"ARG",0,0.894087810473,0,0.0029027,1.1073e-05,1.0708,0.3215,0.0103,0.0083,0.008,42,39.997,2.7305,1.1429,1.1384,0.00025449,21.07
"3LYF_A",214,"ARG",0,1.73678311198,0.23358,0.22274,0.0020449,0.9636,0.3258,0.0079,0.008,0.0137,37,37.066,1.0997,1.0694,1.0594,0.0002409,22.33
"3LYF_A",215,"GLU",0.00147566966732,1.96185683634,0.35426,0.31631,0.0033498,1.1503,0.3663,0.0095,0.0121,0.3936,28,28.9,1.3442,0.94374,0.94115,0.00024155,24.45
"3LYF_A",216,"PHE",0,2.44265903615,0.2875,0.26161,0.0031042,1.0612,0.316,0.0116,0.0099,0.0082,35,35.403,2.9652,1.0863,1.074,0.00029495,21.14
"3LYF_A",217,"LEU",0,1.08719887238,0,0,0,0.829,0.2538,0.0088,0.0089,0.0112,48,46.144,3.3682,1.176,1.1592,0.00015356,19.33
"3LYF_A",218,"LYS",0.00107482077315,2.29155572274,0.49576,0.37201,0.0040627,1.0155,0.2962,0.0106,0.0107,0.1976,33,29.617,1.6295,1.0225,1.0135,0.00028558,23.3
"3LYF_A",219,"ALA",0,2.04493339571,0.67442,0.64653,0.0037505,1.1353,0.3862,0.0107,0.0184,NA,29,26.07,1.4914,0.89942,0.88588,0.00025987,24.13
"3LYF_A",220,"PHE",0,1.15608948309,0.020833,0.14798,0.0014731,0.824,0.3127,0.0251,0.0137,0.0046,38,35.492,1.7765,1.0383,0.99696,0.0003227,23.36
"3LYF_A",221,"GLY",0,0.442249173656,0.60577,0.54747,0.0026618,1.0755,0.3311,0.0178,0.0234,NA,32,32.243,2.0838,0.94394,0.93619,0.00031193,23.65
"3LYF_A",222,"LEU",0,1.76119570788,0.0099502,0.0059403,4.5517e-05,0.923,0.2658,0.0234,0.0121,0.0161,47,44.996,2.0574,1.1167,1.0989,0.00025574,22.12
"3LYF_A",223,"VAL",0,1.49715641798,0.0057471,0.004,4.1587e-05,1.058,0.2836,0.0129,0.0149,0.0128,37,36.475,4.5297,1.0826,1.0695,0.00023286,25.09
"3LYF_A",224,"ASP",0,0.828535982937,0.27979,0.3013,0.0022661,1.345,0.5482,0.0296,0.0101,0.0534,25,24.655,4.6263,0.84041,0.8353,0.00024395,31.83
"3LYF_A",225,"SER",0,1.66844083703,0.5871,0.6059,0.0058782,1.4943,0.8877,0.0136,0.0343,0.3067,21,20.512,5.7243,0.68592,0.67701,0.00052212,35.21
"3LYF_A",226,"ASN",0,1.73284049878,0.6359,0.68163,0.0056499,1.4698,0.7158,0.0598,0.0346,0.2924,22,20.272,4.461,0.68832,0.665,0.00034062,34.72
"3LYF_A",227,"GLY",0,0.309694177771,0,0.0039423,0.00017695,1.2621,0.4842,0.0477,0.0178,NA,36,35.243,1.4888,0.91094,0.88065,0.000931,29.95
"3LYF_A",228,"LYS",0,2.0895847838,0.56356,0.52609,0.0041147,1.1854,0.3658,0.0166,0.009,0.0312,30,29.516,1.7536,0.86794,0.85097,0.00025171,26.91
"3LYF_A",229,"PRO",0,1.55020994115,0,0.0046876,8.4988e-05,1.0978,0.2936,0.0123,0.0162,0.061,41,39.784,1.2849,1.0321,1.0201,0.00026769,25.08
"3LYF_A",230,"SER",0,1.10976011273,0.21935,0.23256,0.0023512,1.0164,0.3021,0.0164,0.0114,0.2135,36,32.279,5.1434,0.95255,0.94841,0.00044477,24.74
"3LYF_A",231,"ALA",0,1.6410684973,0.79845,0.79253,0.002425,0.9687,0.2933,0.0102,0.013,NA,25,25.299,0.57812,0.82944,0.82228,0.00019833,24.97
"3LYF_A",232,"ALA",0,1.70845561421,0.15504,0.21242,0.003979,0.9563,0.3493,0.0127,0.0144,NA,38,35.293,1.7818,0.9961,0.9803,0.00042532,23.52
"3LYF_A",233,"VAL",0,1.85831431739,0,2.2989e-05,1.7575e-07,0.7673,0.2242,0.0123,0.0083,0.0205,47,45.858,1.0492,1.1723,1.1498,0.00017374,23.51
"3LYF_A",234,"MET",0.0011840662092,1.66263802068,0.35268,0.32361,0.0037166,0.7602,0.2374,0.009,0.01,0.1934,36,35.549,1.1563,1.0115,1.0026,0.00026151,27.03
"3LYF_A",235,"ALA",0,1.65369883093,0.34109,0.29644,0.0034161,0.7072,0.2566,0.011,0.0116,NA,35,33.934,1.3692,0.95975,0.95563,0.00023465,26.81
"3LYF_A",236,"ALA",0.0011840662092,1.6977851837,0,0,0,0.61,0.2144,0.0114,0.0092,NA,43,42.353,1.5135,1.1863,1.1672,0.00022117,27.09
"3LYF_A",237,"ALA",0.0011840662092,0.776030371715,0,0.038656,0.00089572,0.6166,0.2312,0.0098,0.0103,NA,38,38.256,1.2593,1.1799,1.1543,0.00039869,30.01
"3LYF_A",238,"GLN",0,2.10888780747,0.40889,0.53622,0.0037545,0.8533,0.3252,0.0119,0.0092,0.1339,31,30.271,0.81959,0.90665,0.90684,0.00021424,35.23
"3LYF_A",239,"ALA",0,1.89620209797,0.2093,0.1162,0.0026634,0.7769,0.3011,0.0091,0.0141,NA,34,34.105,0.94234,0.9622,0.97147,0.0003201,36.43
"3LYF_A",240,"TYR",0,1.53579174017,0.08365,0.054555,0.00071957,0.695,0.2482,0.0115,0.0124,0.0093,37,36.071,1.2951,1.0713,1.0556,0.00024704,37.84
"3LYF_A",241,"LYS",0.00135521366119,1.80155380692,0.50847,0.62083,0.021287,1.3244,0.4882,0.0123,0.0199,0.473,28,27.325,1.5338,0.83686,0.82431,0.00034023,42.7
"3LYF_A",242,"THR",0,1.54263554522,0.78488,0.72248,0.003432,1.9776,0.6703,0.0404,0.0319,0.4476,19,20.157,0.74107,0.72189,0.73368,0.00026024,45.98
"3LYF_A",243,"ALA",0,1.19669635694,0.12403,0.14664,0.0021503,1.109,0.3888,0.0182,0.0196,NA,29,30.155,1.9939,0.84161,0.82708,0.00031933,47.52
"3LYF_A",244,"ALA",0,1.49814460901,0.95349,0.8149,0.0080406,1.1553,0.4255,0.0585,NA,NA,24,23.504,2.469,0.68651,0.70449,0.0003645,48.35
