"","pdb_aa","pdb_pos","pdb_aa_ev_rate","pdb_pos_ev_rate","ev_rate","pdb_aa_rmsf","pdb_pos_rmsf","rmsf"
"181","P","1","P","1","0.037495983168008","P","1",NA
"182","N","2","N","2","0.922589845308796","N","2",NA
"183","M","3","M","3","0.00785587697631906","M","3",NA
"184","L","4","L","4","0.00879167322005693","L","4",NA
"185","R","5","R","5","0.22532667397753","R","5",NA
"186","K","6","K","6","0.00981336316417637","K","6",NA
"187","R","7","R","7","0.138775453988279","R","7","1.02701205701246"
"188","Q","8","Q","8","0.211894247098163","Q","8","0.69322037829411"
"189","M","9","M","9","0.171583950030552","M","9","0.420229725747955"
"190","T","10","T","10","0.0162454002263988","T","10","0.513700115478656"
"191","V","11","V","11","0.00187453780720016","V","11","0.644979300854562"
"192","L","12","L","12","0.0182523235147419","L","12","0.615094829386231"
"193","D","13","D","13","0.0304229527860517","D","13","1.0944916971953"
"194","L","14","L","14","0.0399313123974059","L","14","1.60195599798956"
"195","H","15","H","15","0.124314317761088","H","15","2.0119503737218"
"196","P","16","P","16","0.00645279609960877","P","16","1.97330584984493"
"197","G","17","G","17","0.0138860130314971","G","17","1.83200908408254"
"198","S","18","S","18","0.0658789195545708","S","18","3.4632820337717"
"199","G","19","G","19","0.00995199456677152","G","19","1.95531711990514"
"200","K","20","K","20","0.0145289387632563","K","20","1.46684266554619"
"201","T","21","T","21","0.009550300983067","T","21","1.37874988374349"
"202","R","22","R","22","0.175332143510384","R","22","1.40426247270538"
"203","K","23","K","23","0.0245465313769637","K","23","1.19641379227356"
"204","I","24","I","24","0.00759198193460575","I","24","0.806757087884512"
"205","L","25","L","25","0.0211472605491006","L","25","0.592393265910766"
"206","P","26","P","26","0.0102458573743001","P","26","0.660549599567037"
"207","Q","27","Q","27","0.0169065590417241","Q","27","0.694360489803538"
"208","I","28","I","28","0.0932526344845503","I","28","0.442535286542905"
"209","I","29","I","29","0.00812513685576416","I","29","0.490163052642886"
"210","K","30","K","30","0.0478896534571381","K","30","0.619661086479801"
"211","D","31","D","31","0.0155965718954532","D","31","0.531711992731563"
"212","A","32","A","32","0.00749490909590119","A","32","0.361572853969222"
"213","I","33","I","33","0.00706144639087303","I","33","0.522643384716215"
"214","Q","34","Q","34","0.0394713445174745","Q","34","0.598759463028069"
"215","Q","35","Q","35","0.0413025914071009","Q","35","0.507095556654469"
"216","R","36","R","36","0.351177486985082","R","36","0.485997005739594"
"217","L","37","L","37","0.00882214194010689","L","37","0.377907113163639"
"218","R","38","R","38","0.216846805285531","R","38","0.469507936429796"
"219","T","39","T","39","0.0257000856013941","T","39","0.378717362625015"
"220","A","40","A","40","0.0238536723124927","A","40","0.394401068387227"
"221","V","41","V","41","0.0273219767371446","V","41","0.378661573772851"
"222","L","42","L","42","0.0117569167286748","L","42","0.428567830497673"
"223","A","43","A","43","0.0162795719225832","A","43","0.526148362968943"
"224","P","44","P","44","0.00886158990418481","P","44","0.578534890389621"
"225","T","45","T","45","0.00796549406228994","T","45","0.518026567424724"
"226","R","46","R","46","0.0230250848091895","R","46","0.912200910001841"
"227","V","47","V","47","0.015986240117395","V","47","0.604465821430868"
"228","V","48","V","48","0.00772926335882698","V","48","0.56664967631735"
"229","A","49","A","49","0.0210771040425828","A","49","0.530587862666004"
"230","A","50","A","50","0.0211969823453245","A","50","0.692678918285985"
"231","E","51","E","51","0.011263801624293","E","51","0.658012102214234"
"232","M","52","M","52","0.00785587697631906","M","52","0.520260603527023"
"233","A","53","A","53","0.0202776099118098","A","53","0.635496576858301"
"234","E","54","E","54","0.0270150630546474","E","54","0.864637897428411"
"235","A","55","A","55","0.24034680209115","A","55","0.75974644023433"
"236","L","56","L","56","0.042279368022148","L","56","0.580611617888705"
"237","R","57","R","57","0.21709617774145","R","57","0.861079326810255"
"238","G","58","G","58","0.0324565992618662","G","58","0.726618467425936"
"239","L","59","L","59","0.017225396521349","L","59","0.766118380070007"
"240","P","60","P","60","0.0140625866288602","P","60","0.726553701371377"
"241","V","61","V","61","0.00421056612249295","V","61","0.747700491544678"
"242","R","62","R","62","0.0221328168429969","R","62","0.745725993315594"
"243","Y","63","Y","63","0.00941884431358115","Y","63","0.735022257065136"
"244","Q","64","Q","64","0.0948404087265955","Q","64","0.842896615856114"
"245","T","65","T","65","0.0347993286616196","T","65",NA
"254","G","66","G","66","0.0150505948365489","G","66",NA
"255","N","67","N","67","0.0716843357853743","N","67","1.71799865705611"
"256","E","68","E","68","0.170460012120379","E","68","1.18391078704839"
"257","I","69","I","69","0.0162629532387251","I","69","1.20947251605569"
"258","V","70","V","70","0.013369398103496","V","70","0.63103757061099"
"259","D","71","D","71","0.0146661174225999","D","71","0.414922840178339"
"260","V","72","V","72","0.00971465715277624","V","72","0.478276011113955"
"261","M","73","M","73","0.00785587697631906","M","73","0.500970739563425"
"262","C","74","C","74","0.00876252997871752","C","74","0.532104011430785"
"263","H","75","H","75","0.00864859610282912","H","75","0.601967507127401"
"264","A","76","A","76","0.0235439366947011","A","76","0.690393329544694"
"265","T","77","T","77","0.0296680951946749","T","77","0.739458735527233"
"266","L","78","L","78","0.0426297148610262","L","78","0.632298475932093"
"267","T","79","T","79","0.0203909699444674","T","79","0.612117675391696"
"268","H","80","H","80","0.00820345019720095","H","80","0.726814284346217"
"269","R","81","R","81","0.015068961055764","R","81","0.706841859812963"
"270","L","82","L","82","0.0221634900911444","L","82","0.640661027033639"
"271","M","83","M","83","0.0564360782390091","M","83","0.779366109637538"
"272","S","84","S","84","0.023722195288298","S","84","0.94349040051483"
"273","P","85","P","85","0.132112464253678","P","85","1.6471106140652"
"274","N","86","N","86","0.0489137150120217","N","86","1.88687912708436"
"276","V","87","V","87","0.0273219767371446","V","87","1.07139419462764"
"277","P","88","P","88","0.0242869887455394","P","88","0.499206284701456"
"278","N","89","N","89","0.00954264125893241","N","89","0.350070590572427"
"279","Y","90","Y","90","0.00343468432851787","Y","90","0.382575475427334"
"280","N","91","N","91","0.0114971006852926","N","91","0.342880590169074"
"281","L","92","L","92","0.0244607539868164","L","92","0.278761024406308"
"282","F","93","F","93","0.00650096702674654","F","93","0.341749387020594"
"283","V","94","V","94","0.0174828038914261","V","94","0.316868334419387"
"284","M","95","M","95","0.00785587697631906","M","95","0.464799482385075"
"285","D","96","D","96","0.21453554317004","D","96","0.510849026277922"
"286","E","97","E","97","0.0165001706299992","E","97","0.594955288193159"
"287","A","98","A","98","0.0272704174562018","A","98","0.500946980404548"
"288","H","99","H","99","0.0184425497167475","H","99","0.498939433048566"
"289","F","100","F","100","0.0275550906043143","F","100","0.431599781973961"
"290","T","101","T","101","0.00896817059943805","T","101","0.55112705701948"
"291","D","102","D","102","0.0269557203281627","D","102","0.646164192698279"
"292","P","103","P","103","0.037495983168008","P","103","0.39757858624243"
"293","A","104","A","104","0.0191216753660568","A","104","0.406624199045305"
"294","S","105","S","105","0.0563174861506682","S","105","0.399344401194332"
"295","I","106","I","106","0.00797238408376067","I","106","0.366386569855856"
"296","A","107","A","107","0.00771087752356391","A","107","0.323233321263592"
"297","A","108","A","108","0.0174203851763816","A","108","0.344996617402219"
"298","R","109","R","109","0.0305558647582042","R","109","0.34565677976911"
"299","G","110","G","110","0.0147062428501389","G","110","0.371168457442548"
"300","Y","111","Y","111","0.00872395202992629","Y","111","0.342669724265544"
"301","I","112","I","112","0.00684399718913854","I","112","0.332224326826584"
"302","A","113","A","113","0.033471939261066","A","113","0.378754086079793"
"303","T","114","T","114","0.0143008476816151","T","114","0.480972804052103"
"304","K","115","K","115","0.169344568263908","K","115","0.498231110395152"
"305","V","116","V","116","0.0274113223521209","V","116","0.40617770953859"
"306","E","117","E","117","0.0129129495539465","E","117","0.557771097806423"
"307","L","118","L","118","0.00903772258286051","L","118","0.663812537729315"
"308","G","119","G","119","0.0191479563006216","G","119","0.582302286095806"
"309","E","120","E","120","0.0113792749991031","E","120","0.525327382407607"
"310","A","121","A","121","0.0168632352745454","A","121","0.367121128200354"
"311","A","122","A","122","0.0214420409704768","A","122","0.291418990603048"
"312","A","123","A","123","0.0315881351096051","A","123","0.436919557697943"
"313","I","124","I","124","0.0227796446742752","I","124","0.471361513628144"
"314","F","125","F","125","0.031249941466964","F","125","0.4474040916924"
"315","M","126","M","126","0.00785587697631906","M","126","0.451530804736395"
"316","T","127","T","127","0.0144509851493366","T","127","0.464201093758259"
"317","A","128","A","128","0.0255360146993903","A","128","0.607099719673489"
"318","T","129","T","129","0.0132545767596918","T","129","0.479460193344395"
"319","P","130","P","130","0.0695091516670464","P","130","0.660177081492349"
"320","P","131","P","131","0.0192651245869921","P","131","0.930212237596787"
"321","G","132","G","132","0.203421395657294","G","132","0.978874212648491"
"322","T","133","T","133","0.00810916194211502","T","133","0.923299507674477"
"323","T","134","T","134","0.160295087230915","T","134","0.941673208636749"
"324","D","135","D","135","0.0794539478203888","D","135","0.801832278800099"
"325","P","136","P","136","0.00753811379977994","P","136","0.682129368156797"
"326","F","137","F","137","0.281228654198694","F","137","0.614229078289282"
"327","P","138","P","138","0.0113091553739371","P","138","0.726404404529375"
"328","D","139","D","139","0.033720337543184","D","139","1.00901381676692"
"329","S","140","S","140","0.017590433599573","S","140","0.930538798946528"
"330","N","141","N","141","0.179332067806027","N","141","1.00297008313299"
"331","A","142","A","142","0.112005983551822","A","142","0.799561855621116"
"332","P","143","P","143","0.0224340845840773","P","143","0.874613618141199"
"333","I","144","I","144","0.0116162627293203","I","144","0.750860909526993"
"334","H","145","H","145","0.0577166936078721","H","145","0.728493535668196"
"335","D","146","D","146","0.0230645607668775","D","146","0.6213104460117"
"336","L","147","L","147","0.014578020196064","L","147","0.724330712444882"
"337","Q","148","Q","148","0.0151112538471832","Q","148","0.723032598859024"
"338","D","149","D","149","0.0698958005482664","D","149","0.657045621289406"
"339","E","150","E","150","0.149179786174843","E","150","0.661531932871566"
"340","I","151","I","151","0.035009913941683","I","151","0.512182214588544"
"341","P","152","P","152","0.0236863925009061","P","152","0.51797400361306"
"342","D","153","D","153","0.0268592382913021","D","153","0.563074537613699"
"343","R","154","R","154","0.225014750639194","R","154","0.768320612358193"
"344","A","155","A","155","0.0187795896190661","A","155","0.986190553622675"
"345","W","156","W","156","0.0168936825885978","W","156","0.938046847254929"
"346","S","157","S","157","0.0351446773315299","S","157","1.40826334017154"
"347","S","158","S","158","2.04157058225214","S","158","1.55072499427915"
"348","G","159","G","159","0.0134890918535192","G","159","1.46320881040549"
"349","Y","160","Y","160","0.0226370426727149","Y","160","1.14822692221396"
"350","E","161","E","161","0.133889904139014","E","161","1.23327658656151"
"351","W","162","W","162","0.0168936825885978","W","162","1.02657939678711"
"352","I","163","I","163","0.224111212679599","I","163","0.913427283199196"
"353","T","164","T","164","0.116101522460498","T","164","1.19191603134801"
"354","E","165","E","165","0.780008732330975","E","165","1.35734372685646"
"355","Y","166","Y","166","0.0429087954255961","Y","166","1.16608135115804"
"356","A","167","A","167","0.14316169496711","A","167","0.886064937522928"
"357","G","168","G","168","0.00632038529675673","G","168","1.12237607667361"
"358","K","169","K","169","0.025256376296072","K","169","0.86655884886741"
"359","T","170","T","170","0.0077740087903337","T","170","0.690956110523038"
"360","V","171","V","171","0.0158210226342166","V","171","0.604159532002961"
"361","W","172","W","172","0.0168936825885978","W","172","0.566142959104402"
"362","F","173","F","173","0.0191817332364327","F","173","0.544494421191725"
"363","V","174","V","174","0.0205805162706987","V","174","0.738467416135314"
"364","A","175","A","175","0.00176705784244494","A","175","0.941814029496979"
"365","S","176","S","176","0.0256560539495761","S","176","1.05839936334124"
"366","V","177","V","177","0.0158409221706896","V","177","1.10741399811016"
"367","K","178","K","178","0.0680485296652737","K","178","1.13195155485998"
"368","M","179","M","179","0.00785587697631906","M","179","1.08648660466424"
"369","G","180","G","180","0.023582532907196","G","180","1.059881383977"
"370","N","181","N","181","0.0483582457011283","N","181","1.24931525661562"
"371","E","182","E","182","0.0211672041072803","E","182","1.1798194419373"
"372","I","183","I","183","0.032874239432647","I","183","1.04737002609639"
"373","A","184","A","184","0.179849081929202","A","184","1.20165652668725"
"374","M","185","M","185","0.0301604655600076","M","185","1.38717292386904"
"375","C","186","C","186","0.0237399335363806","C","186","1.24985822745336"
"376","L","187","L","187","0.0034409224971871","L","187","1.21597834624755"
"377","Q","188","Q","188","0.0172134894019241","Q","188","1.46312933972943"
"378","R","189","R","189","0.0349604334063793","R","189","1.5564411129315"
"379","A","190","A","190","0.00985817324100689","A","190","1.48894462094188"
"380","G","191","G","191","0.00555280238575564","G","191","1.68633009103631"
"381","K","192","K","192","0.0252307328605201","K","192","1.4739551860838"
"382","K","193","K","193","0.404887811331073","K","193","1.49399639812201"
"383","V","194","V","194","0.118414306703629","V","194","1.26944149796373"
"384","I","195","I","195","0.270595152544587","I","195","1.22909384770944"
"385","Q","196","Q","196","0.0405757074177963","Q","196","1.18671042545166"
"386","L","197","L","197","0.0096799661511316","L","197","1.29683578111264"
"387","N","198","N","198","0.245011544893352","N","198","1.57983707760955"
"388","R","199","R","199","0.0133015957544485","R","199","2.74889630690848"
"389","K","200","K","200","0.0985276677450324","K","200","6.4339685697873"
"390","S","201","S","201","0.0259961918100767","S","201",NA
"391","Y","202","Y","202","0.159174174102565","Y","202",NA
"392","D","203","D","203","0.0586820444575879","D","203",NA
"393","T","204","T","204","0.0213453364866101","T","204",NA
"394","E","205","E","205","0.0372436829065686","E","205",NA
"395","Y","206","Y","206","0.00304156485982213","Y","206",NA
"396","P","207","P","207","0.01785270748481","P","207",NA
"397","K","208","K","208","0.0191320138545275","K","208",NA
"398","C","209","C","209","0.0700046650065376","C","209",NA
"399","K","210","K","210","0.012252569496219","K","210",NA
"400","N","211","N","211","0.050511513240646","N","211",NA
"401","G","212","G","212","0.0336908394365301","G","212","1.66998387163103"
"402","D","213","D","213","0.184488851377581","D","213","1.79577888450626"
"403","W","214","W","214","0.0689018756352213","W","214","1.30159373803001"
"404","D","215","D","215","0.0119210726105448","D","215","1.12873384357888"
"405","F","216","F","216","0.0372213612745124","F","216","0.867419029816722"
"406","V","217","V","217","0.0147168711412597","V","217","0.82951408246009"
"407","I","218","I","218","0.00171507141371928","I","218","0.76236236743882"
"408","T","219","T","219","0.01466808264185","T","219","0.698941547249523"
"409","T","220","T","220","0.0134842729848479","T","220","0.872381360352775"
"410","D","221","D","221","0.033449222740961","D","221","1.27857630852873"
"411","I","222","I","222","0.0144241216661869","I","222","1.63989063960021"
"412","S","223","S","223","0.0425391047378581","S","223","1.9439130295221"
"416","A","224","A","224","0.0410525272110342","A","224","1.98095793348816"
"417","N","225","N","225","0.0314983069545099","N","225","1.56587127517978"
"418","F","226","F","226","0.0239867553769855","F","226","1.15536396666017"
"419","G","227","G","227","0.0391942727359593","G","227","1.09345382396994"
"420","A","228","A","228","0.0272727558046839","A","228","0.705695050013633"
"421","S","229","S","229","0.0275622854750391","S","229","0.711827415061052"
"422","R","230","R","230","0.0272656711678736","R","230","0.622420997369981"
"423","V","231","V","231","0.0291655584184169","V","231","0.494380580174673"
"424","I","232","I","232","0.0172210135481902","I","232","0.447600511961566"
"425","D","233","D","233","0.0224529161253219","D","233","0.290863704908108"
"426","C","234","C","234","0.0106027301597858","C","234","0.437478051460675"
"427","R","235","R","235","0.00975754695721186","R","235","0.352377004392345"
"428","K","236","K","236","0.0263447731104326","K","236","0.356606302028814"
"429","S","237","S","237","0.0185288070638805","S","237","0.584090936074142"
"430","V","238","V","238","0.0275057114678784","V","238","0.835676403496985"
"431","K","239","K","239","0.0153016889727944","K","239","1.13626570397395"
"432","P","240","P","240","0.00561998185174755","P","240","0.884333725150448"
"433","T","241","T","241","0.14076670770561","T","241","0.816078423280097"
"434","I","242","I","242","0.0155247053115593","I","242","0.645848561911936"
"435","L","243","L","243","0.0123762803139629","L","243","0.605760565874882"
"436","E","244","E","244","0.0271935270950374","E","244","1.41331041419444"
"437","E","245","E","245","0.113968164506157","E","245",NA
"438","G","246","G","246","0.534632834321013","G","246",NA
"439","E","247","E","247","0.0158014214318167","E","247",NA
"440","G","248","G","248","0.0211308152575102","G","248","0.697943862381817"
"441","R","249","R","249","0.0587033196135536","R","249","0.583251147949096"
"442","V","250","V","250","0.0204186938657223","V","250","0.479798554151043"
"443","I","251","I","251","0.130404661779346","I","251","0.697577787497182"
"444","L","252","L","252","0.0213326628713731","L","252","0.945295280000851"
"445","G","253","G","253","0.259114211381515","G","253","1.13503872396898"
"446","N","254","N","254","0.00951114714599166","N","254","1.06240083240838"
"447","P","255","P","255","0.0226190591870646","P","255","0.585290197613322"
"448","S","256","S","256","0.0063509741643636","S","256","0.590340319452637"
"449","P","257","P","257","0.0199174930058726","P","257","0.582091194427671"
"450","I","258","I","258","0.0112631754896563","I","258","0.552965316761008"
"451","T","259","T","259","0.0374203454724322","T","259","0.611486625091218"
"452","S","260","S","260","0.119695355469653","S","260","0.764192984062126"
"453","A","261","A","261","0.00767722946189086","A","261","0.850501355392377"
"454","S","262","S","262","0.00896896291445681","S","262","0.687086955427609"
"455","A","263","A","263","0.0215870710243073","A","263","0.513453048433779"
"456","A","264","A","264","0.0352732033727553","A","264","0.526221509283048"
"457","Q","265","Q","265","0.0358996381565867","Q","265","0.551303765308179"
"458","R","266","R","266","0.0282914871470011","R","266","0.408967203077834"
"459","R","267","R","267","0.0351923384364747","R","267","0.370856493077045"
"460","G","268","G","268","0.0153584337087067","G","268","0.40878960759335"
"461","R","269","R","269","0.00290567908494074","R","269","0.51088131138096"
"462","V","270","V","270","0.0204708065706603","V","270","0.567858365568826"
"463","G","271","G","271","0.183529509416988","G","271","0.620388733520856"
"464","R","272","R","272","0.020461047176186","R","272","0.781638107110485"
"465","N","273","N","273","0.0442027830791751","N","273","0.8725744208914"
"466","P","274","P","274","0.00929891987395494","P","274","1.09206540056913"
"467","N","275","N","275","0.249869874537629","N","275","1.27294732779701"
"468","Q","276","Q","276","0.00629521149481889","Q","276","1.0771020022659"
"469","V","277","V","277","0.0424170848652066","V","277","1.13178557146588"
"470","G","278","G","278","0.0317884553090224","G","278","1.74258070652713"
"471","D","279","D","279","0.21453554317004","D","279","0.848671561655953"
"472","E","280","E","280","0.0259618000453412","E","280","0.649430258377925"
"473","Y","281","Y","281","0.00564949071607165","Y","281","0.459523716817156"
"474","H","282","H","282","0.0928786512857309","H","282","0.585778891253213"
"475","Y","283","Y","283","0.0131405944199172","Y","283","0.502696476398474"
"476","G","284","G","284","0.00290655512188432","G","284","0.452303487052027"
"477","G","285","G","285","0.0138788477224917","G","285","0.719142241813369"
"478","A","286","A","286","0.0753743541893456","A","286","0.748365671663839"
"479","T","287","T","287","0.0784416007293803","T","287","0.720230540634199"
"480","S","288","S","288","0.169113834268653","S","288","0.854443355469183"
"481","E","289","E","289","0.00610254168040483","E","289","0.952331621683272"
"482","D","290","D","290","0.70760153128556","D","290","0.906694799090825"
"483","D","291","D","291","0.0173914277864273","D","291","0.624649940628597"
"484","S","292","S","292","0.333829987115012","S","292","0.820232363506056"
"485","N","293","N","293","0.00854463521723761","N","293","0.85581751502284"
"486","L","294","L","294","0.00919366028956607","L","294","0.740863958699246"
"487","A","295","A","295","0.0112587187466466","A","295","0.766228075418436"
"488","H","296","H","296","0.0190368210776374","H","296","0.604916335279342"
"489","W","297","W","297","0.0168936825885978","W","297","0.559757452104344"
"490","T","298","T","298","0.0257000856013941","T","298","0.516598688698449"
"491","E","299","E","299","0.0205644538143799","E","299","0.472080733917535"
"492","A","300","A","300","0.0222907013782378","A","300","0.432160723817984"
"493","K","301","K","301","0.0151830180306044","K","301","0.430432380913719"
"494","I","302","I","302","0.00778781734497992","I","302","0.334881366145603"
"495","M","303","M","303","0.0695687905081279","M","303","0.43555620654351"
"496","L","304","L","304","0.0123642007694998","L","304","0.502742341790924"
"497","D","305","D","305","0.0207849348820838","D","305","0.50773956014392"
"498","N","306","N","306","0.051549686086338","N","306","0.490260325642776"
"499","I","307","I","307","0.0112631754896563","I","307","0.649026765077188"
"500","H","308","H","308","0.0108440743961278","H","308","1.19141640310023"
"501","M","309","M","309","0.149840237614375","M","309","1.27588420703412"
"502","P","310","P","310","0.00922702238950544","P","310","1.94938526775444"
"503","N","311","N","311","0.0389401771287972","N","311","2.19524237581132"
"504","G","312","G","312","0.0199669099663345","G","312","2.33511961338298"
"505","L","313","L","313","0.00915016941346755","L","313","1.39848895143322"
"506","V","314","V","314","0.0276895041902946","V","314","0.999019561002588"
"507","A","315","A","315","0.122091555568257","A","315","0.701336117765905"
"508","Q","316","Q","316","0.0155279955146797","Q","316","0.699621765992475"
"509","L","317","L","317","0.0078703209265317","L","317","0.565504783095993"
"510","Y","318","Y","318","0.0222327094663769","Y","318","0.45423185157322"
"511","G","319","G","319","0.019995969599263","G","319","0.701482534409399"
"512","P","320","P","320","0.0183800981451579","P","320","0.785065381195687"
"513","E","321","E","321","0.022994708918709","E","321","0.597364947448164"
"514","R","322","R","322","0.0367904343337973","R","322","0.605770682923819"
"515","E","323","E","323","0.255290867535423","E","323","0.615274509819324"
"516","K","324","K","324","0.0130051053507461","K","324","0.562084000264162"
"517","A","325","A","325","0.00714564375716298","A","325","0.831928778018957"
"518","F","326","F","326","0.0503751284202192","F","326","1.29470363728906"
"519","T","327","T","327","0.0435266007532957","T","327","0.837838386411441"
"520","M","328","M","328","0.00785587697631906","M","328","1.1628126386096"
"521","D","329","D","329","0.0203949144402598","D","329","0.927453232209511"
"522","G","330","G","330","0.150197815149109","G","330","0.754647958310885"
"523","E","331","E","331","0.0112615363875811","E","331","0.605030658280061"
"524","Y","332","Y","332","0.0183619922619306","Y","332","0.509284327350089"
"525","R","333","R","333","0.0148849769953991","R","333","0.594844481753765"
"526","L","334","L","334","0.0177008755849234","L","334","0.465165080254828"
"527","R","335","R","335","0.026002122481705","R","335","0.863669705113334"
"528","G","336","G","336","0.041718632881629","G","336","1.25855981656259"
"529","E","337","E","337","0.020956432448291","E","337","1.11307678378606"
"530","E","338","E","338","0.0134415637973222","E","338","0.857442387040603"
"531","K","339","K","339","0.173874128819538","K","339","0.750795932890297"
"532","K","340","K","340","0.0190818880394189","K","340","0.95811620821973"
"533","N","341","N","341","0.0375185150823941","N","341","0.886372399145935"
"534","F","342","F","342","0.028371401030971","F","342","0.683235107406578"
"535","L","343","L","343","0.00918088313750791","L","343","0.8780334063628"
"536","E","344","E","344","0.0303295552769019","E","344","0.958122143256184"
"537","L","345","L","345","0.0175318403578391","L","345","0.663938527007948"
"538","L","346","L","346","0.232332919504895","L","346","0.821112999284343"
"539","R","347","R","347","0.012573372148289","R","347","1.01617773420834"
"540","T","348","T","348","0.0103439647637492","T","348","0.949073885713853"
"541","A","349","A","349","0.040612750890743","A","349","0.754654567631247"
"542","D","350","D","350","0.124524651978803","D","350","0.913080169184919"
"543","L","351","L","351","0.0025728475931209","L","351","0.661815404764456"
"544","P","352","P","352","0.0127191693603683","P","352","0.566924784707731"
"545","V","353","V","353","0.0130282918367539","V","353","0.458485194204179"
"546","W","354","W","354","0.0168936825885978","W","354","0.316280468017477"
"547","L","355","L","355","0.0179803009739741","L","355","0.388022067171533"
"548","A","356","A","356","0.0394752114431045","A","356","0.491860946756766"
"549","Y","357","Y","357","0.0136358883761177","Y","357","0.406456965614737"
"550","K","358","K","358","0.175346178603157","K","358","0.396819621155707"
"551","V","359","V","359","0.019991520112082","V","359","0.500617829358473"
"552","A","360","A","360","0.00953305809152759","A","360","0.572498037889451"
"553","S","361","S","361","0.185162055090295","S","361","0.534329692033725"
"554","N","362","N","362","0.227374613759754","N","362","0.818348888400289"
"555","G","363","G","363","0.0448480496855773","G","363","0.847688234296911"
"556","I","364","I","364","0.150021481039054","I","364","0.849277836310532"
"557","Q","365","Q","365","0.0402168267070979","Q","365","0.916170780353281"
"558","Y","366","Y","366","0.043803311389586","Y","366","0.94433718572588"
"559","T","367","T","367","0.0243692366511814","T","367","1.25965266051796"
"560","D","368","D","368","0.0282660400641734","D","368","1.15540058127478"
"561","R","369","R","369","0.00875043229699686","R","369","1.02549160798394"
"562","K","370","K","370","0.509847314175539","K","370","1.06885518264021"
"563","W","371","W","371","0.0168936825885978","W","371","0.85785532220745"
"564","C","372","C","372","0.0167422658436962","C","372","0.945718540425666"
"565","F","373","F","373","0.0860907900639998","F","373","1.10221834395313"
"566","D","374","D","374","0.0442167545044359","D","374","1.07895192072323"
"567","G","375","G","375","0.0126390285200275","G","375","0.892451381447893"
"568","P","376","P","376","0.0101150584078654","P","376","0.933718482751974"
"569","R","377","R","377","0.00326020143905665","R","377","1.27855626875527"
"570","T","378","T","378","0.0184560583430718","T","378","1.01908411987804"
"571","N","379","N","379","0.02214174256593","N","379","0.86609510778102"
"572","A","380","A","380","0.00748009709736479","A","380","1.02709559738842"
"573","I","381","I","381","0.00782711497051497","I","381","1.08264694315162"
"574","L","382","L","382","0.0267391803607116","L","382","1.21565157572558"
"575","E","383","E","383","0.0258741764842768","E","383","1.52659490368327"
"576","D","384","D","384","0.0289145209023191","D","384","1.75809247390124"
"577","N","385","N","385","2.21411345051543","N","385","1.69549262675637"
"578","I","386","I","386","0.210537505932943","I","386","1.63408636572712"
"579","E","387","E","387","0.0374191248652671","E","387","1.42545074799914"
"580","V","388","V","388","0.0167449144418034","V","388","1.41651360368849"
"581","E","389","E","389","0.0411149726441397","E","389","1.50872838775965"
"582","I","390","I","390","0.0162629532387251","I","390",NA
"583","V","391","V","391","0.16361854000933","V","391",NA
"584","T","392","T","392","0.0276664097953592","T","392",NA
"585","R","393","R","393","0.0192345962123347","R","393",NA
"586","M","394","M","394","0.113781167280603","M","394",NA
"587","G","395","G","395","0.0485345605805824","G","395",NA
"588","E","396","E","396","0.0276374495557238","E","396",NA
"589","R","397","R","397","0.0103085496504581","R","397",NA
"590","K","398","K","398","0.0111583226628846","K","398",NA
"591","I","399","I","399","0.296365325631898","I","399",NA
"592","L","400","L","400","0.0258579760968194","L","400",NA
"593","K","401","K","401","0.0272649556113923","K","401","1.12385612143063"
"594","P","402","P","402","0.00685117454561261","P","402","0.8645792240655"
"595","R","403","R","403","0.0257867563546293","R","403","0.733313134486885"
"596","W","404","W","404","0.0168936825885978","W","404","0.610872759895918"
"597","L","405","L","405","0.0175649089410472","L","405","0.592722995115139"
"598","D","406","D","406","0.160980002537718","D","406","0.612711852385788"
"599","A","407","A","407","0.0104954155454315","A","407","0.839686576537336"
"600","R","408","R","408","0.0120457393915187","R","408","0.87575598881646"
"601","V","409","V","409","0.0142119951767295","V","409","0.962705710320476"
"602","Y","410","Y","410","0.0109763450834879","Y","410","1.23949103900055"
"603","A","411","A","411","0.0099558354206169","A","411","1.57611868315064"
"604","D","412","D","412","0.0222019442377583","D","412","1.56057855469769"
"605","H","413","H","413","0.0871675440200428","H","413","1.60989882263479"
"606","Q","414","Q","414","0.0297945174619608","Q","414","1.65790004549311"
"607","A","415","A","415","0.0380411302133978","A","415","1.35930665268626"
"608","L","416","L","416","0.0125732444924762","L","416","1.22109450669247"
"609","K","417","K","417","0.0357359083698389","K","417","1.59052114697259"
"610","W","418","W","418","0.0168936825885978","W","418","1.47715861482406"
"611","F","419","F","419","0.00603235430574529","F","419","1.16479461920885"
"612","K","420","K","420","0.0257306344679083","K","420","1.37351844716838"
"613","D","421","D","421","0.262927152058017","D","421","1.44399737760731"
"614","F","422","F","422","0.00631422232179638","F","422","1.12743223599209"
"615","A","423","A","423","0.0210673456207206","A","423","1.1303618902622"
"616","A","424","A","424","0.116036631129678","A","424","1.49259616941553"
"617","G","425","G","425","0.00289811940231836","G","425","1.3692064688035"
"618","K","426","K","426","0.0108224826971505","K","426",NA
