Codon,alpha,beta,beta-alpha,Prob[alpha<beta],Prob[alpha>beta],BayesFactor,PSRF,Neff
1,2.31506,1.32021,-0.994851,0.165456,0.770017,0.937885,1.00799,195.058
2,2.12914,1.39099,-0.738152,0.168895,0.766242,0.961344,1.0083,190.65
3,2.33798,1.22355,-1.11443,0.16273,0.772742,0.919435,1.00767,199.91
4,2.32826,1.23808,-1.09017,0.163191,0.772268,0.922545,1.00772,199.113
5,2.2764,1.25058,-1.02582,0.163939,0.771422,0.9276,1.00778,198.132
6,2.36922,1.25215,-1.11707,0.163225,0.772322,0.922777,1.00775,198.73
7,2.2764,1.25058,-1.02582,0.163939,0.771422,0.9276,1.00778,198.132
8,2.59039,6.76257e-06,-2.59039,6.52585e-06,0.91365,3.08715e-05,1.04164,57.0922
9,0.00421759,0.000157629,-0.00405996,0.00200002,0.0562609,0.00948029,1.00452,264.57
10,0.632523,0.0791337,-0.553389,6.89838e-06,0.999909,3.26338e-05,1.00768,199.715
11,0.715642,0.103947,-0.611695,0.000302387,0.998523,0.00143091,1.00962,173.707
12,0.0107574,0.0720819,0.0613245,0.856868,0.0050462,28.32,1.04915,49.7055
13,0.00362467,0.00014571,-0.00347896,0.00187629,0.0487219,0.00889268,1.00423,272.77
14,0.0419764,0.0720272,0.0300508,0.597523,0.0753081,7.02312,1.07536,34.7476
15,0.425023,0.00430265,-0.420721,2.12089e-06,0.999727,1.00331e-05,1.0249,86.9173
16,2.81436,0.00136079,-2.813,8.39182e-24,1,3.96985e-23,0.996897,1306.2
17,7.12501,0.0719191,-7.05309,3.1596e-55,1,1.49468e-54,1.01223,147.987
18,1.08156,0.000495946,-1.08106,1.63206e-13,1,7.72063e-13,1.00123,401.994
19,7.125,0.07233,-7.05267,2.00958e-52,1,9.50655e-52,1.01177,151.984
20,2.59039,6.72752e-06,-2.59039,6.49201e-06,0.91365,3.07114e-05,1.04165,57.0917
21,0.696694,0.000585709,-0.696108,1.63289e-09,1,7.72456e-09,1.03402,67.5024
22,0.32764,0.000426023,-0.327214,6.4704e-07,0.999579,3.0609e-06,1.0332,68.8716
23,0.0250939,0.0758482,0.0507543,0.723295,0.0328783,12.3657,1.07041,36.7756
24,0.895429,0.000611344,-0.894818,9.82842e-12,1,4.64945e-11,1.00349,296.359
25,0.926394,0.0777173,-0.848676,7.09245e-07,0.999992,3.35517e-06,1.00689,212.793
26,0.0815345,0.000461717,-0.0810728,5.9863e-06,0.994054,2.83191e-05,1.00954,174.705
27,0.156613,0.0776136,-0.0789993,0.0176669,0.411901,0.0850783,1.03517,65.6803
28,0.151695,0.0886532,-0.0630413,0.0551956,0.37528,0.276363,1.04293,55.6615
29,0.505547,0.000514761,-0.505032,5.35552e-08,0.99997,2.53349e-07,1.04344,55.1144
30,0.370723,0.0744737,-0.29625,0.00046564,0.931977,0.00220379,1.04617,52.3771
31,0.152965,0.000374511,-0.152591,4.81064e-06,0.997038,2.27574e-05,1.02964,75.5495
32,0.0859102,0.000476145,-0.085434,1.22196e-05,0.99393,5.78068e-05,1.01059,163.145
33,0.727651,0.000617206,-0.727034,6.48873e-10,1,3.06957e-09,1.0252,86.1132
34,0.241875,0.0726561,-0.169219,0.00099475,0.671953,0.00471047,1.03511,65.7673
35,2.81512,0.00134729,-2.81377,1.59327e-30,1,7.53713e-30,0.996436,1720.57
36,1.0128,0.000717628,-1.01208,1.54162e-13,1,7.29281e-13,1.00441,267.727
37,1.05387,0.000860713,-1.05301,1.48654e-13,1,7.03224e-13,1.00109,411.037
38,0.733701,0.15526,-0.578441,0.000613839,0.997152,0.00290562,1.01724,115.528
39,1.10369,0.0715679,-1.03212,0.0265253,0.829344,0.1289,1.05131,47.9456
40,0.0279031,0.146928,0.119025,0.804396,0.0344758,19.454,1.03485,66.1765
41,0.684021,0.284209,-0.399812,0.0138027,0.965805,0.066209,1.01797,111.975
42,0.677542,0.000782058,-0.67676,2.59217e-09,1,1.22626e-08,1.01799,111.892
43,0.441678,0.0735195,-0.368159,9.29923e-05,0.987141,0.000439951,1.04393,54.6012
44,0.753769,0.0731883,-0.68058,5.26087e-08,0.999999,2.48872e-07,1.00819,192.157
45,0.775413,0.0784243,-0.696988,1.99754e-06,0.999984,9.4496e-06,1.01474,129.703
46,0.565651,0.0722583,-0.493393,2.62633e-06,0.999571,1.24242e-05,1.06057,41.7175
47,0.439905,0.0727162,-0.367188,0.000121391,0.966113,0.000574322,1.03889,60.4406
48,0.381619,0.0741951,-0.307424,0.000375658,0.94552,0.00177776,1.04378,54.7638
49,0.454441,0.0757429,-0.378698,0.000630399,0.966792,0.00298406,1.04507,53.4472
50,1.28253,0.0716378,-1.2109,0.0171725,0.861962,0.0826558,1.05072,48.4139
51,1.7803,0.0726361,-1.70766,2.72364e-13,1,1.28845e-12,1.01478,129.418
52,2.81674,0.0731376,-2.74361,9.75483e-29,1,4.61463e-28,1.0266,82.4503
53,1.10299,0.0723987,-1.03059,1.48244e-10,1,7.01283e-10,1.00992,170.327
54,1.3903,0.0758346,-1.31447,2.20854e-12,1,1.04478e-11,1.01185,151.258
55,7.125,0.0734531,-7.05155,2.49151e-47,1,1.17864e-46,1.01119,157.263
56,0.190317,0.0756283,-0.114689,0.00496679,0.587978,0.0236133,1.03968,59.4304
57,0.147328,0.0783916,-0.0689368,0.020798,0.374406,0.100477,1.03651,63.6824
58,0.522557,0.078466,-0.444091,0.000143196,0.995788,0.0006775,1.04908,49.7646
59,0.143978,0.0787985,-0.0651799,0.0233529,0.356098,0.113115,1.03571,64.8543
60,0.636591,0.0730182,-0.563573,1.00808e-06,0.999965,4.76882e-06,1.02315,92.0952
61,0.936401,0.0732109,-0.86319,8.35977e-09,1,3.95468e-08,1.00851,187.654
62,6.68773,0.0726043,-6.61513,2.78238e-34,1,1.31624e-33,1.01195,150.433
63,0.44833,0.0822312,-0.366099,0.000164756,0.997859,0.000779525,1.0011,410.601
64,0.621511,0.0745774,-0.546933,2.48381e-06,0.999956,1.175e-05,1.01136,155.67
65,1.02284,0.0726681,-0.950176,2.71431e-09,1,1.28404e-08,1.00915,179.357
66,0.626922,0.0720235,-0.554899,4.6503e-07,0.999887,2.19988e-06,1.06228,40.7564
67,0.638569,0.0720582,-0.566511,3.22355e-07,0.999951,1.52494e-06,1.0591,42.5858
68,1.50982,0.0883852,-1.42144,3.54225e-10,1,1.6757e-09,1.00776,198.564
69,0.188752,0.0729914,-0.11576,0.00231396,0.538096,0.0109718,1.03334,68.6261
70,0.349002,0.120078,-0.228924,0.045648,0.7552,0.226272,1.05999,42.0564
71,0.269941,0.0733637,-0.196577,0.00132934,0.746237,0.00629697,1.03785,61.8051
72,0.196142,0.0741507,-0.121992,0.00342599,0.543356,0.0162628,1.03403,67.4835
73,0.967927,0.0715809,-0.896347,0.0994358,0.720532,0.522331,1.05497,45.2593
74,0.676562,0.0730876,-0.603474,1.86377e-07,0.999993,8.81677e-07,1.01252,145.608
75,0.434435,0.0741537,-0.360282,4.95322e-05,0.993867,0.000234329,1.04102,57.8198
76,0.107864,0.0723222,-0.0355418,0.00377629,0.258868,0.0179319,1.03515,65.7069
77,0.278678,0.0735423,-0.205136,0.000890921,0.801331,0.00421836,1.04277,55.8388
78,0.122677,0.0716447,-0.0510324,0.00110212,0.286199,0.00521946,1.0347,66.4065
79,0.797222,0.071949,-0.725273,1.53755e-08,0.999999,7.27357e-08,1.02051,101.241
80,0.847435,0.0768134,-0.770622,2.59946e-07,0.999996,1.2297e-06,1.01039,165.207
81,0.737735,0.0726639,-0.665072,2.85247e-08,0.999999,1.34939e-07,1.0081,193.477
82,2.58967,0.072166,-2.5175,5.46664e-16,1,2.58606e-15,1.06486,39.3936
83,0.819393,0.072089,-0.747304,1.11588e-08,0.999999,5.2788e-08,1.01587,122.861
84,0.913278,0.0762538,-0.837024,3.20836e-07,0.999996,1.51775e-06,1.00619,225.889
85,0.920898,0.0722761,-0.848622,4.59704e-09,1,2.17468e-08,1.00516,248.322
86,1.14998,0.0761707,-1.07381,5.87429e-10,1,2.7789e-09,1.01095,159.547
87,2.31466,0.0726406,-2.24202,1.14747e-13,1,5.42823e-13,1.04368,54.8658
88,0.513931,0.0813895,-0.432541,0.000382666,0.991527,0.00181094,1.0496,49.3284
89,7.125,0.0717433,-7.05326,1.35248e-49,1,6.39807e-49,1.01391,135.215
90,0.093878,0.0722707,-0.0216073,0.00536897,0.178768,0.0255356,1.03953,59.623
91,1.09969,0.0722037,-1.02749,1.12586e-10,1,5.32599e-10,1.00641,221.606
92,1.16194,0.10165,-1.06029,3.4009e-08,1,1.60883e-07,1.01158,153.708
93,0.524042,0.0723748,-0.451667,3.39645e-06,0.999478,1.60674e-05,1.04864,50.1477
94,2.35061,0.0721615,-2.27844,5.91562e-14,1,2.79845e-13,1.04477,53.7483
95,0.563413,0.0719416,-0.491471,3.521e-06,0.998895,1.66565e-05,1.05291,46.7274
96,0.62568,0.0724474,-0.553233,2.83578e-07,0.999982,1.3415e-06,1.02876,77.4243
97,0.185802,0.0742215,-0.111581,0.00476122,0.516888,0.0226313,1.03334,68.6293
98,0.948618,0.0727769,-0.875841,1.62875e-08,1,7.70498e-08,1.00524,246.296
99,0.828575,0.0723517,-0.756223,6.86203e-09,1,3.24616e-08,1.00686,213.282
100,0.100668,0.0719919,-0.0286762,0.00276335,0.206018,0.0131085,1.0363,63.9894
101,1.12408,0.0730809,-1.051,2.0714e-10,1,9.799e-10,1.01151,154.282
102,0.405643,0.0740579,-0.331585,0.000189197,0.975579,0.000895186,1.04417,54.3516
103,0.50728,0.0731637,-0.434116,0.000371949,0.910687,0.0017602,1.0393,59.9115
104,0.433014,0.073326,-0.359688,0.000173789,0.96472,0.000822272,1.04019,58.8063
105,7.125,0.105722,-7.01928,1.335e-38,1,6.31539e-38,1.00331,302.768
106,0.489059,0.0782468,-0.410812,0.000184587,0.991917,0.000873372,1.04515,53.3683
107,0.719587,0.176478,-0.543109,0.000766224,0.996384,0.00362749,1.02003,103.093
108,0.468936,0.255003,-0.213933,0.0806464,0.821703,0.414973,1.02054,101.119
109,0.461024,0.138287,-0.322737,0.00680516,0.970979,0.0324132,1.00097,419.738
110,2.44914,0.0738879,-2.37525,7.40786e-15,1,3.50437e-14,1.04344,55.1172
111,1.78741,0.127189,-1.66022,0.0463542,0.884807,0.229943,1.05051,48.584
112,0.555142,0.344911,-0.210231,0.115631,0.787848,0.618529,1.0284,78.225
113,0.749357,0.0787019,-0.670655,6.28182e-07,0.99999,2.97169e-06,1.01,169.459
114,0.616222,0.112541,-0.503681,0.00019847,0.998101,0.000939071,1.00882,183.57
115,0.414289,0.189192,-0.225097,0.026719,0.908732,0.129867,1.00297,315.406
116,0.699753,0.223894,-0.475859,0.00200338,0.992174,0.00949622,1.02072,100.43
117,0.238558,0.0957247,-0.142834,0.0186339,0.781333,0.0898234,1.07791,33.799
118,0.0500066,0.133269,0.0832628,0.714998,0.0980519,11.8679,1.01411,133.834
119,0.234709,0.0874918,-0.147217,0.0141003,0.725578,0.0676569,1.05686,43.9894
120,0.059908,0.0779125,0.0180045,0.50165,0.123939,4.76193,1.07415,35.2195
121,0.359981,0.0891756,-0.270806,0.00763646,0.874526,0.0364031,1.04635,52.2074
122,0.355632,0.0730274,-0.282604,0.000665436,0.855698,0.00315002,1.03709,62.8518
123,0.538993,0.118463,-0.420531,0.00426283,0.970594,0.0202521,1.06711,38.2844
124,0.253916,0.11123,-0.142686,0.0376844,0.777916,0.185251,1.07564,34.6407
125,1.20235,0.0730492,-1.1293,1.35208e-11,1,6.39615e-11,1.01754,114.067
126,0.468664,0.186341,-0.282324,0.0166747,0.940303,0.0802192,1.00726,206.37
127,5.45759,0.24393,-5.21366,0.0195331,0.962158,0.0942447,1.0291,76.695
128,0.377222,0.0861324,-0.29109,0.00210879,0.974609,0.00999693,1.04737,51.2655
129,0.179017,0.130801,-0.0482159,0.261576,0.471049,1.67575,1.03368,68.0621
130,0.492782,0.175244,-0.317538,0.00497306,0.974279,0.0236432,1.00514,248.718
131,1.06854,0.0924244,-0.976119,3.44402e-08,0.999999,1.62923e-07,1.0073,205.783
132,0.100717,0.072307,-0.0284099,0.0336472,0.214462,0.164714,1.08767,30.6439
133,0.209141,0.0956554,-0.113486,0.0368867,0.618811,0.18118,1.0486,50.179
134,0.238856,0.135449,-0.103407,0.112013,0.631987,0.596729,1.06837,37.6916
135,0.0401906,0.0722779,0.0320873,0.578348,0.0638964,6.48862,1.08007,33.0369
136,0.536639,0.0842399,-0.452399,0.000118617,0.998849,0.000561197,1.00708,209.463
137,1.03854,0.135033,-0.903504,1.24129e-06,0.999992,5.87206e-06,1.01015,167.793
138,0.72834,0.0839351,-0.644405,9.07861e-07,0.999987,4.29475e-06,1.01615,121.31
139,6.87858,0.0893394,-6.78924,3.75051e-31,1,1.77422e-30,1.0047,259.914
140,0.765009,0.254904,-0.510104,0.0016237,0.995254,0.00769361,1.0094,176.38
141,0.957527,0.0992674,-0.85826,1.04097e-07,0.999999,4.92444e-07,1.01124,156.836
142,0.29667,0.143624,-0.153046,0.0441765,0.833194,0.218641,1.05579,44.6967
143,0.494763,0.286679,-0.208084,0.0911471,0.804326,0.474424,1.02698,81.5136
144,0.866073,0.0718174,-0.794255,0.0837218,0.701666,0.432244,1.05527,45.0531
145,0.585999,0.0734821,-0.512517,7.405e-07,0.999974,3.50302e-06,1.01802,111.743
146,6.11057,0.237645,-5.87293,0.0157344,0.970169,0.0756233,1.0288,77.3413
147,1.25807,0.095066,-1.16301,8.70062e-10,1,4.11593e-09,1.00987,170.918
148,0.709171,0.0969,-0.612271,4.91986e-06,0.999926,2.32741e-05,1.0093,177.575
149,0.465362,0.117973,-0.347389,0.00202314,0.984899,0.00959009,1.01841,109.98
150,0.677009,0.220894,-0.456115,0.00237466,0.992724,0.0112603,1.01276,143.744
151,0.534813,0.163041,-0.371772,0.00380068,0.981338,0.0180481,1.00382,285.518
152,0.516335,0.0743757,-0.44196,4.58443e-05,0.995881,0.000216882,1.0506,48.514
153,0.552578,0.210519,-0.342059,0.0084711,0.96616,0.0404159,1.01677,117.949
154,0.555995,0.076321,-0.479674,8.45171e-06,0.999868,3.99821e-05,1.00681,214.236
155,3.25852,0.106881,-3.15164,1.26029e-21,1,5.96197e-21,0.997246,1105.13
156,0.271006,0.139971,-0.131035,0.0698778,0.764828,0.355399,1.06875,37.5163
157,2.40819,0.0753954,-2.3328,1.4096e-14,1,6.66827e-14,1.03269,69.7542
158,0.174029,0.096559,-0.0774703,0.0479419,0.540629,0.238215,1.06844,37.6574
159,0.415666,0.102623,-0.313043,0.00324894,0.963179,0.0154196,1.04897,49.8591
160,0.443963,0.131615,-0.312348,0.00270103,0.982853,0.0128122,1.00739,204.361
161,0.415251,0.133492,-0.281759,0.00730189,0.966374,0.0347965,1.02193,96.0887
162,7.12346,0.0817887,-7.04167,7.38656e-38,1,3.4943e-37,1.0064,221.703
163,0.239254,0.150407,-0.0888467,0.134008,0.645809,0.732039,1.0829,32.0988
164,1.03816,0.174596,-0.863568,2.04563e-06,0.999985,9.67711e-06,1.0132,140.352
165,2.81501,0.105571,-2.70944,1.34996e-20,1,6.38612e-20,0.997099,1181.74
166,0.718695,0.125531,-0.593164,0.0263991,0.89807,0.12827,1.0683,37.7261
167,0.649771,0.122463,-0.527308,0.000141306,0.998696,0.000668557,1.00682,213.991
168,0.174493,0.13684,-0.0376533,0.188186,0.451777,1.0966,1.10014,27.4687
169,0.614497,0.13271,-0.481786,0.000977449,0.994828,0.00462846,1.0156,124.421
170,0.850021,0.0747713,-0.775249,0.0434678,0.805543,0.214974,1.0481,50.6154
171,0.791818,0.171513,-0.620305,0.000208702,0.998742,0.000987497,1.01926,106.238
172,0.503405,0.0923294,-0.411076,0.000154212,0.998032,0.000729629,1.0067,216.047
173,1.79147,0.0946863,-1.69679,1.52536e-11,1,7.21591e-11,1.00039,464.231
174,0.527709,0.0722522,-0.455457,0.24201,0.473458,1.51038,1.064,39.8341
175,0.463533,0.174935,-0.288598,0.0199832,0.934634,0.0964606,1.00497,252.907
176,0.380125,0.155443,-0.224682,0.0195401,0.927761,0.0942788,1.01168,152.742
177,7.125,0.200994,-6.92401,3.50078e-40,1,1.65608e-39,0.999711,530.404
178,2.81189,0.0761751,-2.73571,1.55963e-18,1,7.37801e-18,1.03824,61.2838
179,0.302112,0.111981,-0.190132,0.00893462,0.912733,0.0426473,1.0624,40.6896
180,7.125,0.0728346,-7.05217,3.27158e-49,1,1.54766e-48,1.01174,152.251
181,0.983425,0.116984,-0.866442,8.0856e-06,0.999947,3.82502e-05,1.01191,150.716
182,0.530522,0.0728811,-0.457641,1.36908e-05,0.997524,6.47669e-05,1.05241,47.1019
183,0.35008,0.177594,-0.172486,0.0619546,0.841876,0.31244,1.00601,229.4
184,0.463806,0.169619,-0.294187,0.0106217,0.957706,0.0507866,1.00292,317.279
185,0.793579,0.095779,-0.6978,2.86741e-06,0.999967,1.35647e-05,1.01512,127.308
186,0.532448,0.0726157,-0.459832,1.71803e-06,0.999891,8.12734e-06,1.02215,95.3414
187,7.12212,0.105851,-7.01627,1.19891e-34,1,5.67156e-34,1.00378,286.625
188,1.34691,0.106845,-1.24006,3.4563e-10,1,1.63504e-09,1.00802,194.552
189,0.419581,0.0759711,-0.34361,0.000133475,0.991457,0.000631503,1.03939,59.7956
190,2.81479,0.0808077,-2.73398,6.68659e-21,1,3.16317e-20,1.01562,124.337
191,0.560387,0.133646,-0.42674,0.00136156,0.991824,0.0064498,1.01014,167.909
192,0.109342,0.0756028,-0.0337392,0.0179364,0.241929,0.0863998,1.03711,62.8244
193,1.06569,0.167143,-0.898545,3.01638e-06,0.999985,1.42694e-05,1.00764,200.3
194,0.741748,0.0952477,-0.6465,6.93279e-06,0.999933,3.27966e-05,1.01799,111.898
195,0.267284,0.133204,-0.13408,0.0502819,0.788606,0.250458,1.08085,32.7734
196,4.64174,0.108024,-4.53372,0.000221788,0.998847,0.00104943,1.07745,33.9658
197,1.48999,0.0777193,-1.41227,1.07723e-11,1,5.09596e-11,1.00957,174.333
198,0.542489,0.0855653,-0.456923,5.66504e-05,0.999458,0.000268007,1.00179,369.436
199,7.12456,0.091535,-7.03303,9.40398e-35,1,4.44866e-34,1.00473,258.966
200,0.844806,0.236341,-0.608464,0.000489822,0.998411,0.00231829,1.01497,128.245
201,2.81473,0.079929,-2.7348,7.9227e-20,1,3.74792e-19,1.01864,108.912
202,2.78534,0.101767,-2.68357,8.75048e-14,1,4.13951e-13,0.999803,520.304
203,0.52575,0.0768961,-0.448854,0.160323,0.548533,0.903237,1.05836,43.0378
204,2.83704,0.0736396,-2.7634,1.37317e-28,1,6.49592e-28,1.03062,73.5721
205,0.399518,0.116792,-0.282727,0.0117089,0.94226,0.0560466,1.04402,54.5105
206,0.837635,0.0846399,-0.752995,6.26836e-06,0.999948,2.96534e-05,1.0146,130.574
207,1.31329,0.07401,-1.23928,3.76767e-12,1,1.78234e-11,1.01418,133.39
208,0.524029,0.18997,-0.33406,0.00479163,0.97652,0.0227765,1.0152,126.809
209,2.81387,0.086831,-2.72704,5.06318e-17,1,2.39519e-16,1.01755,113.99
210,0.787038,0.0756438,-0.711394,2.22436e-07,0.999995,1.05226e-06,1.00846,188.429
211,0.812578,0.17795,-0.634628,0.000319466,0.998913,0.00151175,1.01336,139.127
212,2.3369,0.0878431,-2.24906,2.45883e-12,1,1.16318e-11,1.0127,144.205
213,2.80552,0.129079,-2.67644,5.81142e-14,1,2.74916e-13,1.01579,123.347
214,2.97029,0.160804,-2.80948,0.0074195,0.98027,0.0353611,1.02026,102.206
215,0.994203,0.0746337,-0.91957,1.87918e-09,1,8.8897e-09,1.00857,186.854
216,0.531472,0.0790157,-0.452456,3.10735e-05,0.999546,0.000147001,1.01432,132.426
217,0.84846,0.0768566,-0.771603,1.29144e-07,0.999998,6.1093e-07,1.01139,155.421
218,0.472583,0.107801,-0.364783,0.00136798,0.987987,0.00648023,1.03022,74.3703
219,1.11171,0.0827335,-1.02898,5.63329e-09,1,2.66489e-08,1.01102,158.886
220,1.2322,0.0764859,-1.15571,1.67202e-10,1,7.9097e-10,1.01522,126.728
221,0.81854,0.18586,-0.632679,0.000356559,0.998185,0.00168734,1.02063,100.771
222,0.203734,0.0908611,-0.112873,0.0272013,0.59928,0.132277,1.0516,47.7201
223,6.93554,0.0847554,-6.85079,2.9063e-32,1,1.37486e-31,1.00534,244.135
224,0.067759,0.390639,0.32288,0.935237,0.0308653,68.3149,1.17168,17.9296
225,0.46809,0.0841917,-0.383898,0.000210259,0.995255,0.000994866,1.04245,56.1911
226,0.156096,0.133051,-0.0230452,0.246611,0.343102,1.54849,1.05844,42.9912
227,0.829567,0.163853,-0.665714,5.57322e-05,0.999617,0.000263662,1.01885,108.014
228,0.328908,0.0816454,-0.247263,0.00223671,0.918476,0.0106047,1.05423,45.7775
229,0.926896,0.0834829,-0.843413,0.0056055,0.922354,0.026667,1.04436,54.1633
230,0.525242,0.214553,-0.310689,0.0166516,0.941543,0.080106,1.01502,127.958
231,3.17977,0.0874231,-3.09234,3.3927e-25,1,1.60496e-24,1.00144,389.362
232,0.767869,0.0805226,-0.687347,1.02569e-06,0.999986,4.85214e-06,1.01091,160.029
233,4.79686,0.0835509,-4.71331,2.27654e-31,1,1.07694e-30,1.00801,194.82
234,0.420143,0.156617,-0.263526,0.0240634,0.924251,0.116641,1.02023,102.306
235,2.81488,0.0796319,-2.73524,2.00915e-22,1,9.5045e-22,1.01764,113.563
236,0.547906,0.0798252,-0.46808,3.59456e-05,0.998856,0.000170051,1.0431,55.4757
237,0.435903,0.170289,-0.265614,0.0167773,0.938506,0.0807213,1.00411,276.453
238,0.474773,0.15851,-0.316263,0.00903286,0.963382,0.0431205,1.00572,235.585
239,0.140351,0.0998019,-0.0405493,0.101663,0.345067,0.535351,1.05469,45.4491
240,0.618301,0.0755821,-0.542719,8.94184e-07,0.999979,4.23004e-06,1.00895,181.872
241,0.488541,0.0730615,-0.41548,6.62466e-06,0.999432,3.13389e-05,1.02762,79.9864
242,0.678534,0.185612,-0.492922,0.00233863,0.990075,0.0110891,1.01545,125.32
243,1.10958,0.23166,-0.877917,7.83804e-05,0.999748,0.000370816,1.03048,73.8579
244,0.401258,0.146197,-0.255061,0.0077652,0.957285,0.0370216,1.02409,89.2383
245,1.551,0.0760331,-1.47497,0.00179394,0.957669,0.00850167,1.03308,69.0667
246,0.725003,0.0791629,-0.64584,0.028592,0.831754,0.139239,1.03502,65.9162
247,2.62362,0.105048,-2.51858,2.57002e-12,1,1.21578e-11,1.00519,247.497
248,0.473902,0.196841,-0.277061,0.0265567,0.919266,0.129057,1.00478,257.657
249,0.558229,0.141382,-0.416847,0.000543674,0.995596,0.00257331,1.00515,248.522
250,0.550344,0.106998,-0.443346,0.000274512,0.997321,0.00129897,1.00803,194.421
251,0.805454,0.0776592,-0.727795,4.63522e-07,0.999987,2.19274e-06,1.01934,105.912
252,1.1963,0.094915,-1.10139,1.23685e-09,1,5.85108e-09,1.0098,171.714
253,7.12475,0.0810161,-7.04373,3.43997e-40,1,1.62732e-39,1.00677,214.845
254,0.935687,0.167091,-0.768596,2.04619e-05,0.999868,9.67993e-05,1.01625,120.745
255,0.916422,0.158713,-0.757709,1.19965e-05,0.999909,5.67517e-05,1.01633,120.309
256,2.31615,0.147917,-2.16824,3.6992e-10,1,1.74995e-09,1.01327,139.84
257,0.81672,0.0893765,-0.727344,2.25522e-06,0.999966,1.06686e-05,1.00538,243.131
258,0.268303,0.126282,-0.142021,0.0477812,0.780571,0.237377,1.0711,36.4787
259,0.986188,0.0774364,-0.908752,4.38818e-08,0.999999,2.07588e-07,1.01074,161.709
260,0.563768,0.177,-0.386768,0.00165486,0.98989,0.00784148,1.01363,137.17
261,0.267552,0.119812,-0.147739,0.0729462,0.733433,0.372233,1.06252,40.627
262,0.747607,0.0773658,-0.670241,1.2405e-06,0.999979,5.86834e-06,1.00749,202.672
263,0.292469,0.139536,-0.152932,0.0291911,0.865222,0.142244,1.04405,54.4802
264,2.80792,0.130919,-2.677,3.92262e-14,1,1.85564e-13,1.0107,162.109
265,0.933618,0.0906382,-0.84298,6.00331e-07,0.999991,2.83994e-06,1.00645,220.742
266,0.58314,0.104404,-0.478736,7.14212e-05,0.99954,0.00033789,1.01639,119.971
267,0.422641,0.116826,-0.305815,0.00200499,0.982947,0.00950388,1.01569,123.892
268,1.1799,0.166244,-1.01365,3.32184e-08,1,1.57143e-07,1.0091,180.029
269,0.335055,0.161966,-0.173088,0.0374585,0.880006,0.184098,1.01519,126.911
270,0.519603,0.0981329,-0.42147,0.00029127,0.997524,0.00137829,1.0021,353.511
271,0.490349,0.101724,-0.388625,0.00024876,0.997254,0.00117708,1.00537,243.341
272,0.745712,0.0941946,-0.651518,9.70079e-05,0.999162,0.000458952,1.02025,102.231
273,2.81526,0.0951112,-2.72015,1.57843e-25,1,7.46693e-25,1.01116,157.556
274,0.432167,0.135919,-0.296248,0.012178,0.952904,0.0583195,1.00739,204.391
275,6.83916,0.075739,-6.76342,8.13326e-33,1,3.84753e-32,1.00933,177.187
276,0.326045,0.21991,-0.106135,0.151782,0.677051,0.846508,1.01676,118.025
277,0.259082,0.143063,-0.116019,0.0802314,0.748033,0.412651,1.0797,33.1646
278,0.748788,0.0745397,-0.674248,1.18545e-07,0.999997,5.60789e-07,1.00662,217.638
279,0.60102,0.14235,-0.45867,0.000466633,0.996066,0.00220849,1.00426,272.087
280,2.80973,0.0908186,-2.71891,2.65141e-15,1,1.25428e-14,1.00983,171.396
281,0.556254,0.144804,-0.41145,0.00100669,0.993676,0.00476707,1.00788,196.663
282,0.766157,0.0899628,-0.676194,6.65965e-06,0.999923,3.15044e-05,1.00804,194.292
283,1.00676,0.190468,-0.81629,7.36304e-06,0.999972,3.4832e-05,1.01041,165.07
284,0.583464,0.0733429,-0.510121,2.38189e-07,0.99999,1.12678e-06,1.01644,119.703
285,0.374639,0.0889928,-0.285647,0.00109673,0.979041,0.00519389,1.03401,67.526
286,0.22925,0.185314,-0.043936,0.262892,0.516168,1.68719,1.07189,36.1409
287,0.454992,0.288838,-0.166154,0.118512,0.752159,0.636008,1.02954,75.7616
288,7.11909,0.17834,-6.94075,1.05163e-27,1,4.97487e-27,1.00514,248.8
289,0.472901,0.162184,-0.310716,0.00780238,0.966912,0.0372003,1.0019,363.426
290,1.17432,0.200101,-0.974218,3.69181e-07,0.999998,1.74646e-06,1.01865,108.904
291,1.00533,0.162041,-0.843293,2.06164e-06,0.999986,9.75285e-06,1.01055,163.549
292,0.55456,0.0921494,-0.462411,0.000102793,0.998787,0.000486326,1.01159,153.605
293,0.563846,0.0780111,-0.485835,8.07625e-06,0.999856,3.82059e-05,1.00927,177.928
294,0.319576,0.128048,-0.191528,0.0252395,0.867299,0.12249,1.06716,38.2608
295,1.08961,0.0755266,-1.01408,1.28608e-09,1,6.08394e-09,1.01035,165.656
296,2.81532,0.106017,-2.7093,9.17651e-18,1,4.34105e-17,0.997373,1046.65
297,0.49625,0.293138,-0.203112,0.101742,0.792645,0.535819,1.02682,81.903
298,0.511532,0.127041,-0.384492,0.00134781,0.990261,0.00638457,1.01682,117.692
299,7.11105,0.205935,-6.90512,6.59116e-25,1,3.11802e-24,1.00296,315.774
300,0.859849,0.0905894,-0.769259,1.31523e-06,0.999978,6.22186e-06,1.00596,230.451
301,0.536243,0.0807097,-0.455533,2.90999e-05,0.999445,0.000137664,1.01662,118.768
302,7.12699,0.0732622,-7.05372,3.03825e-63,1,1.43728e-62,1.01095,159.628
303,0.598153,0.154383,-0.44377,0.00201453,0.990236,0.00954919,1.00752,202.286
304,0.508558,0.0795125,-0.429046,3.35326e-05,0.999329,0.000158635,1.01016,167.725
305,0.655178,0.133583,-0.521595,8.95556e-05,0.999495,0.000423691,1.01791,112.277
306,0.997644,0.0921517,-0.905492,1.40644e-07,0.999998,6.65333e-07,1.00997,169.774
307,7.125,0.080136,-7.04486,1.22632e-48,1,5.80123e-48,1.00714,208.433
308,0.887831,0.165654,-0.722177,3.15673e-05,0.999724,0.000149338,1.01264,144.687
309,2.81475,0.0999613,-2.71479,3.62148e-18,1,1.71318e-17,0.999469,558.79
310,0.449407,0.170472,-0.278936,0.00605069,0.966597,0.0287977,1.00227,345.256
311,0.982263,0.0785535,-0.90371,9.76117e-09,1,4.61763e-08,1.00413,275.848
312,0.445268,0.280277,-0.164991,0.186831,0.701003,1.08689,1.03287,69.4441
313,2.81481,0.153583,-2.66123,5.99263e-22,1,2.83488e-21,1.02309,92.2798
314,4.40575,0.0726051,-4.33315,1.22735e-32,1,5.80613e-32,1.02065,100.703
315,0.409768,0.140149,-0.269619,0.0232613,0.925929,0.112661,1.02183,96.4505
316,0.552282,0.36895,-0.183332,0.141236,0.758337,0.778014,1.02873,77.4809
317,0.914064,0.0783205,-0.835743,8.16734e-08,0.999998,3.86365e-07,1.00617,226.292
318,1.01204,0.225468,-0.786577,0.000282448,0.999218,0.00133653,1.02256,93.9813
319,0.810554,0.274937,-0.535617,0.00215189,0.99331,0.0102017,1.01766,113.472
320,0.493858,0.280945,-0.212912,0.0962494,0.804934,0.50381,1.02708,81.2895
321,0.493184,0.152528,-0.340656,0.00323846,0.981552,0.0153697,1.00962,173.802
322,0.407641,0.260734,-0.146907,0.115604,0.760184,0.618364,1.01931,106.042
323,2.81474,0.0953854,-2.71935,9.44234e-19,1,4.46681e-18,1.00047,457.864
324,0.123934,0.121217,-0.00271657,0.378086,0.308413,2.87592,1.02284,93.086
325,2.78013,0.151859,-2.62827,4.09828e-11,1,1.93874e-10,1.02425,88.7849
326,1.69127,0.194396,-1.49687,1.06786e-07,0.999999,5.05162e-07,1.01312,140.947
327,0.502588,0.132545,-0.370043,0.00136317,0.990544,0.00645742,1.00362,291.87
328,1.17619,0.111664,-1.06452,1.86477e-08,1,8.82153e-08,1.01072,161.915
329,2.82846,0.175333,-2.65313,1.3485e-22,1,6.37922e-22,1.03227,70.4896
330,0.689168,0.26423,-0.424938,0.00755767,0.97632,0.0360247,1.02176,96.6684
331,0.469685,0.250948,-0.218737,0.0700023,0.83176,0.35608,1.02059,100.918
332,0.412062,0.14211,-0.269952,0.0100957,0.954333,0.0482459,1.00604,228.845
333,2.81496,0.129403,-2.68555,3.54475e-18,1,1.67688e-17,1.01507,127.655
334,1.75453,0.19564,-1.55889,7.36955e-07,0.999997,3.48625e-06,1.01607,121.75
335,7.09573,0.140845,-6.95488,1.39687e-34,1,6.60804e-34,1.00171,374.023
336,0.56386,0.171933,-0.391926,0.00230041,0.987681,0.0109074,1.01119,157.25
337,0.987817,0.340726,-0.647091,0.435243,0.479086,3.64575,1.03863,60.7771
338,1.0177,0.125984,-0.891715,0.113019,0.766357,0.602771,1.03711,62.828
339,7.12489,0.110398,-7.01449,6.38196e-36,1,3.01906e-35,1.01102,158.88
340,0.631641,0.263007,-0.368634,0.0175929,0.952343,0.0847157,1.02382,90.0304
341,1.96661,0.191874,-1.77474,3.58548e-08,1,1.69615e-07,1.01408,134.021
342,0.144435,0.364711,0.220275,0.875899,0.0547677,33.3884,1.13344,21.7974
343,0.279101,0.131311,-0.147789,0.0465266,0.797881,0.230839,1.06934,37.2505
344,0.669056,0.0719363,-0.59712,1.88377e-08,0.999999,8.91138e-08,1.01131,156.156
345,0.316501,0.196349,-0.120152,0.145206,0.721965,0.8036,1.01391,135.194
346,0.51616,0.260156,-0.256004,0.0616717,0.8544,0.31092,1.02343,91.217
347,0.506261,0.0852197,-0.421042,0.000318407,0.995012,0.00150674,1.03514,65.719
348,0.58798,0.346415,-0.241565,0.073989,0.86325,0.37798,1.02418,88.9876
349,5.43313,0.117574,-5.31555,4.55007e-22,1,2.15246e-21,1.00087,426.602
350,0.644489,0.279988,-0.364501,0.015369,0.958741,0.0738397,1.02112,98.95
351,2.78071,0.205574,-2.57514,5.08973e-10,1,2.40775e-09,1.02447,88.1315
352,0.619924,0.246108,-0.373816,0.0118711,0.961506,0.0568325,1.02356,90.8214
353,0.319855,0.159275,-0.16058,0.0687859,0.807993,0.349436,1.04636,52.2046
354,0.517322,0.0943645,-0.422958,0.000269849,0.997329,0.0012769,1.0112,157.167
355,0.680599,0.163658,-0.51694,0.000904468,0.995299,0.00428256,1.01574,123.654
356,1.50551,0.0857804,-1.41973,1.17306e-11,1,5.54929e-11,1.0073,205.801
357,0.753262,0.238019,-0.515243,0.00137233,0.994079,0.00650089,1.02562,84.9788
358,0.37318,0.228474,-0.144706,0.122341,0.738262,0.659422,1.01484,129.087
359,0.663111,0.154984,-0.508127,0.000269085,0.997902,0.00127328,1.01253,145.568
360,0.578885,0.342583,-0.236302,0.088453,0.838538,0.45904,1.02409,89.2452
361,1.01543,0.119574,-0.895852,1.59824e-07,0.999998,7.56067e-07,1.01089,160.17
362,4.3978,0.121306,-4.27649,7.42321e-26,1,3.51163e-25,1.00851,187.743
363,0.589736,0.0779489,-0.511788,4.07761e-06,0.999904,1.92897e-05,1.01727,115.414
364,7.125,0.230147,-6.89485,8.12241e-47,1,3.8424e-46,1.0013,397.833
365,0.713515,0.205373,-0.508141,0.00522801,0.986904,0.0248617,1.0272,80.9805
366,0.333033,0.147635,-0.185398,0.0165066,0.917185,0.0793971,1.02173,96.7747
367,0.447447,0.103213,-0.344234,0.00084294,0.992222,0.00399099,1.00403,278.87
368,0.986952,0.158667,-0.828285,1.73966e-05,0.999901,8.22979e-05,1.01474,129.698
369,1.07517,0.0901457,-0.985026,2.03643e-08,1,9.63357e-08,1.00982,171.443
370,0.535273,0.199836,-0.335436,0.00759117,0.967803,0.0361856,1.0137,136.727
371,0.390464,0.258953,-0.131511,0.177546,0.684802,1.02121,1.02674,82.0991
372,0.322344,0.233621,-0.0887223,0.211018,0.625942,1.26523,1.01812,111.293
373,0.199261,0.108079,-0.091182,0.0641519,0.574192,0.324281,1.05727,43.7293
374,0.413744,0.0979495,-0.315794,0.00241751,0.981235,0.011464,1.00923,178.41
375,0.269522,0.228268,-0.0412533,0.314969,0.544458,2.17508,1.01677,117.96
376,0.343938,0.118699,-0.22524,0.0185038,0.876222,0.0891848,1.06092,41.518
377,0.7379,0.117083,-0.620818,2.94318e-05,0.999679,0.000139235,1.00686,213.225
378,4.91096,0.124279,-4.78668,1.22588e-05,0.99992,5.79923e-05,1.03206,70.8659
379,0.50523,0.22097,-0.284261,0.0296366,0.912401,0.144481,1.01317,140.601
380,0.512502,0.280783,-0.231719,0.0613144,0.852213,0.309001,1.02109,99.0731
381,0.383106,0.117364,-0.265742,0.00702751,0.958806,0.0334797,1.03635,63.9165
382,2.68121,0.358431,-2.32278,4.79043e-07,0.999997,2.26617e-06,1.00513,248.905
383,0.792014,0.231774,-0.56024,0.000829488,0.996743,0.00392724,1.02401,89.4662
384,1.01748,0.317964,-0.699513,0.000741763,0.997834,0.0035116,1.01607,121.759
385,0.45285,0.118462,-0.334389,0.00213513,0.985674,0.0101221,1.00601,229.521
386,0.735891,0.143005,-0.592887,5.98201e-05,0.999489,0.000283003,1.01614,121.381
387,1.04488,0.200425,-0.84445,3.46715e-05,0.999844,0.000164023,1.02558,85.0652
388,0.761247,0.279693,-0.481554,0.00306743,0.992088,0.0145555,1.00633,223.034
389,0.857267,0.146432,-0.710834,0.000106497,0.999393,0.000503848,1.01581,123.234
390,0.289571,0.0844287,-0.205142,0.00761491,0.778537,0.0362996,1.04398,54.5558
391,0.68271,0.291411,-0.391299,0.0182214,0.955367,0.0877983,1.0219,96.2085
392,7.12438,0.127233,-6.99715,5.10498e-30,1,2.41497e-29,1.00463,261.835
393,4.63625,0.237063,-4.39919,0.0218809,0.954196,0.105826,1.02205,95.6957
394,0.440102,0.245076,-0.195027,0.0714114,0.820478,0.363799,1.02117,98.7863
395,0.658524,0.09421,-0.564314,0.000156486,0.997607,0.000740389,1.06443,39.6142
396,0.517353,0.129414,-0.387939,0.0015571,0.990149,0.00737755,1.00234,341.889
397,0.256018,0.165678,-0.0903398,0.159797,0.675395,0.899707,1.05235,47.1526
398,0.807952,0.219596,-0.588356,0.000969622,0.996314,0.00459136,1.02693,81.639
399,0.440853,0.0813007,-0.359552,0.000718428,0.974101,0.00340105,1.04947,49.4396
400,0.550448,0.0879533,-0.462495,0.000294864,0.997916,0.0013953,1.01688,117.361
401,1.69546,0.0721782,-1.62328,1.56903e-14,1,7.42246e-14,1.01054,163.7
402,0.381819,0.171028,-0.210792,0.0472274,0.877788,0.234489,1.02211,95.47
403,0.466393,0.0945581,-0.371835,0.000422928,0.995889,0.00200155,1.00177,370.396
404,0.841,0.126558,-0.714442,2.37715e-05,0.999802,0.000112457,1.01159,153.544
405,0.492958,0.27526,-0.217699,0.097648,0.805484,0.511923,1.02494,86.8153
406,0.448845,0.0731697,-0.375676,0.000113582,0.986353,0.000537375,1.04654,52.0335
407,0.539825,0.168132,-0.371693,0.00507347,0.979322,0.024123,1.01159,153.57
408,1.05445,0.20325,-0.851197,4.32456e-06,0.999978,2.04579e-05,1.01777,112.952
409,0.553198,0.140124,-0.413074,0.00096475,0.993552,0.00456827,1.00551,240.1
410,1.01256,0.152927,-0.859635,2.2154e-06,0.999987,1.04802e-05,1.00891,182.379
411,1.1439,0.15986,-0.984038,1.80242e-07,0.999999,8.52657e-07,1.00741,204.054
412,0.565295,0.234108,-0.331187,0.0377667,0.912094,0.185672,1.02234,94.7058
413,0.460832,0.265034,-0.195798,0.0831857,0.806994,0.429225,1.02445,88.1909
414,0.688968,0.101879,-0.587089,4.8104e-05,0.999521,0.000227572,1.00685,213.51
415,0.493799,0.324138,-0.169661,0.159489,0.724774,0.897643,1.03313,68.9936
416,6.46787,0.23467,-6.2332,6.0227e-18,1,2.84911e-17,1.00286,319.679
417,0.688098,0.0817385,-0.60636,4.82818e-06,0.999941,2.28404e-05,1.00884,183.282
418,2.81475,0.0786354,-2.73612,1.83508e-20,1,8.68106e-20,1.02125,98.4822
419,0.501195,0.179845,-0.32135,0.00842839,0.964853,0.0402104,1.00359,292.984
420,0.515477,0.0791561,-0.436321,4.23358e-05,0.998752,0.000200283,1.03938,59.8074
421,1.09478,0.144201,-0.95058,1.79246e-07,0.999999,8.47946e-07,1.00829,190.745
422,0.586855,0.276593,-0.310263,0.035102,0.917522,0.172095,1.02123,98.56
423,1.04519,0.0849444,-0.960241,9.49298e-08,0.999999,4.49076e-07,1.00949,175.28
424,1.09349,0.157582,-0.935911,4.81186e-07,0.999996,2.27631e-06,1.01105,158.603
425,0.317247,0.176158,-0.141089,0.063467,0.80932,0.320584,1.01594,122.497
426,1.18559,0.075881,-1.10971,2.05729e-11,1,9.73226e-11,1.01495,128.34
427,0.626083,0.0886441,-0.537439,2.61647e-05,0.99966,0.000123778,1.01433,132.352
428,0.660752,0.267002,-0.39375,0.0096177,0.968707,0.0459395,1.02214,95.3865
429,0.262244,0.167911,-0.0943323,0.17775,0.631759,1.02264,1.06899,37.408
430,0.453462,0.462942,0.00948025,0.458536,0.404096,4.0061,1.02818,78.7176
431,0.401068,0.0760407,-0.325027,0.0001872,0.989288,0.000885735,1.03996,59.0848
432,0.234387,0.185797,-0.0485897,0.256936,0.531484,1.63574,1.06626,38.695
433,6.08295,0.0769941,-6.00596,3.24247e-06,0.99992,1.53389e-05,1.06383,39.927
434,0.289255,0.167825,-0.121431,0.107414,0.753144,0.569282,1.05074,48.397
435,0.405543,0.0754963,-0.330047,0.000432825,0.962111,0.00204842,1.04515,53.3728
436,0.646544,0.226752,-0.419792,0.00532299,0.979844,0.0253158,1.02281,93.1868
437,0.631296,0.592552,-0.038744,0.375959,0.49468,2.85,1.00432,270.306
438,0.880305,0.226171,-0.654134,0.000323923,0.998872,0.00153285,1.02188,96.2622
439,0.885448,0.217906,-0.667542,0.000507253,0.998089,0.00240084,1.02951,75.8182
440,7.125,0.32444,-6.80056,3.35065e-41,1,1.58506e-40,1.01153,154.122
441,0.602254,0.209021,-0.393233,0.00484063,0.980534,0.0230105,1.019,107.356
442,0.934202,0.115769,-0.818432,1.76089e-06,0.999984,8.33012e-06,1.01119,157.312
443,0.205407,0.103697,-0.101711,0.0515333,0.571158,0.25703,1.05349,46.3063
444,0.475866,0.164863,-0.311003,0.00687832,0.967846,0.0327641,1.00233,342.675
445,0.470824,0.129668,-0.341157,0.00342413,0.982718,0.0162539,1.00076,434.758
446,0.980549,0.277872,-0.702677,0.000648899,0.998071,0.00307168,1.02557,85.1091
447,32.9148,0.225349,-32.6895,3.4818e-05,0.999906,0.000164716,1.00595,230.71
448,1.08758,0.158632,-0.928947,1.12625e-06,0.999994,5.32788e-06,1.00858,186.73
449,0.822461,0.310893,-0.511568,0.00422841,0.988592,0.0200879,1.00997,169.77
450,0.280927,0.130535,-0.150392,0.0627548,0.739878,0.316746,1.06642,38.6171
451,0.4898,0.338292,-0.151508,0.181678,0.701601,1.05025,1.031,72.8511
452,0.967518,0.072058,-0.89546,5.94852e-08,0.999989,2.81401e-07,1.06006,42.0167
453,1.15429,0.39102,-0.763269,0.000731543,0.997842,0.00346318,1.01029,166.29
454,0.338091,0.193187,-0.144904,0.316012,0.580197,2.18561,1.0083,190.647
455,1.13516,0.0715135,-1.06365,0.0359492,0.809981,0.176403,1.05253,47.0112
456,0.435802,0.262007,-0.173794,0.130732,0.745166,0.711453,1.0264,82.9581
457,0.514053,0.666809,0.152756,0.686551,0.219244,10.3615,1.00296,315.872
458,0.702786,0.348124,-0.354661,0.0429645,0.919035,0.212373,1.01642,119.827
459,0.504053,0.510221,0.00616765,0.457207,0.416209,3.98471,1.01742,114.668
460,0.521944,0.240621,-0.281323,0.0498837,0.884755,0.24837,1.02306,92.3761
461,2.98561,0.328675,-2.65693,1.98639e-13,1,9.39684e-13,1.0032,306.512
462,0.30531,0.12988,-0.175429,0.0521237,0.784079,0.260136,1.05934,42.4402
463,0.83581,0.225364,-0.610445,0.000624205,0.997859,0.00295472,1.01854,109.387
464,1.10472,0.262722,-0.842,3.8478e-05,0.999864,0.000182031,1.04019,58.8037
465,0.324564,0.099299,-0.225265,0.0110576,0.871576,0.0528943,1.05339,46.38
466,0.467955,0.481683,0.0137278,0.455924,0.43256,3.96415,1.02757,80.1144
467,0.440386,0.231628,-0.208758,0.0621968,0.843123,0.313743,1.01428,132.683
468,0.943518,0.118248,-0.82527,7.51201e-06,0.999965,3.55367e-05,1.00626,224.341
469,0.65562,0.136645,-0.518975,0.000747864,0.996468,0.0035405,1.01768,113.392
470,0.457815,0.181357,-0.276458,0.0121088,0.951187,0.0579841,1.0071,209.098
471,0.647375,0.135757,-0.511618,0.00035404,0.997579,0.00167542,1.00921,178.602
472,0.228845,0.450614,0.221769,0.788552,0.126372,17.6418,1.12607,22.8032
473,0.560352,0.470734,-0.089618,0.298198,0.588826,2.01005,1.01798,111.947
474,0.730662,0.169994,-0.560667,0.000737402,0.996899,0.00349094,1.02137,98.0348
475,0.43167,0.379278,-0.0523916,0.344317,0.52566,2.48418,1.04082,58.0487
476,0.385546,0.191781,-0.193765,0.0733007,0.827214,0.374186,1.0136,137.396
477,0.66902,0.334663,-0.334358,0.0316642,0.932088,0.154689,1.01757,113.921
478,0.373332,0.318678,-0.0546547,0.293914,0.517812,1.96916,1.06478,39.4333
479,0.335494,0.36427,0.0287756,0.473605,0.349502,4.25621,1.09844,27.8557
480,0.38313,0.36869,-0.01444,0.402726,0.466454,3.18972,1.05189,47.5024
481,15.4815,0.358726,-15.1228,1.62674e-80,1,7.69546e-80,1.00166,376.464
482,0.406658,0.258758,-0.1479,0.123286,0.740101,0.66523,1.02664,82.3582
483,0.490604,0.116674,-0.37393,0.00261132,0.987686,0.0123855,1.00282,321.337
484,0.70843,0.24925,-0.45918,0.00388263,0.987996,0.0184388,1.01969,104.442
485,0.673184,0.0862066,-0.586977,7.32909e-06,0.999908,3.46714e-05,1.0081,193.414
486,0.401867,0.11235,-0.289517,0.00303735,0.974224,0.0144123,1.02255,94.0314
487,0.430986,0.284092,-0.146894,0.143472,0.711225,0.7924,1.0323,70.4404
488,33.0134,0.234791,-32.7786,4.62318e-05,0.999882,0.000218715,1.00845,188.488
489,0.163762,0.464882,0.30112,0.864806,0.0798159,30.2606,1.12271,23.3007
490,2.82257,0.0842155,-2.73836,2.90186e-19,1,1.37276e-18,1.01473,129.755
491,0.50892,0.235841,-0.273079,0.0459186,0.882966,0.227678,1.01434,132.308
492,0.647572,0.137063,-0.51051,0.000306486,0.997765,0.00145031,1.00878,184.121
493,0.325322,0.439982,0.11466,0.610523,0.270184,7.41546,1.06794,37.8898
494,0.051411,0.188204,0.136793,0.796674,0.0913967,18.5356,1.0061,227.683
495,0.351177,0.119192,-0.231986,0.0108576,0.931354,0.0519267,1.04061,58.3006
496,0.342904,0.0718995,-0.271005,0.000203848,0.8396,0.000964522,1.03467,66.4544
497,0.245525,0.499333,0.253808,0.760244,0.166824,15.0003,1.05267,46.9092
498,0.386003,0.117498,-0.268505,0.0682523,0.875562,0.346526,1.00713,208.581
499,0.418068,0.102326,-0.315741,0.00275694,0.976823,0.0130781,1.02786,79.4442
500,0.945589,0.263864,-0.681725,0.00100298,0.997233,0.00474949,1.027,81.4711
501,0.636049,0.211194,-0.424855,0.00444176,0.98357,0.021106,1.01964,104.657
502,0.493575,0.0745093,-0.419066,0.000110891,0.992988,0.00052464,1.04685,51.7489
503,0.933954,0.4331,-0.500854,0.0204126,0.959591,0.0985762,1.00612,227.154
504,0.112085,0.161718,0.0496332,0.485074,0.189406,4.45636,1.03071,73.4016
505,0.588753,0.316004,-0.272749,0.0689252,0.863506,0.350196,1.0239,89.8132
506,2.59299,1.72512,-0.86787,0.173197,0.762912,0.990962,1.00898,181.527